Make,Model,Year,Fuel_Type,Transmission,Engine_Size,Mileage,Horsepower,Torque,Owners,Accident_History,Service_History,Color,Body_Type,Drivetrain,Fuel_Efficiency,Location,Selling_Price,car_age_months
Mercedes-Benz,GLE,2024,Petrol,Automatic,2.3,100,186.0,196.0,1,0.0,,Silver,SUV,AWD,30.0,IL,64140,33
Hyundai,Tucson,2008,Petrol,Automatic,2.3,387035,189.0,190.0,4,0.0,,Blue,SUV,FWD,35.0,FL,500,225
Volkswagen,Golf,2021,Hybrid,,1.9,46054,158.0,153.0,1,0.0,Partial Service,Gray,Hatchback,AWD,43.0,NY,16429,69
Chevrolet,Tahoe,2005,Petrol,,2.2,141302,169.0,165.0,5,1.0,No Service,Blue,SUV,AWD,,FL,2199,261
Toyota,Camry,2022,Petrol,Automatic,1.9,32813,149.0,141.0,1,0.0,Full Service,Brown,Sedan,FWD,38.0,CA,21792,57
Chevrolet,Equinox,2008,Petrol,,2.7,60654,212.0,207.0,3,0.0,,Blue,SUV,AWD,25.0,TX,3421,225
Nissan,Sentra,2022,Petrol,Automatic,2.2,7444,,180.0,1,0.0,Full Service,Gray,Sedan,AWD,34.0,IL,17145,57
Mercedes-Benz,C-Class,2022,Petrol,Automatic,2.3,32133,180.0,162.0,1,0.0,Partial Service,Green,Sedan,FWD,35.0,NY,31416,57
BMW,X3,2023,Petrol,Automatic,,1553,203.0,179.0,1,0.0,Full Service,,SUV,AWD,25.0,FL,43914,45
Honda,Pilot,2020,Hybrid,Automatic,2.1,12494,178.0,168.0,1,,No Service,Blue,SUV,FWD,44.0,NC,22311,81
Hyundai,Santa Fe,2014,Petrol,Automatic,,176790,178.0,167.0,2,0.0,,Red,SUV,RWD,33.0,NY,4926,153
Volkswagen,Passat,2010,Petrol,Automatic,2.3,147198,,155.0,3,0.0,Partial Service,,Sedan,FWD,,NC,1022,201
Toyota,RAV4,2019,Diesel,,3.1,66811,233.0,211.0,1,0.0,Partial Service,Brown,SUV,AWD,25.0,OH,14479,93
BMW,X3,2024,Electric,,0.0,4423,,385.0,1,0.0,,Red,SUV,AWD,130.0,IL,49703,33
Mercedes-Benz,GLC,2009,Petrol,Automatic,3.1,163109,227.0,,4,0.0,Full Service,Gray,SUV,AWD,26.0,CA,5235,213
Mercedes-Benz,C-Class,2010,Petrol,Manual,2.0,17138,169.0,160.0,3,0.0,Partial Service,Blue,Sedan,FWD,27.0,NC,11728,201
Hyundai,Sonata,2020,Petrol,Automatic,2.4,61462,179.0,170.0,2,0.0,Partial Service,Brown,Sedan,FWD,,CA,13555,81
Chevrolet,Tahoe,2011,Petrol,Automatic,3.3,264441,258.0,252.0,4,0.0,Partial Service,Gray,SUV,AWD,22.0,TX,3395,189
Honda,CR-V,2024,Petrol,,3.4,100,271.0,260.0,1,0.0,No Service,Red,SUV,AWD,22.0,,24018,33
Mercedes-Benz,E-Class,2016,Petrol,Automatic,,53789,172.0,158.0,1,0.0,No Service,,Sedan,AWD,29.0,CA,23787,129
BMW,3 Series,2015,Diesel,Automatic,,173833,116.0,116.0,2,1.0,,Black,Sedan,FWD,35.0,NC,10558,141
Audi,Q7,2016,Petrol,Automatic,3.1,111537,243.0,219.0,2,0.0,Partial Service,Blue,SUV,AWD,21.0,FL,23314,129
Honda,Civic,2008,Petrol,Automatic,1.9,99945,148.0,,3,1.0,No Service,Black,Sedan,FWD,33.0,PA,500,225
BMW,X5,2021,Diesel,Automatic,2.6,49540,213.0,207.0,1,0.0,Partial Service,,SUV,FWD,,TX,44947,69
Honda,Accord,2021,Petrol,Automatic,1.7,60744,137.0,147.0,1,0.0,Full Service,Blue,Sedan,FWD,,FL,16814,69
BMW,5 Series,2018,Petrol,Automatic,2.0,42807,154.0,148.0,2,,No Service,Green,Sedan,FWD,41.0,NC,31593,105
BMW,X5,2013,Diesel,Automatic,2.3,261604,181.0,183.0,2,0.0,Full Service,Silver,SUV,RWD,,FL,11240,165
Hyundai,Sonata,2007,Petrol,Manual,2.3,188958,170.0,154.0,2,1.0,No Service,Black,Sedan,FWD,32.0,PA,500,237
Ford,Mustang,2010,Diesel,Automatic,3.1,34292,245.0,238.0,3,1.0,Partial Service,Brown,Coupe,RWD,23.0,FL,5739,201
Ford,F-150,2018,Petrol,Automatic,4.6,86124,334.0,317.0,1,0.0,No Service,,Truck,RWD,15.0,IL,13537,105
Volkswagen,Tiguan,2005,Petrol,Automatic,2.4,292861,178.0,177.0,3,1.0,No Service,Green,SUV,AWD,31.0,,500,261
Toyota,Camry,2021,Hybrid,Automatic,2.5,38991,205.0,207.0,1,0.0,Full Service,Green,Sedan,AWD,43.0,TX,18533,69
Chevrolet,Silverado,2006,Petrol,Automatic,,342829,399.0,369.0,5,0.0,Full Service,Green,Truck,RWD,10.0,NY,500,249
Hyundai,Santa Fe,2009,Petrol,Automatic,3.2,159873,239.0,219.0,4,1.0,No Service,Brown,SUV,RWD,31.0,NY,857,213
Audi,Q5,2019,Petrol,Automatic,2.7,104624,215.0,187.0,1,,Full Service,Green,SUV,AWD,26.0,GA,23357,93
Chevrolet,Malibu,2018,Hybrid,Automatic,1.8,109872,147.0,143.0,1,0.0,No Service,Gray,Sedan,FWD,35.0,PA,7461,105
BMW,X3,2022,Petrol,Automatic,,24031,240.0,220.0,1,0.0,No Service,,SUV,AWD,27.0,IL,33176,57
Toyota,Camry,2006,Petrol,Manual,1.9,26737,164.0,166.0,4,1.0,No Service,Silver,Sedan,FWD,38.0,OH,3239,249
Toyota,RAV4,2010,Petrol,Automatic,,96089,209.0,194.0,3,1.0,Full Service,Gray,SUV,AWD,34.0,OH,3400,201
Audi,A4,2021,Petrol,Automatic,,34375,201.0,181.0,1,0.0,,Gray,Sedan,FWD,30.0,IL,31213,69
Chevrolet,Malibu,2013,Petrol,Automatic,1.6,144687,149.0,133.0,3,0.0,Partial Service,,Sedan,FWD,34.0,MI,1931,165
Honda,Pilot,2013,Petrol,Automatic,3.4,146551,274.0,253.0,5,1.0,Full Service,,SUV,AWD,21.0,NC,5707,165
Nissan,Rogue,2005,Petrol,Automatic,2.5,143335,207.0,200.0,5,1.0,Partial Service,Green,SUV,AWD,35.0,TX,500,261
Chevrolet,Equinox,2013,Petrol,Automatic,3.1,87357,250.0,233.0,3,1.0,Partial Service,Green,SUV,FWD,27.0,TX,4880,165
Honda,Civic,2020,Petrol,Automatic,1.9,39421,154.0,152.0,1,0.0,Partial Service,Black,Sedan,AWD,,NC,12299,81
Audi,Q7,2014,Petrol,Automatic,3.4,103494,,255.0,3,0.0,Full Service,Gray,SUV,AWD,25.0,TX,20789,153
Honda,Pilot,2010,Petrol,Manual,2.2,6131,,145.0,3,1.0,Partial Service,Silver,SUV,AWD,,,9249,201
Nissan,Pathfinder,2016,Petrol,Automatic,,138988,184.0,188.0,2,0.0,Full Service,White,SUV,FWD,33.0,,10508,129
Ford,F-150,2014,Petrol,Automatic,3.8,101081,292.0,264.0,3,0.0,Full Service,Silver,Truck,4WD,,PA,9043,153
Honda,CR-V,2008,Petrol,Automatic,,145286,166.0,165.0,4,0.0,Partial Service,Blue,SUV,AWD,31.0,NY,500,225
Volkswagen,Tiguan,2009,Petrol,Automatic,3.4,136001,,228.0,3,1.0,Full Service,Brown,SUV,FWD,21.0,CA,1041,213
Volkswagen,Passat,2011,Petrol,Automatic,1.7,151656,124.0,116.0,3,1.0,,Gray,Sedan,AWD,45.0,CA,1133,189
Mercedes-Benz,C-Class,2015,Petrol,Automatic,2.0,131029,170.0,173.0,4,1.0,Full Service,Black,Sedan,FWD,,TX,11584,141
Toyota,Corolla,2023,Petrol,,1.4,21702,127.0,113.0,1,0.0,Partial Service,Black,Sedan,FWD,37.0,CA,17782,45
Volkswagen,Golf,2020,Diesel,Automatic,2.5,75581,202.0,198.0,1,0.0,Full Service,White,Hatchback,AWD,27.0,IL,13548,81
Volkswagen,Tiguan,2016,Petrol,,2.6,99139,185.0,182.0,2,0.0,Full Service,,SUV,AWD,32.0,CA,9962,129
Audi,A6,2016,Petrol,Automatic,1.8,88131,146.0,142.0,1,0.0,Partial Service,Silver,Sedan,FWD,37.0,PA,21730,129
Honda,Pilot,2016,Diesel,Automatic,3.0,67402,,214.0,2,,Full Service,Red,SUV,AWD,29.0,PA,14851,129
Nissan,Pathfinder,2010,Petrol,Automatic,3.3,189935,260.0,249.0,3,0.0,,Silver,SUV,AWD,25.0,PA,1099,201
Ford,Mustang,2007,Petrol,Manual,,259008,298.0,297.0,4,0.0,Partial Service,,Coupe,RWD,18.0,PA,500,237
Hyundai,Santa Fe,2005,Petrol,,3.2,139460,225.0,202.0,3,0.0,No Service,Gray,SUV,RWD,23.0,IL,500,261
Volkswagen,Tiguan,2018,Hybrid,Automatic,3.2,140050,232.0,,1,0.0,Partial Service,Silver,SUV,AWD,37.0,GA,10659,105
Volkswagen,Passat,2021,Petrol,Automatic,2.2,40037,166.0,184.0,1,0.0,Full Service,Brown,Sedan,FWD,28.0,PA,20629,69
Chevrolet,Silverado,2008,Petrol,Automatic,3.3,27272,,,3,0.0,No Service,Silver,Truck,RWD,29.0,MI,7078,225
Hyundai,Tucson,2023,Petrol,Automatic,3.3,7872,259.0,238.0,1,0.0,Partial Service,Blue,SUV,AWD,27.0,IL,24584,45
Audi,A6,2013,Diesel,Automatic,2.3,119978,,167.0,2,1.0,Partial Service,,Sedan,FWD,29.0,MI,7128,165
Ford,Escape,2021,Petrol,Automatic,2.3,35768,182.0,176.0,1,0.0,No Service,Black,SUV,AWD,,GA,17115,69
Mercedes-Benz,C-Class,2008,Petrol,Automatic,2.2,194102,,180.0,5,1.0,,Black,Sedan,FWD,29.0,OH,1363,225
BMW,X3,2014,Petrol,Automatic,3.3,19289,264.0,254.0,3,0.0,Partial Service,Green,SUV,AWD,27.0,TX,17912,153
Volkswagen,Atlas,2013,Petrol,Automatic,2.7,153835,203.0,197.0,2,0.0,No Service,Black,SUV,AWD,26.0,,5119,165
Nissan,Rogue,2006,Petrol,Manual,3.2,165946,253.0,257.0,4,1.0,Full Service,Blue,SUV,AWD,,CA,500,249
Mercedes-Benz,C-Class,2005,Petrol,Automatic,2.4,11796,197.0,183.0,5,,Full Service,White,Sedan,AWD,33.0,MI,6976,261
Toyota,Camry,2010,Petrol,Manual,,164444,114.0,99.0,4,1.0,Partial Service,,Sedan,FWD,43.0,GA,500,201
Volkswagen,Atlas,2023,Petrol,Automatic,,100,262.0,246.0,1,0.0,,Black,SUV,FWD,,,31199,45
Nissan,Rogue,2024,Petrol,Automatic,3.0,100,238.0,200.0,1,0.0,Full Service,Gray,SUV,AWD,27.0,TX,27785,33
Audi,Q7,2013,Petrol,Automatic,2.4,94209,,187.0,2,1.0,Partial Service,White,SUV,AWD,31.0,MI,15829,165
Ford,Escape,2020,Diesel,,3.3,51249,235.0,212.0,2,0.0,Full Service,Black,SUV,AWD,29.0,,15122,81
Hyundai,Santa Fe,2009,Petrol,Automatic,2.8,104700,,189.0,4,1.0,No Service,Blue,SUV,AWD,32.0,PA,2775,213
Hyundai,Tucson,2014,Diesel,,,109849,,225.0,2,0.0,Partial Service,Black,SUV,AWD,,MI,5469,153
Volkswagen,Golf,2006,Petrol,Manual,1.6,130231,140.0,137.0,3,1.0,Full Service,Blue,Hatchback,FWD,,CA,500,249
Nissan,Altima,2023,Hybrid,Automatic,1.8,9898,159.0,158.0,1,,No Service,Silver,Sedan,AWD,47.0,,17647,45
Audi,A6,2020,Petrol,Automatic,1.5,33019,123.0,,2,,,White,Sedan,AWD,39.0,IL,37348,81
Honda,Civic,2022,Diesel,Automatic,1.7,38807,,,1,0.0,Partial Service,Blue,Sedan,FWD,,OH,16623,57
Hyundai,Elantra,2009,Petrol,Automatic,1.8,280536,137.0,163.0,3,0.0,Partial Service,Gray,Sedan,FWD,,NC,500,213
Volkswagen,Golf,2011,Petrol,Automatic,1.5,166434,105.0,94.0,2,0.0,No Service,Black,Hatchback,FWD,38.0,CA,500,189
Ford,Explorer,2010,Petrol,Automatic,3.0,215602,228.0,222.0,2,1.0,Full Service,Black,SUV,AWD,34.0,TX,500,201
Hyundai,Sonata,2008,Petrol,,,197898,,133.0,3,0.0,Partial Service,White,Sedan,AWD,,,500,225
Ford,Escape,2011,Petrol,Manual,,179603,204.0,204.0,3,1.0,Partial Service,Gray,SUV,AWD,29.0,IL,500,189
Nissan,Sentra,2023,Petrol,Automatic,,100,173.0,152.0,1,0.0,Partial Service,Black,Sedan,FWD,32.0,NY,18291,45
Toyota,Highlander,2016,Hybrid,Automatic,3.1,93988,244.0,214.0,2,0.0,Partial Service,,SUV,AWD,46.0,NC,12916,129
BMW,X3,2017,Petrol,Automatic,2.3,56360,171.0,,1,,,Green,SUV,AWD,31.0,GA,23142,117
Ford,F-150,2021,Petrol,Automatic,5.6,25307,,392.0,1,0.0,,White,Truck,4WD,,CA,21569,69
Audi,Q5,2017,Hybrid,,2.5,60105,198.0,180.0,3,1.0,Full Service,White,SUV,RWD,46.0,OH,18962,117
Nissan,Pathfinder,2019,Petrol,Automatic,3.3,33121,258.0,240.0,3,,Partial Service,,SUV,AWD,,GA,18004,93
Mercedes-Benz,GLE,2013,Diesel,Automatic,2.9,134561,198.0,194.0,2,1.0,Full Service,Red,SUV,AWD,25.0,MI,15701,165
Nissan,Rogue,2014,Petrol,Automatic,2.5,7455,193.0,184.0,3,0.0,Partial Service,Blue,SUV,AWD,35.0,,10587,153
Chevrolet,Silverado,2019,Diesel,Automatic,3.1,58072,,230.0,1,1.0,No Service,White,Truck,4WD,25.0,NY,13621,93
Nissan,Pathfinder,2017,Petrol,Automatic,2.4,81910,,174.0,2,1.0,Partial Service,Brown,SUV,AWD,30.0,FL,12225,117
BMW,X5,2023,Petrol,Automatic,2.7,15617,231.0,225.0,1,0.0,Partial Service,Black,SUV,AWD,31.0,GA,52028,45
Hyundai,Elantra,2006,Petrol,Automatic,1.8,223278,129.0,,4,1.0,Full Service,Blue,Sedan,FWD,39.0,,500,249
Audi,A6,2022,Petrol,,1.8,15384,,156.0,1,0.0,Full Service,Red,Sedan,FWD,41.0,NC,48964,57
Audi,A6,2016,Diesel,Automatic,2.4,75636,172.0,170.0,2,0.0,No Service,Silver,Sedan,FWD,33.0,,21696,129
Chevrolet,Malibu,2022,Petrol,Automatic,2.5,4208,185.0,184.0,1,0.0,No Service,Silver,Sedan,FWD,33.0,,17487,57
Volkswagen,Golf,2015,Hybrid,,1.4,153975,135.0,117.0,2,0.0,Partial Service,,Hatchback,AWD,60.0,GA,3221,141
Nissan,Rogue,2009,Petrol,,2.9,53365,239.0,236.0,3,0.0,No Service,White,SUV,FWD,26.0,PA,4540,213
BMW,X5,2011,Petrol,Automatic,3.4,126630,272.0,247.0,3,1.0,Partial Service,Red,SUV,AWD,19.0,OH,11295,189
Chevrolet,Silverado,2011,Petrol,Manual,,106621,253.0,226.0,4,1.0,Partial Service,Gray,Truck,4WD,,PA,5233,189
Chevrolet,Equinox,2018,Petrol,Automatic,3.4,143441,262.0,231.0,1,,Full Service,Blue,SUV,AWD,25.0,TX,7429,105
Honda,Civic,2023,Petrol,Automatic,2.0,30707,179.0,162.0,1,0.0,Partial Service,,Sedan,FWD,28.0,TX,16462,45
Mercedes-Benz,E-Class,2016,Petrol,,2.3,126746,177.0,180.0,2,,Partial Service,Brown,Sedan,FWD,33.0,OH,17244,129
Ford,Explorer,2017,Hybrid,Automatic,2.4,119278,,168.0,2,1.0,No Service,Blue,SUV,FWD,43.0,FL,10079,117
Toyota,Highlander,2017,Diesel,Automatic,2.6,161361,193.0,164.0,1,,No Service,Gray,SUV,FWD,35.0,PA,8611,117
Audi,A4,2010,Petrol,,,115083,163.0,153.0,3,1.0,Partial Service,Brown,Sedan,FWD,38.0,GA,5513,201
BMW,3 Series,2005,Diesel,Automatic,1.5,158440,117.0,96.0,5,1.0,,Silver,Sedan,FWD,35.0,TX,500,261
Nissan,Pathfinder,2016,Petrol,Automatic,3.4,148734,250.0,246.0,2,0.0,Partial Service,Silver,SUV,AWD,26.0,TX,9628,129
Toyota,Camry,2007,Petrol,Manual,2.5,319481,206.0,199.0,4,0.0,,Green,Sedan,FWD,,TX,500,237
BMW,X3,2005,Petrol,,,100,229.0,211.0,4,0.0,Partial Service,Silver,SUV,AWD,,PA,9101,261
Honda,Accord,2023,Petrol,Automatic,1.6,10412,129.0,120.0,1,0.0,Full Service,Brown,Sedan,AWD,38.0,TX,27259,45
BMW,X5,2012,Petrol,,2.3,206943,,154.0,3,,Full Service,Gray,SUV,AWD,31.0,CA,10273,177
Volkswagen,Passat,2024,Petrol,Automatic,1.8,100,149.0,127.0,1,0.0,Partial Service,Blue,Sedan,AWD,40.0,FL,27550,33
Honda,CR-V,2007,Hybrid,Automatic,2.9,69220,226.0,205.0,3,1.0,Full Service,Silver,SUV,AWD,42.0,NC,2869,237
Chevrolet,Malibu,2017,Petrol,Automatic,1.6,104076,113.0,117.0,1,1.0,Partial Service,,Sedan,FWD,39.0,PA,6202,117
BMW,5 Series,2007,Petrol,Automatic,,204227,,135.0,4,,,Green,Sedan,FWD,34.0,CA,2571,237
Audi,Q7,2005,Petrol,,2.2,203979,183.0,164.0,4,,Full Service,Green,SUV,AWD,34.0,NY,1441,261
Hyundai,Elantra,2020,Hybrid,Automatic,,62545,,157.0,2,0.0,No Service,Brown,Sedan,FWD,58.0,OH,9852,81
Volkswagen,Tiguan,2021,Diesel,Automatic,,49531,,159.0,1,0.0,,Silver,SUV,AWD,,NY,19193,69
BMW,5 Series,2024,Petrol,Automatic,2.1,100,168.0,168.0,1,0.0,Full Service,Black,Sedan,FWD,40.0,IL,54788,33
Ford,Explorer,2012,Petrol,Automatic,2.4,157255,191.0,173.0,2,1.0,Full Service,Silver,SUV,FWD,31.0,IL,3710,177
Ford,Mustang,2020,Petrol,Automatic,5.0,45091,367.0,364.0,3,0.0,Full Service,Silver,Coupe,RWD,,MI,18908,81
BMW,3 Series,2013,Hybrid,,2.2,150015,180.0,167.0,2,,Partial Service,Silver,Sedan,AWD,39.0,CA,8873,165
Toyota,Camry,2012,Petrol,,1.6,215122,145.0,130.0,2,1.0,Partial Service,Gray,Sedan,FWD,39.0,TX,500,177
Hyundai,Elantra,2007,Petrol,Manual,,312178,127.0,123.0,5,0.0,Partial Service,,Sedan,AWD,37.0,CA,500,237
Ford,Mustang,2018,Petrol,,4.6,15990,,347.0,1,0.0,No Service,Red,Coupe,RWD,,TX,13306,105
Ford,F-150,2017,Petrol,Automatic,5.5,55298,400.0,374.0,2,0.0,No Service,Gray,Truck,4WD,10.0,IL,13574,117
BMW,5 Series,2013,Diesel,Automatic,2.2,135389,182.0,176.0,3,1.0,No Service,Silver,Sedan,FWD,35.0,CA,11140,165
Nissan,Altima,2019,Petrol,Automatic,1.7,25080,145.0,123.0,1,0.0,No Service,Red,Sedan,FWD,33.0,IL,12869,93
Audi,A4,2013,Petrol,Automatic,1.4,56456,107.0,104.0,4,0.0,Partial Service,Gray,Sedan,FWD,41.0,GA,11945,165
Volkswagen,Golf,2009,Petrol,Automatic,1.9,158108,,,3,,Partial Service,Black,Hatchback,FWD,39.0,CA,500,213
Honda,Civic,2016,Petrol,Automatic,2.3,44083,159.0,150.0,2,0.0,Full Service,Silver,Sedan,AWD,28.0,PA,8290,129
Toyota,Camry,2010,Petrol,,1.8,238425,156.0,140.0,2,0.0,Full Service,Gray,Sedan,FWD,33.0,FL,500,201
Nissan,Sentra,2018,Petrol,Automatic,,27223,180.0,177.0,2,,Partial Service,Black,Sedan,FWD,32.0,NY,10920,105
Honda,Civic,2021,Petrol,Automatic,1.5,34469,127.0,120.0,1,0.0,Partial Service,Silver,Sedan,FWD,39.0,NY,13197,69
Honda,Pilot,2009,Petrol,Automatic,3.2,218441,267.0,259.0,3,0.0,Partial Service,Brown,SUV,AWD,22.0,,500,213
Chevrolet,Silverado,2013,Diesel,Automatic,4.8,155182,359.0,349.0,2,1.0,Full Service,Brown,Truck,4WD,11.0,,4991,165
Audi,A4,2021,Petrol,Automatic,2.2,21023,187.0,174.0,1,0.0,Partial Service,,Sedan,FWD,31.0,CA,30664,69
Mercedes-Benz,GLE,2016,Petrol,Automatic,3.4,160855,256.0,236.0,1,0.0,,Blue,SUV,FWD,17.0,,22658,129
BMW,X3,2016,Petrol,Automatic,2.5,91223,194.0,191.0,3,1.0,Full Service,Red,SUV,FWD,35.0,PA,17042,129
Mercedes-Benz,E-Class,2013,Petrol,Automatic,,129192,198.0,187.0,2,1.0,Full Service,Red,Sedan,FWD,27.0,MI,14563,165
Audi,A4,2018,Diesel,Automatic,1.7,105664,128.0,129.0,2,1.0,Partial Service,Blue,Sedan,FWD,38.0,NY,15908,105
Audi,Q7,2017,Petrol,Automatic,2.9,98917,208.0,170.0,2,1.0,Partial Service,Red,SUV,AWD,28.0,NC,22376,117
Volkswagen,Golf,2011,Petrol,,1.7,155551,130.0,116.0,5,0.0,Full Service,Blue,Hatchback,FWD,37.0,CA,500,189
Chevrolet,Silverado,2009,Petrol,Manual,3.1,228762,221.0,225.0,5,,Full Service,Black,Truck,4WD,27.0,CA,500,213
Ford,Mustang,2008,Petrol,Manual,4.1,15882,311.0,292.0,4,,No Service,Blue,Coupe,RWD,20.0,OH,5159,225
Audi,Q5,2022,Electric,Automatic,0.0,27724,218.0,239.0,1,0.0,Full Service,Black,SUV,AWD,100.0,IL,40101,57
Toyota,Camry,2022,Petrol,Automatic,1.7,13382,127.0,110.0,1,,Partial Service,Green,Sedan,FWD,33.0,MI,19648,57
Toyota,RAV4,2016,Petrol,Automatic,3.3,49269,253.0,243.0,3,1.0,Full Service,Gray,SUV,AWD,24.0,OH,10309,129
Nissan,Sentra,2008,Petrol,Manual,1.5,257951,114.0,92.0,3,1.0,Partial Service,White,Sedan,FWD,33.0,OH,500,225
Nissan,Pathfinder,2005,Petrol,Automatic,2.7,303913,218.0,223.0,4,0.0,No Service,Black,SUV,AWD,31.0,MI,500,261
Mercedes-Benz,GLC,2012,Petrol,Automatic,2.3,197233,179.0,157.0,4,,,,SUV,AWD,33.0,,6627,177
Chevrolet,Silverado,2021,Petrol,Automatic,3.4,57350,254.0,241.0,1,0.0,Partial Service,Blue,Truck,4WD,24.0,MI,24439,69
Toyota,Corolla,2010,Petrol,,2.2,69613,,161.0,3,,,Gray,Sedan,FWD,36.0,CA,1055,201
Mercedes-Benz,C-Class,2006,Petrol,Automatic,,152498,197.0,195.0,5,1.0,Partial Service,,Sedan,FWD,,PA,1441,249
Hyundai,Elantra,2021,Petrol,Automatic,2.0,26374,,176.0,1,0.0,No Service,Red,Sedan,FWD,36.0,OH,12201,69
BMW,5 Series,2022,Diesel,Automatic,1.5,22576,120.0,114.0,1,0.0,Full Service,Blue,Sedan,FWD,38.0,FL,43707,57
Mercedes-Benz,GLE,2005,Petrol,Automatic,2.9,279614,231.0,236.0,4,0.0,Full Service,Gray,SUV,AWD,31.0,CA,500,261
Toyota,RAV4,2016,Petrol,Automatic,3.3,85383,257.0,249.0,1,0.0,Full Service,,SUV,AWD,24.0,NC,10486,129
Nissan,Rogue,2008,Petrol,,3.2,364830,242.0,,3,0.0,Partial Service,,SUV,AWD,28.0,NC,500,225
Toyota,Camry,2017,Petrol,Automatic,2.1,131825,156.0,147.0,3,1.0,Partial Service,White,Sedan,AWD,35.0,IL,5680,117
Ford,Explorer,2006,Hybrid,Automatic,3.3,208994,280.0,286.0,3,1.0,Partial Service,,SUV,AWD,33.0,IL,500,249
Audi,Q5,2007,Petrol,Automatic,2.3,285633,,179.0,5,1.0,,Red,SUV,FWD,,MI,500,237
BMW,5 Series,2011,Petrol,Automatic,2.0,262897,141.0,134.0,3,0.0,No Service,Gray,Sedan,FWD,32.0,NY,4622,189
Nissan,Altima,2020,Petrol,Automatic,1.9,54428,149.0,144.0,2,0.0,Partial Service,Gray,Sedan,FWD,35.0,NC,13918,81
Mercedes-Benz,E-Class,2008,Petrol,Manual,1.7,26507,,160.0,4,1.0,Partial Service,White,Sedan,FWD,36.0,IL,10211,225
Chevrolet,Silverado,2022,Petrol,,5.7,8300,,399.0,1,0.0,Partial Service,,Truck,4WD,10.0,,26668,57
Audi,Q7,2015,Hybrid,Automatic,2.1,72945,163.0,158.0,1,0.0,,Blue,SUV,AWD,50.0,FL,21825,141
Mercedes-Benz,E-Class,2019,Petrol,,1.5,76779,141.0,130.0,1,0.0,Partial Service,Blue,Sedan,FWD,34.0,,30978,93
Chevrolet,Silverado,2013,Petrol,Automatic,4.7,215425,338.0,313.0,2,1.0,Full Service,Blue,Truck,4WD,,OH,2572,165
Honda,Accord,2019,Hybrid,Automatic,2.5,15040,206.0,192.0,2,0.0,Partial Service,White,Sedan,AWD,42.0,IL,16818,93
Toyota,Highlander,2022,Petrol,Automatic,3.4,757,274.0,,1,,Full Service,Green,SUV,AWD,,NC,33594,57
Audi,A6,2017,Diesel,Automatic,2.3,114085,176.0,163.0,2,,Partial Service,Silver,Sedan,FWD,,GA,23499,117
Audi,A6,2023,Petrol,Automatic,2.3,4319,172.0,156.0,1,0.0,Full Service,Gray,Sedan,AWD,35.0,FL,49124,45
Chevrolet,Tahoe,2023,Petrol,Automatic,2.8,30537,221.0,215.0,1,0.0,Full Service,Blue,SUV,RWD,31.0,NY,43887,45
Honda,Civic,2007,Hybrid,Manual,1.8,245978,136.0,128.0,5,,,Brown,Sedan,FWD,57.0,TX,500,237
Honda,Pilot,2005,Petrol,,3.2,85556,245.0,216.0,4,1.0,Partial Service,Black,SUV,AWD,,FL,2557,261
Ford,Mustang,2011,Diesel,Automatic,3.8,17638,,,4,0.0,Full Service,Silver,Coupe,RWD,15.0,,7970,189
Toyota,Camry,2011,Petrol,,,179753,155.0,142.0,4,1.0,Partial Service,Green,Sedan,FWD,40.0,PA,500,189
Chevrolet,Equinox,2009,Hybrid,Automatic,2.9,156796,208.0,226.0,4,1.0,Full Service,White,SUV,AWD,37.0,NC,500,213
Audi,Q7,2006,Petrol,Automatic,2.6,260422,191.0,193.0,5,1.0,Full Service,Green,SUV,AWD,29.0,NY,500,249
Volkswagen,Passat,2020,Diesel,Automatic,2.3,65563,194.0,191.0,1,0.0,Partial Service,Blue,Sedan,AWD,32.0,NY,16774,81
Ford,Explorer,2021,Petrol,Automatic,2.3,30925,183.0,,1,0.0,No Service,Red,SUV,AWD,36.0,OH,23873,69
Audi,A6,2019,Petrol,Automatic,2.4,84366,,165.0,2,,No Service,,Sedan,FWD,34.0,PA,28422,93
Nissan,Sentra,2017,Petrol,Automatic,1.7,114634,149.0,142.0,2,,Partial Service,Brown,Sedan,AWD,33.0,MI,4847,117
Ford,Mustang,2008,Petrol,Automatic,3.3,318446,,250.0,2,0.0,,,Coupe,RWD,26.0,GA,500,225
Ford,F-150,2018,Petrol,,4.5,53509,336.0,325.0,2,0.0,Partial Service,Silver,Truck,4WD,17.0,GA,16037,105
Toyota,Camry,2019,Petrol,Automatic,1.8,55037,133.0,122.0,1,,Partial Service,Blue,Sedan,AWD,32.0,GA,14664,93
Hyundai,Elantra,2023,Petrol,Automatic,,3845,180.0,145.0,1,0.0,Partial Service,Black,Sedan,FWD,30.0,TX,19411,45
Chevrolet,Equinox,2009,Petrol,,,177567,242.0,225.0,2,,,Green,SUV,AWD,26.0,OH,500,213
Nissan,Sentra,2021,Petrol,Automatic,2.2,44779,,157.0,1,0.0,Partial Service,Green,Sedan,AWD,35.0,CA,12473,69
Hyundai,Santa Fe,2010,Petrol,Manual,3.3,148223,251.0,243.0,4,,No Service,Green,SUV,AWD,26.0,GA,2165,201
Hyundai,Sonata,2007,Petrol,Automatic,1.4,142870,123.0,104.0,3,0.0,Partial Service,Gray,Sedan,FWD,37.0,GA,500,237
BMW,X3,2016,Hybrid,Automatic,3.4,79676,264.0,265.0,3,0.0,Partial Service,Green,SUV,AWD,35.0,,17854,129
Ford,Escape,2011,Petrol,Automatic,2.9,68551,228.0,199.0,5,1.0,No Service,Gray,SUV,AWD,24.0,CA,3722,189
Honda,Accord,2024,Petrol,Automatic,2.0,100,160.0,153.0,1,0.0,Partial Service,White,Sedan,FWD,37.0,FL,27467,33
Chevrolet,Malibu,2022,Petrol,Automatic,2.5,28159,,164.0,1,0.0,No Service,Silver,Sedan,FWD,,NY,16915,57
Mercedes-Benz,E-Class,2024,Petrol,,2.3,787,194.0,172.0,1,0.0,Partial Service,White,Sedan,FWD,32.0,NY,57751,33
Nissan,Rogue,2008,Petrol,,2.4,234299,,178.0,5,0.0,Partial Service,Gray,SUV,FWD,29.0,NY,500,225
Mercedes-Benz,GLE,2008,Petrol,Automatic,3.2,282822,232.0,226.0,3,0.0,Partial Service,Black,SUV,AWD,,MI,1653,225
Ford,F-150,2022,Petrol,,,27147,398.0,381.0,1,0.0,No Service,Brown,Truck,RWD,12.0,IL,24212,57
Chevrolet,Silverado,2005,Petrol,Automatic,4.5,144649,354.0,356.0,4,1.0,No Service,Blue,Truck,4WD,15.0,GA,500,261
BMW,3 Series,2021,Diesel,Automatic,1.7,31419,140.0,142.0,1,0.0,Full Service,White,Sedan,FWD,40.0,FL,31512,69
Toyota,RAV4,2023,Hybrid,Automatic,3.4,26301,253.0,215.0,1,0.0,Partial Service,Brown,SUV,AWD,38.0,PA,22809,45
Nissan,Altima,2005,Petrol,Manual,1.6,226183,129.0,122.0,3,,,White,Sedan,FWD,36.0,CA,500,261
Audi,Q7,2018,Petrol,,2.9,20135,224.0,210.0,1,0.0,,,SUV,AWD,28.0,MI,35338,105
BMW,3 Series,2024,Hybrid,Automatic,1.9,691,163.0,150.0,1,0.0,Partial Service,Black,Sedan,FWD,55.0,MI,44480,33
Mercedes-Benz,GLE,2014,Petrol,,2.1,118788,181.0,174.0,3,,Partial Service,Red,SUV,FWD,35.0,FL,19307,153
Mercedes-Benz,GLE,2023,Petrol,Automatic,3.2,15943,231.0,218.0,1,0.0,Full Service,Black,SUV,AWD,29.0,,57485,45
Honda,Accord,2013,Petrol,,2.3,201451,193.0,187.0,2,,Full Service,,Sedan,FWD,29.0,GA,500,165
BMW,5 Series,2020,Hybrid,Automatic,1.8,74046,143.0,134.0,2,0.0,No Service,Brown,Sedan,AWD,58.0,IL,30464,81
Hyundai,Sonata,2022,Petrol,Automatic,,23455,133.0,133.0,1,0.0,Full Service,Green,Sedan,FWD,,OH,18769,57
Chevrolet,Malibu,2020,Petrol,Automatic,,84843,178.0,167.0,1,0.0,Full Service,Brown,Sedan,FWD,35.0,NC,12599,81
Ford,Explorer,2012,Petrol,Automatic,2.6,268944,,168.0,4,0.0,No Service,Black,SUV,AWD,,PA,500,177
Hyundai,Santa Fe,2018,Hybrid,Automatic,,129498,257.0,243.0,2,1.0,Partial Service,Brown,SUV,FWD,40.0,,10304,105
Hyundai,Sonata,2006,Petrol,Automatic,,308963,138.0,132.0,4,0.0,Partial Service,Gray,Sedan,FWD,38.0,,500,249
Ford,F-150,2016,Petrol,Automatic,4.5,56661,328.0,316.0,3,,Partial Service,Red,Truck,RWD,18.0,CA,10446,129
Ford,F-150,2021,Electric,Automatic,,59648,289.0,317.0,1,1.0,,Silver,Truck,4WD,118.0,FL,16479,69
Nissan,Pathfinder,2008,Petrol,Automatic,2.4,343038,191.0,188.0,3,1.0,Full Service,Green,SUV,AWD,27.0,TX,500,225
Chevrolet,Silverado,2022,Petrol,Automatic,3.7,26074,275.0,253.0,1,0.0,Full Service,Blue,Truck,4WD,22.0,IL,30292,57
Audi,A6,2015,Petrol,Automatic,1.6,146045,123.0,,3,1.0,Full Service,White,Sedan,FWD,37.0,CA,15255,141
Toyota,Corolla,2014,Hybrid,Automatic,1.9,186870,167.0,156.0,4,0.0,Full Service,Gray,Sedan,AWD,51.0,,500,153
Ford,Escape,2015,Electric,Automatic,,110746,350.0,385.0,3,0.0,Partial Service,Green,SUV,AWD,114.0,TX,6355,141
Ford,F-150,2013,Petrol,Automatic,3.6,56229,267.0,,3,0.0,Partial Service,Green,Truck,4WD,18.0,,8926,165
Hyundai,Elantra,2019,Hybrid,Automatic,2.2,73359,173.0,170.0,3,0.0,Partial Service,Black,Sedan,FWD,43.0,NC,9212,93
Chevrolet,Equinox,2013,Petrol,Automatic,2.8,136815,217.0,205.0,1,1.0,No Service,Gray,SUV,AWD,,FL,2621,165
Honda,Accord,2014,Petrol,,2.3,178179,185.0,188.0,3,1.0,Partial Service,Green,Sedan,FWD,29.0,PA,1922,153
Ford,Explorer,2005,Petrol,Automatic,,285789,,243.0,4,1.0,Full Service,,SUV,FWD,19.0,IL,500,261
Chevrolet,Silverado,2023,Petrol,Automatic,5.5,10807,408.0,400.0,1,,Full Service,White,Truck,4WD,13.0,GA,32213,45
Honda,Accord,2016,Hybrid,Automatic,1.9,120785,151.0,122.0,2,1.0,,Gray,Sedan,FWD,39.0,NC,5484,129
Honda,Accord,2019,Diesel,Automatic,2.4,89469,179.0,168.0,1,1.0,Partial Service,,Sedan,FWD,25.0,,10621,93
BMW,5 Series,2017,Petrol,Automatic,2.2,81533,,165.0,3,1.0,,White,Sedan,FWD,31.0,TX,21128,117
Hyundai,Santa Fe,2005,Petrol,Automatic,,259491,239.0,,4,,Full Service,Green,SUV,AWD,24.0,OH,500,261
Toyota,Highlander,2022,Hybrid,Automatic,2.9,22434,223.0,215.0,1,0.0,Full Service,White,SUV,AWD,35.0,MI,30481,57
BMW,5 Series,2022,Petrol,Automatic,1.8,28700,140.0,128.0,1,0.0,No Service,Brown,Sedan,FWD,,,42824,57
Ford,F-150,2017,Petrol,Automatic,4.1,65678,311.0,283.0,1,0.0,Full Service,Gray,Truck,4WD,,CA,15603,117
Volkswagen,Tiguan,2008,Hybrid,Automatic,,326510,222.0,208.0,2,0.0,Full Service,Blue,SUV,FWD,46.0,NY,500,225
Volkswagen,Atlas,2009,Petrol,Automatic,,93950,183.0,189.0,3,1.0,Partial Service,Brown,SUV,AWD,35.0,OH,3947,213
Honda,Civic,2021,Petrol,Automatic,1.7,51718,145.0,150.0,1,1.0,,Blue,Sedan,FWD,37.0,TX,12741,69
Nissan,Rogue,2010,Petrol,Automatic,2.8,203323,224.0,200.0,4,,Partial Service,Gray,SUV,AWD,31.0,FL,500,201
Ford,Mustang,2015,Petrol,,4.6,29652,346.0,315.0,2,,Full Service,Black,Coupe,AWD,17.0,GA,9645,141
Hyundai,Elantra,2015,Petrol,Automatic,2.3,63629,168.0,148.0,2,0.0,No Service,Gray,Sedan,AWD,29.0,FL,5216,141
Toyota,Highlander,2015,Petrol,Automatic,2.3,6230,,167.0,2,0.0,Partial Service,White,SUV,AWD,37.0,,15715,141
Volkswagen,Golf,2020,Petrol,Automatic,1.9,94489,144.0,135.0,1,0.0,Partial Service,White,Hatchback,FWD,,OH,11094,81
Toyota,Camry,2020,Petrol,Automatic,1.9,50451,162.0,143.0,2,1.0,Full Service,Red,Sedan,FWD,38.0,PA,12717,81
Volkswagen,Tiguan,2006,Petrol,Manual,2.8,335258,215.0,200.0,4,0.0,Full Service,Green,SUV,AWD,24.0,PA,500,249
Nissan,Sentra,2015,Petrol,Automatic,2.0,95896,160.0,,3,0.0,Partial Service,Blue,Sedan,FWD,37.0,CA,5008,141
Volkswagen,Passat,2014,Petrol,Automatic,1.9,236885,,131.0,3,1.0,Partial Service,Gray,Sedan,FWD,32.0,NC,500,153
Hyundai,Tucson,2015,Petrol,,2.3,18519,183.0,181.0,2,0.0,Partial Service,,SUV,AWD,32.0,TX,11496,141
Honda,Pilot,2020,Petrol,Automatic,2.6,68477,208.0,191.0,1,0.0,Partial Service,Gray,SUV,AWD,27.0,NY,22659,81
Volkswagen,Tiguan,2013,Petrol,Automatic,2.9,132485,,235.0,3,0.0,Partial Service,Gray,SUV,AWD,26.0,NC,4478,165
Volkswagen,Golf,2021,Petrol,,1.5,1533,134.0,101.0,1,0.0,No Service,,Hatchback,FWD,33.0,NY,16048,69
Hyundai,Santa Fe,2013,Petrol,Automatic,2.1,48186,180.0,166.0,3,0.0,Full Service,Gray,SUV,AWD,,MI,10017,165
Volkswagen,Tiguan,2023,Petrol,Automatic,,9831,,,1,0.0,No Service,Blue,SUV,AWD,,MI,24019,45
Audi,A6,2023,Petrol,Automatic,1.6,11932,139.0,114.0,1,0.0,Full Service,,Sedan,AWD,,GA,55318,45
Honda,Civic,2018,Petrol,Automatic,1.6,71619,119.0,114.0,2,0.0,No Service,Gray,Sedan,FWD,39.0,GA,7698,105
Chevrolet,Malibu,2014,Petrol,Automatic,1.6,173159,,133.0,3,1.0,Full Service,White,Sedan,FWD,40.0,GA,1189,153
Mercedes-Benz,E-Class,2006,Petrol,Automatic,2.0,171715,158.0,146.0,3,1.0,Full Service,Black,Sedan,AWD,31.0,MI,3197,249
Honda,Civic,2009,Hybrid,,2.2,233323,179.0,169.0,4,0.0,Partial Service,Black,Sedan,FWD,45.0,,500,213
Ford,F-150,2020,Petrol,Automatic,4.9,19238,382.0,337.0,2,0.0,Partial Service,Green,Truck,RWD,10.0,NY,23688,81
Ford,Explorer,2009,Petrol,Automatic,2.5,98204,205.0,185.0,5,0.0,,Blue,SUV,AWD,,,4430,213
Chevrolet,Tahoe,2013,Petrol,Automatic,2.5,163813,202.0,204.0,2,0.0,Partial Service,,SUV,RWD,34.0,OH,12059,165
Chevrolet,Malibu,2015,Hybrid,Automatic,2.4,111026,,192.0,2,1.0,Partial Service,Silver,Sedan,FWD,53.0,MI,4441,141
Toyota,RAV4,2014,Petrol,Automatic,2.3,81476,191.0,163.0,2,0.0,Full Service,Blue,SUV,AWD,33.0,MI,7908,153
Honda,CR-V,2023,Petrol,Automatic,3.2,11486,236.0,226.0,1,,Partial Service,Brown,SUV,AWD,20.0,OH,27679,45
Hyundai,Elantra,2005,Petrol,Automatic,1.7,355155,147.0,121.0,5,1.0,No Service,Black,Sedan,FWD,40.0,OH,500,261
Mercedes-Benz,C-Class,2015,Petrol,,,222680,154.0,,2,1.0,Full Service,Silver,Sedan,FWD,33.0,GA,8223,141
Honda,Accord,2013,Petrol,Automatic,1.6,130079,137.0,124.0,4,1.0,Partial Service,White,Sedan,FWD,40.0,IL,2995,165
Mercedes-Benz,GLE,2009,Petrol,Manual,2.8,137694,196.0,188.0,2,0.0,,Green,SUV,FWD,26.0,MI,11270,213
Ford,Explorer,2020,Diesel,Automatic,3.4,100,,252.0,2,,Partial Service,Red,SUV,AWD,30.0,PA,23428,81
Chevrolet,Equinox,2018,Petrol,Automatic,2.2,52780,,162.0,2,0.0,Full Service,Black,SUV,AWD,,MI,14103,105
Chevrolet,Silverado,2020,Diesel,Automatic,4.1,46026,300.0,278.0,2,0.0,No Service,Red,Truck,4WD,18.0,GA,20102,81
Honda,Accord,2011,Petrol,Automatic,1.5,66330,122.0,139.0,4,0.0,No Service,,Sedan,FWD,37.0,NY,4251,189
Honda,Civic,2008,Petrol,,1.5,151756,114.0,101.0,4,0.0,Partial Service,Red,Sedan,FWD,37.0,NY,500,225
Audi,Q5,2022,Petrol,Automatic,2.7,43003,209.0,197.0,1,0.0,,Red,SUV,FWD,28.0,OH,34436,57
Toyota,Highlander,2015,Petrol,Automatic,2.9,79026,213.0,215.0,1,0.0,Partial Service,,SUV,FWD,31.0,MI,12021,141
Chevrolet,Tahoe,2015,Hybrid,,,174323,224.0,219.0,3,0.0,No Service,Silver,SUV,AWD,38.0,NC,13259,141
Mercedes-Benz,C-Class,2024,Petrol,Automatic,1.9,4224,151.0,155.0,1,0.0,,White,Sedan,FWD,,MI,45787,33
Volkswagen,Atlas,2006,Diesel,Automatic,2.2,199417,174.0,161.0,4,,Partial Service,,SUV,AWD,33.0,IL,500,249
Audi,A6,2014,Petrol,Automatic,2.2,185585,178.0,162.0,3,1.0,Partial Service,Red,Sedan,AWD,30.0,IL,11975,153
Nissan,Altima,2007,Petrol,Automatic,1.5,191953,120.0,123.0,4,1.0,Partial Service,Red,Sedan,FWD,42.0,NC,500,237
Honda,Pilot,2010,Petrol,Manual,2.6,297498,217.0,230.0,4,1.0,Full Service,,SUV,FWD,33.0,OH,500,201
Volkswagen,Atlas,2017,Petrol,,2.3,80430,177.0,161.0,1,0.0,Partial Service,Red,SUV,AWD,,IL,14217,117
Chevrolet,Malibu,2005,Petrol,Automatic,2.3,341780,192.0,175.0,4,1.0,Partial Service,Blue,Sedan,FWD,36.0,MI,500,261
Honda,Pilot,2021,Petrol,,2.7,45129,202.0,173.0,1,0.0,Partial Service,Black,SUV,AWD,29.0,IL,26136,69
Audi,A4,2017,Petrol,,1.6,67750,125.0,120.0,2,1.0,,,Sedan,FWD,39.0,CA,17232,117
Ford,Mustang,2019,Petrol,Automatic,2.8,77810,228.0,232.0,2,1.0,,Black,Coupe,RWD,31.0,FL,11826,93
Ford,Explorer,2023,Diesel,Automatic,3.4,2676,258.0,242.0,1,0.0,Partial Service,,SUV,AWD,23.0,TX,32142,45
Honda,Accord,2015,Electric,Automatic,0.0,109254,315.0,,2,1.0,Partial Service,,Sedan,FWD,103.0,NY,5437,141
Chevrolet,Malibu,2006,Petrol,,2.4,118745,201.0,193.0,5,1.0,Full Service,,Sedan,FWD,30.0,GA,500,249
Audi,A4,2022,Hybrid,Automatic,2.0,100,148.0,136.0,1,0.0,Full Service,Red,Sedan,FWD,,TX,35947,57
BMW,3 Series,2023,Petrol,Automatic,1.6,9865,134.0,119.0,1,0.0,Partial Service,Blue,Sedan,FWD,39.0,NY,40072,45
Ford,Mustang,2013,Petrol,Manual,,116288,318.0,300.0,3,0.0,Full Service,,Coupe,RWD,20.0,,5139,165
Ford,Explorer,2018,Petrol,Automatic,3.3,106086,236.0,220.0,1,0.0,Partial Service,Red,SUV,AWD,21.0,,15333,105
Nissan,Rogue,2022,Petrol,Automatic,3.5,22813,260.0,231.0,1,1.0,,Brown,SUV,AWD,23.0,NC,17559,57
Hyundai,Tucson,2019,Petrol,Automatic,2.8,108085,226.0,,1,,Partial Service,Brown,SUV,AWD,27.0,NY,10926,93
Mercedes-Benz,GLE,2017,Petrol,Automatic,2.5,71272,196.0,181.0,3,,No Service,Green,SUV,AWD,28.0,CA,22756,117
Chevrolet,Silverado,2020,Petrol,Automatic,4.1,53300,294.0,284.0,1,1.0,Full Service,Green,Truck,4WD,23.0,PA,19618,81
Volkswagen,Atlas,2020,Petrol,Automatic,3.0,48962,242.0,232.0,1,,Partial Service,Brown,SUV,AWD,26.0,NY,21733,81
Chevrolet,Silverado,2011,Petrol,Automatic,4.7,99701,364.0,357.0,4,1.0,Full Service,Black,Truck,4WD,17.0,FL,5491,189
Mercedes-Benz,GLE,2024,Petrol,Automatic,2.2,100,,,1,0.0,Full Service,Green,SUV,AWD,30.0,OH,86692,33
Nissan,Rogue,2017,Petrol,Automatic,3.4,44525,245.0,240.0,2,0.0,Full Service,Silver,SUV,FWD,28.0,GA,12513,117
Ford,Mustang,2005,Petrol,Manual,4.6,126310,352.0,340.0,4,1.0,Partial Service,Green,Coupe,RWD,17.0,CA,500,261
Audi,Q7,2009,Petrol,,,143781,262.0,250.0,5,0.0,Full Service,Silver,SUV,RWD,23.0,NC,9106,213
Chevrolet,Tahoe,2007,Petrol,,2.9,266839,217.0,208.0,3,0.0,,Brown,SUV,AWD,,NC,500,237
BMW,X3,2006,Petrol,Automatic,2.9,233643,223.0,210.0,3,1.0,,White,SUV,AWD,23.0,NC,500,249
Chevrolet,Malibu,2015,Petrol,Automatic,1.8,167021,147.0,127.0,2,1.0,,,Sedan,FWD,28.0,NC,1937,141
Nissan,Pathfinder,2005,Petrol,,2.9,62467,231.0,217.0,5,1.0,Full Service,Brown,SUV,AWD,29.0,FL,3296,261
Honda,Civic,2024,Petrol,Automatic,2.4,2480,182.0,158.0,1,0.0,No Service,Brown,Sedan,FWD,39.0,,18616,33
Chevrolet,Malibu,2018,Petrol,Automatic,1.7,85066,,,2,0.0,Partial Service,Blue,Sedan,FWD,,FL,9474,105
Toyota,Highlander,2018,Petrol,Automatic,2.2,100333,160.0,135.0,3,0.0,,Silver,SUV,FWD,29.0,CA,14350,105
Honda,Civic,2012,Petrol,Automatic,1.8,234014,159.0,153.0,3,1.0,Full Service,Green,Sedan,FWD,,,500,177
Ford,Escape,2020,Electric,Automatic,0.0,50508,271.0,298.0,1,0.0,Full Service,Silver,SUV,AWD,121.0,,16610,81
Ford,Explorer,2007,Petrol,Manual,2.4,241368,183.0,158.0,5,0.0,No Service,,SUV,AWD,35.0,CA,500,237
Toyota,Camry,2010,Petrol,Automatic,2.3,42682,185.0,192.0,3,,,Black,Sedan,FWD,30.0,,4737,201
Mercedes-Benz,GLC,2011,Petrol,,3.2,235231,223.0,,3,0.0,,,SUV,AWD,23.0,GA,3790,189
Honda,Civic,2022,Petrol,Automatic,2.3,31956,177.0,,1,0.0,Partial Service,Red,Sedan,FWD,33.0,OH,16614,57
Chevrolet,Malibu,2018,Diesel,Automatic,1.9,108255,163.0,147.0,1,0.0,Partial Service,Red,Sedan,FWD,33.0,OH,8103,105
BMW,3 Series,2019,Diesel,Automatic,1.8,39036,143.0,132.0,3,0.0,Full Service,Gray,Sedan,FWD,39.0,OH,24333,93
Honda,CR-V,2021,Diesel,Automatic,,13541,190.0,177.0,1,0.0,Partial Service,Blue,SUV,AWD,36.0,IL,22016,69
Ford,Mustang,2022,Petrol,Manual,2.6,17777,208.0,193.0,1,0.0,No Service,Green,Coupe,RWD,30.0,MI,19994,57
Hyundai,Sonata,2011,Petrol,Manual,1.9,178523,153.0,139.0,3,1.0,,Brown,Sedan,FWD,36.0,NC,500,189
Audi,Q7,2007,Petrol,,3.1,95355,228.0,216.0,5,1.0,No Service,White,SUV,AWD,29.0,TX,5938,237
BMW,5 Series,2012,Petrol,Automatic,2.4,193228,189.0,173.0,3,1.0,Partial Service,Green,Sedan,FWD,35.0,TX,8008,177
Nissan,Sentra,2019,Petrol,Automatic,2.1,33283,156.0,155.0,1,0.0,No Service,Green,Sedan,FWD,35.0,NY,10451,93
Ford,Mustang,2008,Hybrid,Automatic,4.6,60657,,320.0,3,1.0,Full Service,Silver,Coupe,RWD,35.0,PA,3264,225
Volkswagen,Passat,2010,Petrol,Automatic,1.7,315614,144.0,136.0,5,,Full Service,Green,Sedan,FWD,35.0,OH,500,201
Hyundai,Elantra,2007,Petrol,Automatic,2.3,162221,189.0,173.0,3,,,Green,Sedan,FWD,31.0,IL,500,237
Ford,Escape,2015,Diesel,Automatic,2.8,88425,209.0,193.0,3,0.0,,Black,SUV,AWD,27.0,MI,6263,141
Mercedes-Benz,C-Class,2019,Petrol,Automatic,1.5,136875,,125.0,1,1.0,Partial Service,White,Sedan,AWD,36.0,,19757,93
Honda,Civic,2022,Petrol,Automatic,,17878,173.0,170.0,1,,,Gray,Sedan,FWD,32.0,NY,17611,57
BMW,3 Series,2010,Petrol,Automatic,2.4,132507,194.0,190.0,3,1.0,No Service,Black,Sedan,FWD,31.0,GA,4664,201
Toyota,RAV4,2013,Petrol,,3.4,210110,259.0,247.0,3,0.0,,,SUV,AWD,24.0,,691,165
Volkswagen,Passat,2006,Petrol,Automatic,,198237,179.0,169.0,4,1.0,Partial Service,,Sedan,FWD,31.0,PA,500,249
Honda,CR-V,2015,Petrol,Automatic,2.6,264621,220.0,211.0,2,,,Silver,SUV,AWD,28.0,GA,500,141
Ford,Explorer,2014,Petrol,Automatic,,82862,160.0,153.0,1,0.0,No Service,Silver,SUV,AWD,35.0,OH,9123,153
Honda,Accord,2022,Petrol,Automatic,2.1,41393,170.0,172.0,1,0.0,Full Service,Blue,Sedan,FWD,36.0,CA,20758,57
Honda,CR-V,2008,Petrol,Automatic,3.4,192719,272.0,,3,1.0,Full Service,,SUV,AWD,,CA,500,225
Volkswagen,Atlas,2007,Petrol,Automatic,2.3,199815,193.0,,3,0.0,Full Service,Black,SUV,FWD,,PA,500,237
Honda,Accord,2024,Petrol,Automatic,1.8,4809,131.0,,1,,Full Service,,Sedan,FWD,31.0,,27080,33
BMW,X5,2008,Petrol,,3.4,230363,244.0,225.0,3,1.0,Partial Service,Silver,SUV,AWD,,MI,3460,225
Mercedes-Benz,GLE,2021,Petrol,Automatic,3.5,18772,256.0,242.0,1,0.0,No Service,Gray,SUV,AWD,25.0,IL,40268,69
Honda,Accord,2010,Diesel,Automatic,2.5,103665,196.0,176.0,3,1.0,Full Service,,Sedan,FWD,,CA,2603,201
Mercedes-Benz,E-Class,2024,Petrol,,,1415,147.0,,1,0.0,Full Service,Red,Sedan,FWD,33.0,PA,56544,33
Ford,Escape,2006,Petrol,,,113294,244.0,228.0,5,0.0,Partial Service,Red,SUV,AWD,28.0,GA,500,249
Mercedes-Benz,E-Class,2006,Petrol,Automatic,,191071,123.0,,5,1.0,,Red,Sedan,FWD,35.0,IL,2090,249
Mercedes-Benz,C-Class,2006,Petrol,Automatic,1.5,167839,128.0,126.0,4,0.0,Partial Service,Silver,Sedan,FWD,32.0,CA,1077,249
Honda,Accord,2023,Petrol,Automatic,2.4,14196,,158.0,1,0.0,,Blue,Sedan,FWD,29.0,CA,22759,45
Toyota,Corolla,2006,Petrol,Automatic,1.5,250985,,94.0,5,1.0,Partial Service,Blue,Sedan,FWD,39.0,MI,500,249
Volkswagen,Golf,2016,Petrol,,,149900,,138.0,3,0.0,Full Service,Green,Hatchback,FWD,40.0,OH,4403,129
Nissan,Sentra,2012,Petrol,Automatic,1.5,158656,126.0,116.0,4,1.0,Full Service,Green,Sedan,AWD,43.0,TX,500,177
Ford,Explorer,2019,Petrol,,2.7,63076,217.0,207.0,1,1.0,Full Service,White,SUV,AWD,29.0,,16632,93
Mercedes-Benz,GLC,2010,Diesel,Manual,3.4,68982,276.0,,4,1.0,Full Service,Gray,SUV,AWD,23.0,NY,8615,201
Honda,Civic,2013,Petrol,Automatic,1.5,68276,122.0,107.0,3,,Partial Service,Blue,Sedan,FWD,41.0,,4931,165
Ford,Explorer,2020,Petrol,Automatic,2.2,102910,174.0,167.0,2,0.0,Partial Service,White,SUV,AWD,26.0,IL,20963,81
Ford,Explorer,2022,Diesel,Automatic,2.6,39310,179.0,173.0,1,0.0,Partial Service,Green,SUV,AWD,24.0,TX,27415,57
Audi,A4,2008,Petrol,Manual,2.0,241018,166.0,156.0,5,0.0,Full Service,Gray,Sedan,AWD,29.0,NY,500,225
Hyundai,Santa Fe,2006,Petrol,Automatic,2.0,367901,,164.0,5,,Partial Service,,SUV,AWD,33.0,CA,500,249
Chevrolet,Silverado,2023,Petrol,Automatic,4.7,9869,364.0,342.0,1,0.0,Partial Service,,Truck,RWD,13.0,CA,29903,45
Ford,Mustang,2015,Hybrid,Manual,3.0,168938,219.0,211.0,1,1.0,No Service,,Coupe,AWD,37.0,,3354,141
Ford,F-150,2022,Hybrid,Automatic,3.7,7028,264.0,252.0,1,0.0,Partial Service,,Truck,4WD,44.0,GA,25713,57
Mercedes-Benz,GLE,2016,Hybrid,Automatic,2.3,161095,174.0,158.0,3,1.0,No Service,Black,SUV,FWD,43.0,PA,16575,129
Honda,Civic,2020,Petrol,Automatic,1.9,23175,152.0,158.0,1,0.0,,,Sedan,FWD,36.0,,14506,81
Audi,Q5,2021,Hybrid,Automatic,2.6,51277,214.0,205.0,1,,No Service,Blue,SUV,AWD,,MI,29587,69
Toyota,Camry,2008,Petrol,Automatic,,247678,161.0,146.0,3,1.0,Full Service,Gray,Sedan,FWD,35.0,FL,500,225
BMW,5 Series,2021,Hybrid,Automatic,,57580,185.0,,1,1.0,No Service,Black,Sedan,AWD,52.0,,28739,69
Chevrolet,Malibu,2016,Electric,Automatic,,89187,378.0,415.0,3,0.0,No Service,Silver,Sedan,AWD,,NY,6102,129
Audi,Q5,2023,Petrol,Automatic,3.1,25362,239.0,214.0,1,0.0,Full Service,Black,SUV,AWD,,MI,43218,45
Nissan,Sentra,2019,Petrol,Automatic,1.9,84502,,139.0,2,,Full Service,Gray,Sedan,AWD,29.0,TX,7808,93
BMW,X3,2024,Petrol,Automatic,3.5,391,256.0,235.0,1,0.0,Full Service,Silver,SUV,AWD,25.0,NC,42015,33
Volkswagen,Passat,2016,Petrol,Automatic,1.6,29234,129.0,133.0,3,0.0,Partial Service,Green,Sedan,FWD,41.0,TX,11418,129
Toyota,Corolla,2023,Petrol,Automatic,2.4,3484,172.0,176.0,1,0.0,Full Service,Green,Sedan,FWD,26.0,PA,20871,45
Mercedes-Benz,GLC,2020,Hybrid,Automatic,3.1,58316,229.0,217.0,1,0.0,Partial Service,Gray,SUV,AWD,,PA,29909,81
Volkswagen,Tiguan,2013,Petrol,,2.1,151112,,159.0,3,1.0,Full Service,White,SUV,FWD,35.0,,3172,165
Ford,Explorer,2008,Petrol,Automatic,3.5,272550,280.0,267.0,5,,,White,SUV,AWD,21.0,IL,500,225
Audi,A6,2009,Petrol,Automatic,2.4,312290,182.0,162.0,3,0.0,,,Sedan,FWD,28.0,PA,500,213
Nissan,Altima,2014,Petrol,Automatic,,144776,149.0,,3,1.0,No Service,Black,Sedan,FWD,33.0,CA,2536,153
Chevrolet,Equinox,2013,Petrol,Automatic,,64407,204.0,198.0,1,1.0,,Black,SUV,AWD,31.0,GA,5841,165
Toyota,RAV4,2011,Petrol,,3.2,51382,244.0,212.0,3,1.0,Partial Service,White,SUV,AWD,31.0,PA,5178,189
Ford,Mustang,2017,Diesel,Manual,3.1,117351,238.0,231.0,1,1.0,Partial Service,Black,Coupe,RWD,26.0,TX,7263,117
Honda,CR-V,2023,Electric,Automatic,,15847,244.0,,1,0.0,Partial Service,,SUV,FWD,,MI,23966,45
Toyota,Camry,2021,Petrol,Automatic,2.0,100,147.0,136.0,1,0.0,Partial Service,Green,Sedan,FWD,35.0,,18867,69
Chevrolet,Equinox,2008,Petrol,Automatic,3.3,107281,265.0,259.0,5,1.0,Partial Service,Gray,SUV,AWD,26.0,MI,1164,225
BMW,X3,2016,Petrol,Automatic,2.7,35737,210.0,190.0,2,,No Service,Silver,SUV,AWD,23.0,MI,20383,129
Toyota,Camry,2012,Petrol,Automatic,2.2,170555,188.0,179.0,3,0.0,Partial Service,Red,Sedan,FWD,,TX,616,177
Mercedes-Benz,E-Class,2021,Petrol,Automatic,2.0,56553,163.0,,1,,Full Service,Red,Sedan,FWD,34.0,CA,44178,69
Audi,Q7,2015,Hybrid,Automatic,2.6,147456,224.0,217.0,3,1.0,Partial Service,,SUV,AWD,50.0,FL,15621,141
Audi,Q7,2021,Petrol,,2.2,67003,157.0,,1,0.0,Full Service,Gray,SUV,AWD,32.0,PA,42727,69
Audi,A4,2005,Petrol,,2.1,309119,168.0,149.0,5,1.0,Partial Service,Black,Sedan,AWD,33.0,IL,500,261
BMW,5 Series,2016,Petrol,Automatic,2.3,31274,195.0,183.0,2,1.0,Full Service,Silver,Sedan,FWD,29.0,IL,21741,129
Volkswagen,Atlas,2014,Petrol,Automatic,2.7,109447,236.0,,2,,No Service,Green,SUV,AWD,,CA,8661,153
Mercedes-Benz,C-Class,2023,Electric,Automatic,0.0,14332,318.0,349.0,1,,Full Service,,Sedan,FWD,108.0,,41815,45
Hyundai,Santa Fe,2009,Diesel,Manual,3.1,113187,225.0,215.0,3,1.0,No Service,Green,SUV,FWD,28.0,CA,2304,213
Honda,Civic,2021,Petrol,Automatic,2.1,27910,153.0,136.0,1,0.0,Full Service,White,Sedan,AWD,33.0,CA,15856,69
Mercedes-Benz,GLC,2019,Petrol,Automatic,2.2,94209,198.0,175.0,2,1.0,,Black,SUV,AWD,26.0,NY,19508,93
Honda,Pilot,2007,Petrol,Automatic,3.2,178406,,230.0,4,0.0,,Brown,SUV,AWD,,OH,500,237
Hyundai,Santa Fe,2018,Petrol,Automatic,2.4,86865,201.0,194.0,1,0.0,No Service,Green,SUV,FWD,35.0,NY,14427,105
Hyundai,Tucson,2018,Petrol,Automatic,3.0,72645,,205.0,3,0.0,No Service,White,SUV,AWD,28.0,,10859,105
Mercedes-Benz,E-Class,2013,Petrol,,,113491,137.0,125.0,2,0.0,Full Service,Silver,Sedan,AWD,34.0,TX,17575,165
Audi,A4,2015,Petrol,Automatic,1.8,167992,,147.0,2,1.0,No Service,,Sedan,FWD,35.0,CA,7895,141
Audi,Q5,2014,Petrol,Automatic,2.7,78098,204.0,207.0,3,0.0,,Red,SUV,FWD,27.0,NY,15026,153
Ford,Mustang,2008,Petrol,,4.2,312249,315.0,293.0,2,0.0,No Service,,Coupe,RWD,15.0,NC,500,225
Toyota,Corolla,2021,Electric,Automatic,0.0,31720,234.0,257.0,1,0.0,No Service,,Sedan,FWD,112.0,GA,12278,69
Nissan,Sentra,2024,Petrol,Automatic,2.1,9083,179.0,,1,0.0,Partial Service,Brown,Sedan,FWD,38.0,NC,19263,33
Mercedes-Benz,E-Class,2005,Petrol,Automatic,1.8,303717,,132.0,4,0.0,Partial Service,Red,Sedan,FWD,33.0,TX,500,261
BMW,3 Series,2017,Petrol,Automatic,1.8,122256,,129.0,3,0.0,Full Service,,Sedan,AWD,,,16641,117
Chevrolet,Silverado,2005,Petrol,,5.4,344920,406.0,404.0,4,1.0,No Service,Gray,Truck,4WD,10.0,IL,500,261
Mercedes-Benz,E-Class,2024,Petrol,Automatic,,100,137.0,127.0,1,0.0,Partial Service,Silver,Sedan,FWD,43.0,CA,53265,33
Nissan,Altima,2009,Petrol,Automatic,2.0,193939,163.0,144.0,4,,Full Service,Silver,Sedan,FWD,30.0,GA,500,213
Mercedes-Benz,E-Class,2022,Diesel,Automatic,2.2,11870,,,1,0.0,No Service,,Sedan,AWD,36.0,GA,42284,57
Nissan,Pathfinder,2015,Petrol,Automatic,2.9,110735,236.0,222.0,4,1.0,Partial Service,Gray,SUV,AWD,25.0,PA,8901,141
Mercedes-Benz,GLC,2019,Petrol,,3.1,27755,240.0,225.0,3,0.0,No Service,Silver,SUV,AWD,20.0,NY,24689,93
Hyundai,Elantra,2011,Petrol,Automatic,2.5,13602,182.0,154.0,3,1.0,,,Sedan,FWD,35.0,,4814,189
Mercedes-Benz,C-Class,2014,Petrol,,1.5,200751,128.0,,2,,,Blue,Sedan,FWD,37.0,CA,6373,153
Mercedes-Benz,GLC,2022,Hybrid,Automatic,2.0,100,155.0,140.0,1,0.0,Partial Service,Green,SUV,AWD,46.0,CA,39290,57
Hyundai,Sonata,2016,Hybrid,Automatic,,190355,118.0,116.0,2,1.0,No Service,,Sedan,FWD,59.0,PA,2064,129
Hyundai,Sonata,2007,Petrol,Automatic,2.5,212516,180.0,171.0,5,,,Brown,Sedan,FWD,31.0,OH,500,237
Toyota,Camry,2017,Petrol,Automatic,2.4,97272,,161.0,3,1.0,,Black,Sedan,AWD,33.0,NC,6441,117
BMW,X3,2005,Petrol,Automatic,,279157,241.0,216.0,5,1.0,Partial Service,Silver,SUV,AWD,29.0,NC,500,261
Honda,Pilot,2017,Petrol,,3.3,95782,270.0,,2,0.0,Partial Service,Brown,SUV,AWD,27.0,IL,15025,117
Chevrolet,Silverado,2011,Petrol,Automatic,3.0,133370,,207.0,4,1.0,Partial Service,Gray,Truck,4WD,26.0,GA,3926,189
Audi,A6,2017,Hybrid,Automatic,2.3,72179,191.0,175.0,2,1.0,Partial Service,,Sedan,FWD,43.0,FL,22906,117
Ford,Escape,2019,Hybrid,Automatic,2.8,56641,217.0,221.0,1,,No Service,,SUV,AWD,51.0,IL,10727,93
Audi,A6,2021,Petrol,Automatic,1.8,31452,,140.0,1,1.0,,White,Sedan,FWD,36.0,CA,35517,69
Volkswagen,Atlas,2010,Hybrid,,,194180,188.0,171.0,4,1.0,No Service,Gray,SUV,FWD,,PA,615,201
Toyota,Camry,2022,Petrol,Automatic,1.7,36811,141.0,152.0,1,1.0,Partial Service,Red,Sedan,FWD,42.0,NY,16596,57
Audi,A4,2014,Petrol,Automatic,1.6,112877,117.0,,1,,Full Service,White,Sedan,FWD,37.0,TX,10289,153
Nissan,Altima,2017,Electric,Automatic,0.0,78784,345.0,379.0,2,0.0,No Service,Brown,Sedan,FWD,,TX,8311,117
BMW,3 Series,2020,Diesel,Automatic,,40014,168.0,172.0,2,0.0,Full Service,,Sedan,FWD,44.0,MI,26826,81
Volkswagen,Golf,2022,Petrol,Automatic,2.0,35110,146.0,128.0,1,0.0,No Service,Green,Hatchback,AWD,33.0,CA,16071,57
BMW,X3,2022,Petrol,Automatic,2.6,33381,203.0,196.0,1,0.0,Partial Service,,SUV,AWD,33.0,GA,35457,57
Hyundai,Sonata,2011,Diesel,Automatic,2.1,284601,174.0,164.0,3,1.0,Full Service,Red,Sedan,FWD,33.0,OH,500,189
Mercedes-Benz,GLC,2022,Petrol,,2.6,26659,225.0,238.0,1,0.0,No Service,Blue,SUV,AWD,27.0,NY,34403,57
BMW,5 Series,2013,Petrol,Automatic,2.2,165813,179.0,166.0,4,0.0,No Service,Blue,Sedan,FWD,,MI,13145,165
Chevrolet,Malibu,2005,Petrol,Automatic,1.7,170529,134.0,,5,0.0,Full Service,Silver,Sedan,FWD,39.0,PA,500,261
Hyundai,Elantra,2022,Petrol,Automatic,,14831,160.0,151.0,1,0.0,Full Service,Green,Sedan,FWD,40.0,OH,17392,57
Ford,Mustang,2016,Petrol,Automatic,2.8,56355,197.0,181.0,2,0.0,Full Service,,Coupe,AWD,33.0,,16236,129
Audi,Q7,2009,Petrol,Automatic,2.5,105433,,193.0,4,1.0,Partial Service,Red,SUV,AWD,,TX,9153,213
Mercedes-Benz,E-Class,2022,Hybrid,Automatic,1.4,20012,101.0,85.0,1,0.0,No Service,Brown,Sedan,FWD,48.0,PA,42894,57
Toyota,RAV4,2021,Petrol,Automatic,2.2,30701,159.0,153.0,1,0.0,,,SUV,FWD,27.0,,20346,69
Volkswagen,Tiguan,2009,Petrol,Manual,3.4,279765,266.0,,3,1.0,Full Service,White,SUV,AWD,28.0,NC,500,213
Nissan,Sentra,2021,Petrol,Automatic,1.9,100,142.0,143.0,1,1.0,Full Service,Silver,Sedan,FWD,36.0,PA,14279,69
BMW,3 Series,2006,Petrol,Automatic,,257785,,122.0,3,1.0,,Gray,Sedan,FWD,,,500,249
Ford,Mustang,2021,Petrol,Automatic,4.0,17907,292.0,296.0,1,0.0,Partial Service,Brown,Coupe,RWD,23.0,,21871,69
Mercedes-Benz,GLE,2017,Petrol,Automatic,3.4,91283,266.0,257.0,2,0.0,Partial Service,Brown,SUV,AWD,26.0,FL,28772,117
Audi,A6,2023,Electric,Automatic,0.0,12861,218.0,239.0,1,0.0,Partial Service,Red,Sedan,FWD,108.0,PA,50310,45
Audi,Q5,2009,Petrol,Automatic,3.4,247884,,,4,1.0,No Service,Black,SUV,AWD,26.0,NY,500,213
Volkswagen,Atlas,2024,Diesel,Automatic,,100,191.0,168.0,1,0.0,,Blue,SUV,AWD,33.0,,34136,33
Volkswagen,Tiguan,2008,Petrol,Manual,2.6,209034,195.0,,5,1.0,Partial Service,Black,SUV,AWD,34.0,PA,500,225
Hyundai,Sonata,2008,Petrol,Manual,2.1,100,155.0,127.0,3,0.0,,White,Sedan,AWD,35.0,TX,6508,225
Ford,Escape,2015,Diesel,Automatic,2.7,142131,220.0,,3,1.0,Full Service,Brown,SUV,FWD,26.0,OH,4249,141
Hyundai,Elantra,2009,Diesel,,2.4,175900,165.0,166.0,5,0.0,Full Service,Black,Sedan,FWD,34.0,MI,500,213
Mercedes-Benz,GLE,2009,Petrol,Automatic,3.2,31818,236.0,230.0,3,1.0,,Blue,SUV,AWD,25.0,MI,13242,213
Mercedes-Benz,C-Class,2015,Petrol,Automatic,1.5,35361,115.0,117.0,3,0.0,Full Service,Green,Sedan,FWD,38.0,FL,19087,141
Honda,Civic,2015,Petrol,,2.1,228695,162.0,,2,1.0,Partial Service,Silver,Sedan,AWD,36.0,,500,141
Volkswagen,Atlas,2019,Petrol,Automatic,2.3,70676,187.0,180.0,1,0.0,No Service,White,SUV,AWD,27.0,IL,16963,93
Ford,Escape,2017,Petrol,,3.2,80485,251.0,,1,1.0,,Gray,SUV,RWD,26.0,OH,8740,117
Volkswagen,Passat,2021,Petrol,Automatic,2.1,20848,164.0,156.0,1,0.0,Full Service,Brown,Sedan,AWD,27.0,GA,21325,69
Toyota,Highlander,2012,Petrol,Automatic,3.2,59394,232.0,224.0,3,1.0,No Service,Brown,SUV,AWD,30.0,MI,7357,177
Hyundai,Elantra,2005,Petrol,Automatic,2.2,209279,181.0,180.0,5,1.0,Partial Service,Black,Sedan,AWD,34.0,CA,500,261
Hyundai,Sonata,2018,Petrol,Automatic,2.2,82999,170.0,164.0,1,0.0,Full Service,Silver,Sedan,FWD,37.0,IL,11424,105
Mercedes-Benz,GLE,2008,Petrol,Automatic,2.1,170933,185.0,187.0,3,0.0,Partial Service,Brown,SUV,AWD,31.0,NC,7039,225
Nissan,Sentra,2008,Petrol,Automatic,,165771,171.0,161.0,4,1.0,Full Service,Gray,Sedan,FWD,31.0,NC,500,225
BMW,X5,2014,Petrol,Automatic,,30314,179.0,164.0,2,1.0,Partial Service,Brown,SUV,AWD,37.0,IL,19713,153
BMW,X5,2015,Diesel,Automatic,2.2,111446,171.0,158.0,3,0.0,No Service,Blue,SUV,AWD,32.0,IL,21834,141
Ford,Explorer,2015,Petrol,Automatic,3.3,118728,247.0,242.0,2,0.0,No Service,Red,SUV,FWD,23.0,FL,9409,141
Audi,Q5,2017,Petrol,,3.0,39203,235.0,218.0,2,0.0,Full Service,Black,SUV,AWD,32.0,NY,23552,117
Honda,Civic,2007,Petrol,,1.8,211409,153.0,121.0,4,1.0,Partial Service,White,Sedan,FWD,35.0,NY,500,237
Ford,Explorer,2012,Hybrid,Automatic,2.9,257380,222.0,204.0,2,1.0,Full Service,Silver,SUV,AWD,46.0,NY,500,177
Volkswagen,Tiguan,2008,Petrol,Automatic,2.2,178395,174.0,164.0,4,0.0,Partial Service,,SUV,FWD,,MI,500,225
Volkswagen,Golf,2009,Petrol,Automatic,2.2,245518,,164.0,5,1.0,No Service,Brown,Hatchback,AWD,31.0,NY,500,213
Audi,A4,2024,Hybrid,Automatic,1.6,100,131.0,148.0,1,0.0,,Green,Sedan,AWD,71.0,CA,39789,33
Mercedes-Benz,GLE,2010,Petrol,Automatic,2.1,188134,176.0,169.0,3,1.0,Partial Service,Blue,SUV,FWD,36.0,,8119,201
Honda,Accord,2008,Petrol,Automatic,1.7,86045,145.0,138.0,3,1.0,Partial Service,Silver,Sedan,FWD,,MI,2044,225
Honda,Civic,2011,Petrol,Automatic,2.3,290556,187.0,181.0,4,1.0,Full Service,Silver,Sedan,FWD,33.0,,500,189
Mercedes-Benz,GLE,2020,Petrol,Automatic,2.9,66471,211.0,,1,,,Gray,SUV,AWD,,IL,33340,81
Mercedes-Benz,GLC,2010,Petrol,Automatic,2.5,117607,187.0,184.0,4,0.0,Full Service,Red,SUV,AWD,26.0,IL,8675,201
Honda,Pilot,2012,Petrol,,2.1,227979,155.0,147.0,5,1.0,Partial Service,Black,SUV,AWD,33.0,CA,1570,177
Nissan,Altima,2020,Petrol,Automatic,1.6,74730,145.0,143.0,2,0.0,Partial Service,Green,Sedan,FWD,30.0,,13106,81
Volkswagen,Tiguan,2013,Petrol,Automatic,2.7,144148,,204.0,1,0.0,Full Service,Red,SUV,AWD,32.0,CA,4267,165
Nissan,Rogue,2017,Petrol,,2.2,67560,,149.0,3,,,Gray,SUV,AWD,32.0,OH,9505,117
Toyota,Highlander,2013,Petrol,,2.3,220477,176.0,169.0,3,1.0,No Service,Blue,SUV,RWD,32.0,,2165,165
Toyota,Corolla,2006,Petrol,Manual,1.7,225437,,,3,1.0,Partial Service,Black,Sedan,AWD,40.0,NY,500,249
Chevrolet,Equinox,2013,Petrol,Automatic,2.2,153286,163.0,162.0,3,1.0,Full Service,Silver,SUV,AWD,37.0,MI,2312,165
Mercedes-Benz,GLE,2021,Petrol,Automatic,3.5,54019,257.0,242.0,1,0.0,Partial Service,Red,SUV,AWD,26.0,GA,43760,69
Honda,CR-V,2021,Electric,Automatic,0.0,79950,317.0,348.0,1,0.0,,Blue,SUV,RWD,94.0,MI,18223,69
BMW,X5,2022,Petrol,Automatic,,19113,200.0,196.0,1,0.0,No Service,Blue,SUV,FWD,31.0,IL,44314,57
Hyundai,Sonata,2020,Petrol,Automatic,2.0,62585,164.0,145.0,1,0.0,Full Service,,Sedan,FWD,32.0,PA,15114,81
Toyota,Camry,2006,Petrol,Automatic,1.8,357634,154.0,157.0,5,,Full Service,Red,Sedan,FWD,42.0,GA,500,249
Chevrolet,Silverado,2016,Petrol,Automatic,3.2,138511,241.0,218.0,2,1.0,Full Service,White,Truck,4WD,28.0,GA,9519,129
BMW,X5,2011,Petrol,Automatic,3.3,229650,238.0,223.0,3,1.0,Partial Service,Blue,SUV,AWD,24.0,OH,7157,189
Toyota,Corolla,2016,Electric,Automatic,0.0,86160,332.0,,1,0.0,Full Service,,Sedan,AWD,117.0,NC,6410,129
Nissan,Rogue,2023,Petrol,Automatic,3.3,5606,254.0,219.0,1,0.0,Full Service,Gray,SUV,AWD,23.0,MI,24859,45
Honda,Civic,2009,Petrol,Automatic,2.1,195162,163.0,167.0,2,1.0,Full Service,Brown,Sedan,FWD,36.0,PA,500,213
Honda,Civic,2009,Diesel,Automatic,2.3,321256,175.0,154.0,4,1.0,Full Service,White,Sedan,FWD,33.0,FL,500,213
Volkswagen,Atlas,2006,Petrol,Automatic,2.7,258987,214.0,210.0,4,1.0,Partial Service,Silver,SUV,AWD,32.0,TX,500,249
Ford,Explorer,2020,Petrol,Automatic,2.0,8293,141.0,130.0,1,0.0,Full Service,Red,SUV,RWD,36.0,,24094,81
Honda,Pilot,2017,Petrol,,,17908,221.0,,1,0.0,Partial Service,Green,SUV,AWD,26.0,,19083,117
BMW,5 Series,2012,Petrol,Automatic,2.5,138186,206.0,212.0,4,1.0,No Service,Red,Sedan,FWD,,OH,9079,177
Volkswagen,Tiguan,2023,Petrol,Automatic,3.2,20236,243.0,230.0,1,0.0,No Service,Green,SUV,AWD,,TX,22354,45
Chevrolet,Malibu,2024,Petrol,Automatic,1.5,4324,125.0,111.0,1,0.0,Partial Service,Green,Sedan,AWD,34.0,FL,20216,33
Nissan,Sentra,2012,Petrol,Automatic,1.5,132779,133.0,118.0,4,0.0,,Blue,Sedan,AWD,35.0,,694,177
Ford,Escape,2017,Petrol,,,124369,155.0,150.0,1,0.0,Partial Service,Red,SUV,FWD,31.0,TX,9125,117
Toyota,Camry,2006,Petrol,Manual,1.7,358879,133.0,90.0,4,1.0,,Gray,Sedan,AWD,36.0,IL,500,249
Chevrolet,Silverado,2014,Petrol,Automatic,4.5,115148,326.0,296.0,4,0.0,No Service,Gray,Truck,4WD,14.0,NC,8492,153
Ford,Explorer,2010,Petrol,Manual,3.2,262577,244.0,217.0,2,,Full Service,Blue,SUV,FWD,25.0,GA,500,201
Hyundai,Sonata,2005,Petrol,,1.5,231379,104.0,,4,0.0,Full Service,,Sedan,FWD,,MI,500,261
Audi,A4,2023,Hybrid,Automatic,2.3,38335,186.0,174.0,1,0.0,Partial Service,Silver,Sedan,AWD,49.0,GA,34180,45
Audi,A4,2007,Diesel,Manual,2.1,158394,154.0,139.0,4,1.0,Partial Service,Red,Sedan,AWD,,NY,1411,237
Honda,Pilot,2022,Hybrid,Automatic,2.8,22650,226.0,,1,0.0,Partial Service,,SUV,AWD,,NY,28241,57
Toyota,RAV4,2024,Petrol,Automatic,2.7,100,223.0,212.0,1,0.0,Full Service,Brown,SUV,AWD,,NY,27376,33
BMW,3 Series,2009,Petrol,Automatic,2.2,203034,172.0,174.0,4,1.0,Partial Service,Black,Sedan,FWD,35.0,CA,1639,213
Toyota,Camry,2024,Petrol,Automatic,,1225,146.0,147.0,1,0.0,No Service,Green,Sedan,FWD,38.0,OH,22534,33
Nissan,Pathfinder,2010,Petrol,Automatic,2.5,298417,188.0,188.0,2,1.0,Full Service,Gray,SUV,AWD,33.0,FL,500,201
Honda,Accord,2020,Petrol,,1.8,24802,130.0,127.0,2,0.0,Partial Service,Brown,Sedan,FWD,36.0,MI,16893,81
Mercedes-Benz,C-Class,2019,Petrol,Automatic,2.5,12196,,,1,0.0,Partial Service,,Sedan,FWD,26.0,PA,26036,93
BMW,3 Series,2023,Diesel,,2.1,5846,166.0,163.0,1,0.0,Partial Service,White,Sedan,FWD,37.0,,39354,45
Ford,Mustang,2023,Petrol,Manual,4.0,38016,301.0,277.0,1,1.0,Full Service,,Coupe,RWD,19.0,FL,21514,45
Toyota,RAV4,2016,Hybrid,Automatic,3.4,58726,,248.0,3,1.0,Full Service,Gray,SUV,FWD,42.0,NY,9467,129
Hyundai,Tucson,2005,Petrol,,3.0,370214,226.0,,4,1.0,No Service,Gray,SUV,AWD,,TX,500,261
Nissan,Pathfinder,2015,Petrol,Automatic,3.4,155458,254.0,245.0,1,0.0,Full Service,Red,SUV,AWD,,CA,9050,141
BMW,5 Series,2008,Petrol,Manual,,231474,157.0,131.0,3,0.0,No Service,Gray,Sedan,FWD,33.0,NC,2571,225
Nissan,Sentra,2017,Petrol,Automatic,1.7,102346,147.0,134.0,2,0.0,,,Sedan,FWD,37.0,,6119,117
Honda,Pilot,2008,Diesel,Automatic,3.2,218892,262.0,250.0,4,,Full Service,Black,SUV,FWD,26.0,,500,225
Nissan,Pathfinder,2018,Petrol,Automatic,3.3,63343,249.0,253.0,1,,No Service,Silver,SUV,AWD,22.0,MI,17160,105
Audi,Q5,2014,Petrol,Automatic,3.1,568,219.0,205.0,1,1.0,Full Service,Black,SUV,FWD,,,17618,153
Toyota,Camry,2017,Petrol,Automatic,2.4,105463,188.0,,3,1.0,Full Service,Black,Sedan,FWD,39.0,GA,7516,117
Volkswagen,Atlas,2007,Petrol,Automatic,3.3,151189,255.0,257.0,4,1.0,Partial Service,White,SUV,AWD,28.0,PA,536,237
BMW,X3,2021,Hybrid,Automatic,2.8,44916,212.0,212.0,1,1.0,No Service,Red,SUV,AWD,49.0,TX,27064,69
Ford,Explorer,2021,Petrol,Automatic,2.1,30447,167.0,157.0,1,0.0,,Green,SUV,AWD,31.0,GA,25606,69
Honda,Accord,2005,Petrol,Automatic,2.1,101498,,163.0,4,1.0,Full Service,Silver,Sedan,FWD,34.0,GA,500,261
Audi,Q7,2007,Petrol,Automatic,2.5,183880,204.0,170.0,5,,Full Service,Black,SUV,AWD,32.0,GA,4200,237
Audi,Q7,2011,Petrol,,2.3,141968,187.0,,4,1.0,Full Service,Blue,SUV,AWD,27.0,IL,10689,189
Mercedes-Benz,E-Class,2018,Diesel,Automatic,,59065,120.0,,2,0.0,Full Service,Brown,Sedan,AWD,40.0,,30042,105
Nissan,Rogue,2018,Diesel,Automatic,2.7,87854,202.0,200.0,2,1.0,No Service,Silver,SUV,FWD,29.0,PA,8870,105
Volkswagen,Passat,2017,Petrol,Automatic,2.0,120321,158.0,161.0,3,0.0,Partial Service,Brown,Sedan,FWD,37.0,PA,9357,117
Volkswagen,Tiguan,2013,Petrol,Automatic,3.0,193542,228.0,199.0,3,0.0,,Gray,SUV,AWD,,NC,1566,165
Honda,Civic,2005,Petrol,Manual,2.4,312584,192.0,188.0,4,1.0,Partial Service,Brown,Sedan,FWD,27.0,CA,500,261
Mercedes-Benz,E-Class,2007,Petrol,Automatic,1.7,264779,133.0,,4,1.0,Partial Service,White,Sedan,FWD,36.0,FL,500,237
Volkswagen,Tiguan,2013,Petrol,Automatic,2.4,110357,,177.0,2,0.0,Partial Service,Green,SUV,AWD,36.0,NC,5464,165
Toyota,Camry,2024,Petrol,Automatic,,100,139.0,127.0,1,0.0,Partial Service,Red,Sedan,FWD,35.0,GA,25729,33
Volkswagen,Atlas,2019,Petrol,Automatic,3.5,70718,272.0,273.0,2,1.0,Partial Service,Gray,SUV,AWD,24.0,,16239,93
Nissan,Altima,2010,Hybrid,Manual,1.6,138948,149.0,147.0,5,1.0,,Blue,Sedan,AWD,54.0,NY,500,201
Toyota,Highlander,2010,Petrol,,2.7,291129,201.0,182.0,3,,,,SUV,AWD,32.0,CA,500,201
Ford,Escape,2022,Petrol,Automatic,2.8,71436,240.0,232.0,1,0.0,Full Service,,SUV,FWD,32.0,,19447,57
Mercedes-Benz,GLC,2015,Petrol,Automatic,2.2,73882,149.0,,2,0.0,Partial Service,,SUV,AWD,32.0,PA,26800,141
Mercedes-Benz,E-Class,2015,Hybrid,Automatic,1.9,48009,,142.0,3,1.0,Full Service,White,Sedan,FWD,36.0,NY,19115,141
Mercedes-Benz,GLE,2014,Petrol,Automatic,2.7,132057,221.0,,2,1.0,Full Service,Blue,SUV,AWD,34.0,NC,16501,153
BMW,3 Series,2017,Petrol,Automatic,2.2,117219,164.0,151.0,3,0.0,,Gray,Sedan,FWD,28.0,NC,16887,117
Audi,A4,2024,Diesel,,2.0,4087,160.0,134.0,1,0.0,Full Service,White,Sedan,FWD,31.0,,43416,33
Mercedes-Benz,GLC,2009,Petrol,Manual,2.9,115348,215.0,206.0,3,1.0,Full Service,Gray,SUV,AWD,33.0,,6307,213
Ford,Mustang,2011,Petrol,Manual,3.9,225952,294.0,281.0,2,1.0,,White,Coupe,AWD,20.0,IL,500,189
Audi,A4,2012,Petrol,Automatic,1.5,139323,111.0,100.0,3,1.0,Full Service,Blue,Sedan,FWD,,FL,6712,177
Nissan,Sentra,2017,Petrol,Automatic,2.3,103863,179.0,163.0,3,1.0,Full Service,White,Sedan,FWD,28.0,IL,5099,117
Chevrolet,Silverado,2010,Petrol,Automatic,3.0,21061,226.0,221.0,3,1.0,Partial Service,Silver,Truck,4WD,27.0,TX,8506,201
Toyota,RAV4,2011,Petrol,Manual,2.7,34573,211.0,,4,0.0,,Green,SUV,AWD,28.0,FL,7318,189
Toyota,RAV4,2019,Petrol,,3.2,117635,245.0,224.0,2,,,White,SUV,FWD,25.0,,13006,93
Mercedes-Benz,GLE,2005,Petrol,Manual,,293408,263.0,242.0,5,1.0,Partial Service,Red,SUV,AWD,27.0,TX,500,261
Honda,Accord,2014,Diesel,Automatic,1.6,91986,133.0,127.0,2,0.0,Partial Service,Blue,Sedan,FWD,,OH,6635,153
Audi,Q5,2022,Petrol,Automatic,,100,232.0,217.0,1,0.0,No Service,Brown,SUV,AWD,29.0,NC,33603,57
Audi,Q7,2014,Petrol,Automatic,3.4,82415,258.0,,3,0.0,No Service,Black,SUV,AWD,22.0,PA,16548,153
Honda,Civic,2008,Petrol,Automatic,,171389,121.0,126.0,5,1.0,No Service,White,Sedan,FWD,39.0,NY,500,225
Hyundai,Santa Fe,2014,Petrol,,,42706,180.0,171.0,4,1.0,Full Service,Gray,SUV,FWD,28.0,NY,9868,153
Volkswagen,Passat,2018,Electric,Automatic,0.0,48905,262.0,,1,0.0,No Service,Black,Sedan,FWD,123.0,OH,11736,105
Audi,Q5,2010,Petrol,Automatic,2.6,177894,,170.0,3,0.0,Full Service,Brown,SUV,AWD,27.0,NY,4814,201
Nissan,Altima,2009,Petrol,Automatic,,283126,186.0,168.0,4,1.0,No Service,Brown,Sedan,FWD,35.0,PA,500,213
Audi,Q5,2007,Petrol,Automatic,2.0,115740,148.0,130.0,4,0.0,No Service,Red,SUV,FWD,32.0,MI,4079,237
Honda,Pilot,2015,Electric,Automatic,0.0,34229,,,1,,Full Service,Green,SUV,AWD,104.0,GA,16121,141
Audi,Q7,2013,Petrol,Automatic,2.5,81726,189.0,156.0,3,0.0,Full Service,Silver,SUV,AWD,28.0,CA,18467,165
Hyundai,Santa Fe,2014,Diesel,Automatic,2.8,155665,212.0,185.0,2,0.0,No Service,Brown,SUV,FWD,32.0,,5104,153
Nissan,Rogue,2011,Petrol,Manual,2.1,90105,169.0,158.0,2,1.0,Partial Service,,SUV,FWD,36.0,,4451,189
Volkswagen,Golf,2011,Diesel,Automatic,2.0,116004,175.0,179.0,2,0.0,Full Service,Blue,Hatchback,FWD,30.0,GA,2085,189
Volkswagen,Passat,2019,Hybrid,Automatic,1.8,69176,124.0,114.0,1,1.0,,White,Sedan,FWD,52.0,IL,12387,93
Mercedes-Benz,GLE,2007,Petrol,Automatic,,482337,166.0,,3,1.0,Partial Service,Black,SUV,RWD,32.0,FL,500,237
Audi,A6,2010,Petrol,Manual,1.8,95348,123.0,122.0,2,1.0,Full Service,Silver,Sedan,FWD,41.0,PA,10515,201
Honda,Accord,2013,Petrol,Automatic,2.4,141423,184.0,171.0,3,1.0,,Silver,Sedan,FWD,,PA,2935,165
Chevrolet,Malibu,2017,Petrol,Automatic,1.6,74761,,125.0,3,0.0,Full Service,Gray,Sedan,AWD,42.0,MI,9403,117
Hyundai,Elantra,2019,Petrol,Automatic,1.8,59502,152.0,157.0,1,,,Black,Sedan,FWD,,NY,9475,93
Mercedes-Benz,GLE,2008,Petrol,Automatic,3.0,146086,237.0,213.0,5,1.0,Partial Service,White,SUV,AWD,25.0,CA,6765,225
Nissan,Altima,2024,Petrol,Automatic,1.7,2246,124.0,118.0,1,0.0,,Black,Sedan,FWD,39.0,OH,22873,33
Chevrolet,Equinox,2011,Petrol,,,110017,170.0,143.0,3,,Full Service,Silver,SUV,FWD,,NY,3187,189
Honda,Accord,2013,Petrol,Automatic,2.0,192109,164.0,159.0,4,1.0,No Service,Brown,Sedan,FWD,34.0,,571,165
Ford,Escape,2009,Petrol,,3.1,248357,234.0,214.0,4,0.0,,Brown,SUV,AWD,,,500,213
Honda,Civic,2018,Diesel,Automatic,2.0,42714,145.0,136.0,2,1.0,Full Service,,Sedan,FWD,39.0,TX,8786,105
Honda,CR-V,2021,Petrol,,2.1,68952,,169.0,1,0.0,Partial Service,White,SUV,AWD,40.0,TX,24983,69
Toyota,Camry,2016,Electric,Automatic,0.0,73357,229.0,251.0,3,1.0,,Brown,Sedan,FWD,111.0,PA,7531,129
Volkswagen,Golf,2009,Petrol,Automatic,1.8,161874,153.0,150.0,3,0.0,Partial Service,Blue,Hatchback,FWD,,CA,500,213
Honda,CR-V,2024,Diesel,,3.0,3201,234.0,,1,0.0,Full Service,,SUV,RWD,25.0,NY,28541,33
BMW,3 Series,2008,Petrol,Automatic,,320644,127.0,102.0,4,1.0,Partial Service,Red,Sedan,AWD,,FL,500,225
Hyundai,Elantra,2005,Hybrid,Manual,2.2,128553,184.0,,3,1.0,No Service,Black,Sedan,FWD,47.0,FL,500,261
Ford,Escape,2022,Hybrid,Automatic,2.3,13430,188.0,192.0,1,0.0,Full Service,Blue,SUV,AWD,42.0,,22776,57
Toyota,Camry,2008,Petrol,Automatic,1.9,208073,143.0,139.0,4,0.0,,,Sedan,FWD,35.0,OH,500,225
Nissan,Sentra,2016,Petrol,Automatic,2.3,60507,182.0,179.0,1,0.0,Full Service,Green,Sedan,AWD,33.0,OH,7963,129
Ford,F-150,2013,Petrol,Automatic,4.4,115935,,,2,1.0,No Service,White,Truck,RWD,18.0,FL,2600,165
Honda,Pilot,2016,Petrol,Automatic,2.3,132613,,,4,1.0,Full Service,Silver,SUV,AWD,32.0,PA,9630,129
Toyota,Camry,2015,Diesel,Automatic,1.9,80642,158.0,152.0,2,0.0,Full Service,Red,Sedan,FWD,36.0,CA,7890,141
Honda,Civic,2015,Petrol,Automatic,1.7,85052,,126.0,2,1.0,No Service,,Sedan,FWD,35.0,,4276,141
Nissan,Sentra,2014,Petrol,Automatic,1.8,57553,119.0,111.0,2,,Partial Service,,Sedan,FWD,,,4818,153
Audi,Q7,2018,Petrol,Automatic,,43270,262.0,252.0,1,0.0,,Blue,SUV,AWD,,PA,29958,105
Ford,Mustang,2005,Petrol,Manual,4.7,103609,351.0,335.0,4,1.0,Partial Service,Blue,Coupe,RWD,15.0,MI,500,261
Mercedes-Benz,C-Class,2023,Hybrid,,2.3,100,,,1,0.0,No Service,Brown,Sedan,AWD,,PA,36384,45
Nissan,Altima,2022,Petrol,Automatic,2.2,23091,158.0,,1,0.0,Full Service,Silver,Sedan,AWD,34.0,IL,19495,57
Toyota,Camry,2015,Petrol,Automatic,,185802,137.0,111.0,3,0.0,,Silver,Sedan,FWD,41.0,OH,2413,141
Nissan,Altima,2010,Petrol,,1.9,75902,168.0,165.0,2,0.0,No Service,Red,Sedan,FWD,,,3228,201
Chevrolet,Tahoe,2006,Petrol,,2.0,198271,151.0,141.0,3,1.0,No Service,Brown,SUV,RWD,35.0,NC,922,249
Nissan,Altima,2019,Petrol,Automatic,2.0,33205,171.0,141.0,1,0.0,Partial Service,Black,Sedan,AWD,34.0,PA,14202,93
Hyundai,Elantra,2019,Petrol,Automatic,,25545,179.0,158.0,3,,Partial Service,,Sedan,FWD,32.0,MI,11599,93
Chevrolet,Equinox,2020,Petrol,,2.6,62381,,211.0,1,0.0,Full Service,Green,SUV,FWD,26.0,OH,16273,81
Toyota,RAV4,2013,Petrol,Automatic,2.5,266771,200.0,177.0,3,0.0,Partial Service,Brown,SUV,RWD,31.0,GA,500,165
Ford,Explorer,2008,Petrol,Automatic,2.6,213943,206.0,186.0,4,,Full Service,Gray,SUV,RWD,,CA,500,225
BMW,X3,2018,Hybrid,Automatic,3.4,37290,251.0,246.0,1,0.0,Partial Service,White,SUV,AWD,37.0,GA,23467,105
Ford,F-150,2014,Petrol,Automatic,4.2,130540,308.0,299.0,3,,No Service,Green,Truck,4WD,12.0,IL,5937,153
Nissan,Sentra,2013,Petrol,Automatic,1.4,101261,111.0,121.0,4,1.0,Full Service,,Sedan,AWD,39.0,,2424,165
Audi,Q5,2007,Petrol,Automatic,3.3,85109,250.0,,4,0.0,Full Service,Red,SUV,AWD,25.0,MI,6494,237
Chevrolet,Tahoe,2021,Petrol,Automatic,3.4,72064,255.0,,1,1.0,Full Service,Red,SUV,AWD,20.0,CA,32439,69
Toyota,Highlander,2020,Petrol,Automatic,2.6,64100,193.0,174.0,1,0.0,Full Service,Brown,SUV,AWD,31.0,,24733,81
Ford,F-150,2005,Petrol,Manual,5.0,336443,368.0,363.0,4,0.0,Partial Service,Blue,Truck,4WD,15.0,FL,500,261
Ford,Explorer,2018,Petrol,,2.6,77301,189.0,,3,,No Service,Black,SUV,AWD,29.0,TX,14829,105
BMW,X3,2023,Electric,,0.0,17051,270.0,297.0,1,0.0,Partial Service,Blue,SUV,FWD,,,38553,45
BMW,X3,2017,Hybrid,Automatic,3.1,116767,242.0,217.0,2,0.0,Partial Service,Green,SUV,AWD,40.0,NC,19849,117
Hyundai,Tucson,2008,Diesel,,,302867,156.0,140.0,5,0.0,Full Service,Green,SUV,AWD,37.0,MI,500,225
Honda,Civic,2017,Petrol,Automatic,1.7,78158,151.0,153.0,2,,No Service,,Sedan,FWD,38.0,FL,6235,117
Chevrolet,Equinox,2013,Petrol,,,136066,255.0,247.0,2,1.0,Full Service,Silver,SUV,AWD,30.0,,3164,165
Audi,Q5,2008,Petrol,Automatic,2.6,152283,204.0,200.0,3,1.0,Partial Service,Gray,SUV,AWD,,PA,3220,225
Mercedes-Benz,C-Class,2009,Petrol,Manual,1.4,162910,,,2,0.0,No Service,Blue,Sedan,FWD,40.0,CA,3888,213
BMW,X5,2019,Petrol,Automatic,3.2,45949,,231.0,2,1.0,Partial Service,Blue,SUV,AWD,26.0,TX,30994,93
Hyundai,Elantra,2008,Petrol,Automatic,2.0,20347,167.0,151.0,5,1.0,Partial Service,White,Sedan,FWD,35.0,FL,3428,225
Hyundai,Santa Fe,2016,Petrol,Automatic,3.3,55516,252.0,227.0,2,1.0,Partial Service,Silver,SUV,AWD,23.0,OH,11054,129
Toyota,RAV4,2012,Petrol,Automatic,3.0,73773,218.0,213.0,3,1.0,,Black,SUV,AWD,,PA,5677,177
Ford,Mustang,2008,Hybrid,Automatic,2.6,156726,200.0,168.0,3,0.0,Full Service,Brown,Coupe,AWD,,,500,225
Volkswagen,Golf,2007,Petrol,Manual,,180144,183.0,163.0,4,1.0,Full Service,Green,Hatchback,FWD,28.0,CA,500,237
Nissan,Sentra,2023,Diesel,Automatic,2.2,15805,180.0,179.0,1,0.0,No Service,Gray,Sedan,FWD,33.0,PA,16213,45
BMW,X3,2022,Petrol,Automatic,3.2,26947,234.0,225.0,1,0.0,Partial Service,,SUV,FWD,,OH,38287,57
Volkswagen,Golf,2023,Petrol,Automatic,2.4,24208,179.0,182.0,1,0.0,No Service,,Hatchback,AWD,32.0,,17240,45
BMW,3 Series,2011,Petrol,Automatic,2.3,109537,189.0,152.0,2,1.0,Partial Service,White,Sedan,FWD,28.0,,7202,189
Mercedes-Benz,GLC,2008,Petrol,Automatic,2.5,262918,194.0,187.0,4,0.0,,Gray,SUV,FWD,,MI,500,225
Mercedes-Benz,GLE,2019,Petrol,,3.3,30348,257.0,247.0,1,1.0,Partial Service,Black,SUV,RWD,25.0,CA,35794,93
Ford,F-150,2016,Diesel,Automatic,3.3,101205,238.0,227.0,2,1.0,Full Service,Brown,Truck,4WD,25.0,TX,10267,129
Honda,Pilot,2018,Electric,Automatic,0.0,90641,,239.0,3,1.0,Full Service,Blue,SUV,AWD,,TX,14784,105
Ford,Explorer,2024,Hybrid,,2.1,100,168.0,,1,0.0,No Service,,SUV,FWD,43.0,,30005,33
Ford,Mustang,2011,Petrol,Manual,3.9,70717,300.0,,3,0.0,Full Service,Black,Coupe,RWD,18.0,TX,6094,189
Ford,Mustang,2012,Petrol,Automatic,,71341,305.0,306.0,3,1.0,Partial Service,Red,Coupe,RWD,19.0,OH,5728,177
Chevrolet,Malibu,2014,Diesel,Automatic,2.0,97204,153.0,139.0,3,1.0,No Service,White,Sedan,AWD,32.0,,3616,153
Chevrolet,Equinox,2013,Petrol,Automatic,,165099,,163.0,3,0.0,Partial Service,,SUV,AWD,26.0,IL,2154,165
Honda,Accord,2007,Petrol,Automatic,2.4,261014,196.0,171.0,3,1.0,Full Service,Gray,Sedan,FWD,30.0,NY,500,237
Ford,F-150,2022,Petrol,Automatic,4.1,45235,314.0,,1,0.0,Partial Service,,Truck,4WD,19.0,TX,22576,57
Volkswagen,Atlas,2024,Petrol,Automatic,3.3,9402,258.0,,1,0.0,No Service,Silver,SUV,AWD,27.0,NY,27851,33
Mercedes-Benz,GLE,2020,Electric,,0.0,29080,270.0,297.0,1,1.0,Full Service,Gray,SUV,AWD,105.0,PA,37207,81
Toyota,Corolla,2010,Petrol,Automatic,2.4,250291,204.0,198.0,3,1.0,Partial Service,White,Sedan,FWD,28.0,TX,500,201
Nissan,Rogue,2018,Hybrid,Automatic,2.9,93189,,,2,1.0,No Service,Silver,SUV,FWD,44.0,FL,8806,105
Nissan,Altima,2018,Petrol,Automatic,1.8,22585,143.0,122.0,1,,Full Service,Green,Sedan,FWD,39.0,MI,11788,105
Chevrolet,Malibu,2013,Petrol,Automatic,1.8,182410,157.0,143.0,3,1.0,Partial Service,,Sedan,FWD,28.0,CA,500,165
Audi,Q7,2016,Hybrid,Automatic,3.4,69170,251.0,,3,,Full Service,Silver,SUV,AWD,43.0,NY,27985,129
Honda,Civic,2005,Petrol,,1.5,385237,105.0,95.0,5,0.0,Full Service,Gray,Sedan,FWD,40.0,GA,500,261
Audi,Q5,2016,Petrol,Automatic,3.0,200725,224.0,190.0,3,,,White,SUV,AWD,,NC,10898,129
Ford,Explorer,2007,Petrol,Manual,3.2,281154,255.0,227.0,4,,No Service,,SUV,AWD,24.0,FL,500,237
BMW,X5,2013,Petrol,Automatic,,153445,205.0,198.0,4,0.0,Full Service,Black,SUV,AWD,30.0,NC,15901,165
Toyota,RAV4,2020,Petrol,Automatic,2.6,30455,190.0,168.0,1,1.0,Partial Service,Black,SUV,FWD,,OH,15713,81
Honda,CR-V,2023,Petrol,Automatic,2.7,13121,209.0,,1,0.0,Partial Service,Green,SUV,AWD,,,23368,45
Toyota,RAV4,2015,Petrol,Automatic,2.1,146472,158.0,162.0,3,0.0,Partial Service,,SUV,AWD,,CA,5281,141
Toyota,Corolla,2021,Petrol,Automatic,2.0,68256,142.0,122.0,1,1.0,Full Service,White,Sedan,FWD,35.0,PA,10689,69
Ford,F-150,2010,Petrol,Automatic,5.1,212725,368.0,339.0,3,1.0,Partial Service,Silver,Truck,4WD,,GA,500,201
Volkswagen,Golf,2009,Petrol,,1.9,100,159.0,152.0,5,,Partial Service,Blue,Hatchback,FWD,32.0,CA,5228,213
Toyota,Highlander,2022,Hybrid,Automatic,2.5,100,,166.0,1,0.0,Partial Service,Blue,SUV,AWD,38.0,OH,27806,57
Toyota,RAV4,2015,Petrol,Automatic,3.0,67841,221.0,211.0,3,0.0,Partial Service,White,SUV,AWD,23.0,OH,10490,141
Hyundai,Tucson,2015,Petrol,Automatic,2.2,110778,,193.0,2,0.0,No Service,,SUV,AWD,29.0,TX,6443,141
Nissan,Altima,2017,Petrol,Automatic,2.4,31192,,176.0,2,1.0,No Service,Black,Sedan,AWD,29.0,,8832,117
BMW,X5,2021,Petrol,Automatic,2.4,24074,,194.0,1,,,,SUV,AWD,29.0,FL,46795,69
Volkswagen,Golf,2018,Petrol,Automatic,,47439,143.0,144.0,1,,,Blue,Hatchback,FWD,37.0,TX,12562,105
Chevrolet,Equinox,2013,Petrol,Automatic,3.0,38214,239.0,223.0,2,,Full Service,Brown,SUV,AWD,23.0,PA,7662,165
Honda,Civic,2020,Petrol,Automatic,2.1,36504,148.0,149.0,1,0.0,Full Service,,Sedan,FWD,,GA,13908,81
Toyota,Highlander,2021,Petrol,,3.2,12692,252.0,254.0,1,,Full Service,Red,SUV,AWD,28.0,MI,29478,69
Honda,CR-V,2020,Hybrid,Automatic,2.4,65387,189.0,175.0,2,0.0,,Black,SUV,AWD,45.0,TX,14549,81
Chevrolet,Silverado,2020,Petrol,Automatic,3.1,83599,246.0,244.0,1,1.0,Full Service,,Truck,RWD,28.0,CA,19846,81
Toyota,RAV4,2020,Petrol,Automatic,3.4,33951,268.0,271.0,1,,,Blue,SUV,AWD,21.0,OH,20375,81
Honda,Pilot,2011,Petrol,Automatic,3.3,202693,,231.0,5,0.0,No Service,Green,SUV,AWD,19.0,PA,1621,189
Toyota,RAV4,2012,Petrol,Automatic,2.3,89810,152.0,,2,0.0,Partial Service,Blue,SUV,AWD,35.0,OH,5785,177
Toyota,Highlander,2017,Electric,Automatic,0.0,42018,,359.0,2,1.0,Full Service,Blue,SUV,AWD,,CA,14682,117
Hyundai,Tucson,2010,Petrol,,,187672,223.0,214.0,4,1.0,No Service,Red,SUV,FWD,22.0,TX,500,201
Volkswagen,Passat,2012,Petrol,Automatic,1.4,4506,105.0,104.0,2,,Full Service,Gray,Sedan,FWD,38.0,PA,9770,177
Hyundai,Tucson,2020,Petrol,Automatic,2.9,63768,229.0,226.0,2,0.0,Partial Service,White,SUV,AWD,28.0,TX,14630,81
Honda,Pilot,2014,Petrol,Automatic,,159969,219.0,205.0,1,,No Service,Green,SUV,AWD,28.0,OH,5516,153
Honda,Accord,2021,Hybrid,,1.6,20281,143.0,122.0,1,0.0,,Gray,Sedan,FWD,58.0,TX,19639,69
Chevrolet,Silverado,2005,Petrol,Automatic,3.0,257698,232.0,228.0,3,1.0,Partial Service,Black,Truck,4WD,27.0,CA,500,261
Toyota,RAV4,2024,Petrol,Automatic,,8556,153.0,159.0,1,0.0,Partial Service,Black,SUV,AWD,,OH,28475,33
Audi,Q7,2009,Petrol,,3.0,5505,,,3,1.0,Full Service,Black,SUV,AWD,29.0,NC,14191,213
Audi,A4,2010,Petrol,Automatic,1.5,205503,105.0,101.0,3,,Partial Service,Green,Sedan,FWD,37.0,FL,2174,201
Mercedes-Benz,GLE,2024,Petrol,Automatic,2.7,4113,212.0,215.0,1,0.0,,Red,SUV,AWD,30.0,MI,63669,33
Toyota,Corolla,2020,Petrol,Automatic,1.8,73764,156.0,137.0,1,1.0,Full Service,Red,Sedan,AWD,,,10427,81
Mercedes-Benz,GLE,2018,Diesel,,2.4,58808,176.0,172.0,4,0.0,No Service,White,SUV,FWD,28.0,,26477,105
Honda,CR-V,2005,Petrol,Automatic,3.0,92285,233.0,218.0,4,1.0,Partial Service,Silver,SUV,AWD,28.0,CA,864,261
Honda,Civic,2023,Petrol,Automatic,1.4,917,107.0,88.0,1,,Partial Service,,Sedan,FWD,36.0,FL,19741,45
Ford,Explorer,2005,Petrol,Manual,2.6,327592,214.0,192.0,3,1.0,Full Service,Red,SUV,AWD,27.0,TX,500,261
BMW,X5,2021,Petrol,Automatic,2.9,33709,235.0,222.0,1,0.0,No Service,Gray,SUV,FWD,27.0,OH,40542,69
Chevrolet,Malibu,2006,Petrol,Automatic,2.3,361590,167.0,147.0,5,1.0,Partial Service,,Sedan,FWD,31.0,CA,500,249
Mercedes-Benz,C-Class,2019,Diesel,,2.0,90333,153.0,,1,0.0,,Black,Sedan,FWD,33.0,TX,24227,93
Honda,Pilot,2013,Petrol,Automatic,2.0,65750,164.0,168.0,3,,No Service,White,SUV,AWD,34.0,TX,9422,165
BMW,5 Series,2009,Hybrid,Automatic,1.7,88976,139.0,140.0,2,1.0,Full Service,White,Sedan,FWD,39.0,FL,10144,213
Volkswagen,Atlas,2007,Petrol,Automatic,2.5,143960,,165.0,4,0.0,Partial Service,Gray,SUV,AWD,,TX,971,237
Hyundai,Sonata,2012,Hybrid,Automatic,1.7,135340,134.0,118.0,3,,No Service,Black,Sedan,FWD,45.0,CA,1301,177
Volkswagen,Tiguan,2019,Petrol,Automatic,2.6,87337,198.0,188.0,2,0.0,Partial Service,Green,SUV,RWD,31.0,NY,13787,93
BMW,X5,2015,Petrol,Automatic,2.1,105494,164.0,157.0,1,0.0,Partial Service,Brown,SUV,FWD,35.0,,24244,141
Volkswagen,Atlas,2020,Petrol,Automatic,2.5,33114,199.0,206.0,1,0.0,Full Service,Green,SUV,AWD,29.0,,24825,81
Volkswagen,Atlas,2005,Petrol,Automatic,3.3,255756,263.0,256.0,5,0.0,Full Service,Silver,SUV,FWD,27.0,OH,500,261
Ford,F-150,2020,Petrol,,4.1,100,308.0,283.0,2,0.0,No Service,Silver,Truck,4WD,19.0,OH,18214,81
Toyota,Corolla,2016,Petrol,Automatic,1.6,159680,145.0,135.0,3,0.0,Full Service,Gray,Sedan,AWD,41.0,OH,2295,129
BMW,X3,2015,Petrol,Automatic,,113488,249.0,227.0,3,0.0,Partial Service,,SUV,FWD,28.0,CA,15140,141
Nissan,Altima,2018,Petrol,Automatic,1.9,110384,158.0,145.0,3,0.0,Partial Service,White,Sedan,FWD,32.0,,8916,105
Chevrolet,Silverado,2012,Petrol,Automatic,,187001,366.0,354.0,3,1.0,Partial Service,,Truck,4WD,15.0,IL,2571,177
Mercedes-Benz,GLE,2014,Petrol,Automatic,2.7,122894,,208.0,4,1.0,No Service,Brown,SUV,FWD,34.0,FL,15103,153
Chevrolet,Tahoe,2019,Petrol,Automatic,2.7,96695,219.0,204.0,1,0.0,,Gray,SUV,AWD,34.0,FL,27779,93
Toyota,Camry,2011,Petrol,Automatic,,157693,163.0,158.0,3,,,Silver,Sedan,FWD,34.0,FL,500,189
Mercedes-Benz,GLC,2020,Petrol,Automatic,,48872,197.0,188.0,2,0.0,Partial Service,Silver,SUV,AWD,35.0,FL,32389,81
Volkswagen,Atlas,2009,Petrol,Automatic,2.7,219265,213.0,195.0,4,,,Blue,SUV,AWD,31.0,OH,500,213
Ford,Explorer,2008,Petrol,Automatic,2.5,28882,185.0,166.0,4,0.0,Full Service,Black,SUV,AWD,31.0,FL,7259,225
Honda,Civic,2008,Petrol,,2.0,210293,,161.0,3,1.0,Partial Service,Green,Sedan,FWD,30.0,,500,225
Volkswagen,Passat,2024,Diesel,,2.5,4149,205.0,201.0,1,0.0,Full Service,Black,Sedan,FWD,29.0,TX,29451,33
Toyota,RAV4,2007,Petrol,Automatic,2.6,233687,204.0,192.0,5,1.0,Partial Service,Red,SUV,AWD,,TX,500,237
BMW,5 Series,2020,Petrol,Automatic,2.4,17080,184.0,188.0,1,0.0,Partial Service,Blue,Sedan,AWD,33.0,IL,41866,81
Volkswagen,Atlas,2015,Petrol,Automatic,,133402,245.0,,3,,No Service,Silver,SUV,FWD,,NY,7025,141
Honda,Civic,2010,Petrol,Automatic,1.8,143992,121.0,116.0,3,,Partial Service,Gray,Sedan,FWD,36.0,TX,500,201
Hyundai,Sonata,2013,Petrol,Automatic,2.3,147971,184.0,177.0,2,1.0,Partial Service,Gray,Sedan,FWD,,CA,1778,165
Chevrolet,Silverado,2021,Electric,Automatic,0.0,70012,305.0,335.0,1,0.0,Partial Service,Red,Truck,4WD,123.0,IL,23597,69
BMW,5 Series,2024,Petrol,Automatic,2.4,140,,186.0,1,0.0,No Service,Black,Sedan,FWD,28.0,TX,46077,33
Toyota,RAV4,2009,Petrol,Automatic,2.7,190983,204.0,190.0,4,0.0,Full Service,Silver,SUV,AWD,33.0,,500,213
Audi,A4,2012,Diesel,Automatic,2.0,114231,144.0,133.0,2,1.0,Full Service,Red,Sedan,FWD,,,7722,177
Audi,Q7,2019,Petrol,Automatic,2.9,47152,215.0,198.0,1,,Partial Service,,SUV,AWD,33.0,MI,34729,93
Audi,A6,2008,Petrol,Automatic,,272214,153.0,135.0,3,1.0,No Service,Gray,Sedan,FWD,40.0,GA,596,225
Hyundai,Elantra,2023,Diesel,Automatic,1.4,10466,,113.0,1,0.0,Partial Service,Green,Sedan,FWD,41.0,TX,19668,45
Chevrolet,Malibu,2011,Petrol,Automatic,2.0,166653,173.0,162.0,2,0.0,No Service,Red,Sedan,FWD,32.0,MI,500,189
Volkswagen,Atlas,2016,Petrol,Automatic,2.1,128540,163.0,158.0,1,1.0,Partial Service,Silver,SUV,AWD,33.0,FL,8937,129
Toyota,Corolla,2009,Petrol,Automatic,2.4,134010,190.0,179.0,4,1.0,Partial Service,Brown,Sedan,FWD,26.0,FL,500,213
Hyundai,Sonata,2006,Diesel,Automatic,1.8,139747,135.0,136.0,4,1.0,Partial Service,Blue,Sedan,AWD,33.0,FL,500,249
Audi,A6,2010,Petrol,Manual,1.8,182205,143.0,140.0,3,1.0,Partial Service,Red,Sedan,FWD,34.0,TX,7006,201
Nissan,Rogue,2014,Petrol,Automatic,,109957,252.0,218.0,1,0.0,Partial Service,Gray,SUV,FWD,28.0,,9168,153
Ford,Escape,2019,Petrol,Automatic,3.3,65427,255.0,250.0,2,1.0,No Service,Red,SUV,AWD,24.0,NY,9733,93
Mercedes-Benz,GLE,2016,Electric,Automatic,0.0,118045,256.0,281.0,2,0.0,Full Service,,SUV,AWD,118.0,PA,26258,129
Nissan,Pathfinder,2019,Petrol,Automatic,3.3,58172,255.0,238.0,3,0.0,Full Service,Silver,SUV,AWD,22.0,GA,19332,93
Volkswagen,Tiguan,2015,Petrol,Automatic,,52934,235.0,,2,1.0,No Service,White,SUV,AWD,26.0,CA,7574,141
BMW,5 Series,2015,Petrol,Automatic,1.8,96649,154.0,144.0,2,0.0,No Service,Green,Sedan,AWD,,NY,18326,141
Nissan,Pathfinder,2008,Petrol,Automatic,2.8,103744,223.0,191.0,3,1.0,Partial Service,Brown,SUV,AWD,29.0,IL,2927,225
Mercedes-Benz,GLC,2022,Petrol,Automatic,2.5,15500,203.0,193.0,1,1.0,Partial Service,Green,SUV,RWD,23.0,OH,31074,57
Honda,Pilot,2014,Petrol,Automatic,3.4,106910,263.0,249.0,2,0.0,,Blue,SUV,AWD,21.0,NC,10918,153
BMW,X3,2021,Petrol,Automatic,2.0,52041,152.0,137.0,1,,No Service,Blue,SUV,FWD,,TX,27368,69
Toyota,Camry,2012,Diesel,Automatic,2.2,78347,,143.0,3,0.0,No Service,Gray,Sedan,AWD,34.0,CA,4767,177
Nissan,Sentra,2008,Petrol,Automatic,2.0,175290,158.0,173.0,5,1.0,Full Service,Red,Sedan,FWD,29.0,PA,500,225
Ford,Escape,2012,Hybrid,,3.4,138332,259.0,240.0,3,,No Service,Red,SUV,FWD,34.0,,2071,177
Hyundai,Elantra,2024,Petrol,Automatic,1.8,4448,166.0,161.0,1,0.0,Partial Service,Green,Sedan,FWD,37.0,PA,19014,33
BMW,3 Series,2019,Petrol,,1.9,43326,170.0,148.0,2,1.0,Partial Service,Blue,Sedan,FWD,37.0,,21057,93
Hyundai,Santa Fe,2021,Diesel,Automatic,2.5,4230,,188.0,1,0.0,,Black,SUV,AWD,31.0,CA,21853,69
Nissan,Rogue,2016,Petrol,Automatic,,88890,,206.0,1,0.0,Partial Service,Green,SUV,AWD,29.0,NY,9577,129
Ford,Escape,2020,Petrol,Automatic,,24674,193.0,,1,0.0,Partial Service,Blue,SUV,AWD,31.0,OH,16769,81
Ford,Explorer,2023,Hybrid,Automatic,2.7,11417,211.0,188.0,1,0.0,,White,SUV,AWD,45.0,IL,31050,45
Ford,Explorer,2022,Petrol,Automatic,3.4,26287,250.0,237.0,1,0.0,Partial Service,Blue,SUV,AWD,21.0,GA,26709,57
Volkswagen,Golf,2021,Petrol,Automatic,2.3,44809,180.0,175.0,1,0.0,No Service,Gray,Hatchback,FWD,37.0,CA,14565,69
Chevrolet,Malibu,2016,Petrol,Automatic,1.4,60622,118.0,131.0,2,0.0,,Black,Sedan,FWD,38.0,FL,7629,129
BMW,3 Series,2014,Petrol,Automatic,1.5,183323,128.0,115.0,2,1.0,No Service,Black,Sedan,FWD,40.0,NC,6788,153
Audi,Q5,2005,Petrol,Automatic,2.5,178069,,170.0,4,1.0,No Service,Black,SUV,AWD,30.0,TX,500,261
Audi,A4,2018,Petrol,Automatic,2.0,8966,,144.0,1,,Partial Service,Red,Sedan,FWD,35.0,NY,19072,105
Hyundai,Santa Fe,2007,Petrol,Automatic,,320159,159.0,149.0,2,0.0,Full Service,Silver,SUV,RWD,35.0,CA,500,237
Ford,Mustang,2011,Petrol,Automatic,4.6,272698,356.0,341.0,4,1.0,Full Service,Brown,Coupe,RWD,12.0,OH,500,189
Nissan,Altima,2009,Petrol,Automatic,,230429,145.0,138.0,3,0.0,,Gray,Sedan,FWD,37.0,GA,500,213
Volkswagen,Golf,2012,Petrol,Automatic,2.1,132358,,163.0,3,1.0,Partial Service,Black,Hatchback,FWD,,TX,1628,177
Chevrolet,Malibu,2018,Petrol,Automatic,,24108,,157.0,1,0.0,Partial Service,,Sedan,AWD,32.0,,13196,105
Hyundai,Tucson,2008,Petrol,,3.0,254107,224.0,216.0,4,0.0,Full Service,Red,SUV,AWD,27.0,GA,500,225
Mercedes-Benz,GLE,2005,Diesel,Automatic,2.9,333418,252.0,,5,0.0,Partial Service,,SUV,AWD,,OH,500,261
Ford,Explorer,2015,Petrol,,2.0,57884,,148.0,2,1.0,Partial Service,Brown,SUV,AWD,38.0,PA,10277,141
Chevrolet,Tahoe,2017,Hybrid,Automatic,2.4,11404,172.0,155.0,2,1.0,Partial Service,Silver,SUV,FWD,52.0,,22826,117
Toyota,RAV4,2013,Petrol,Automatic,3.3,25005,,253.0,3,1.0,Partial Service,Green,SUV,AWD,24.0,PA,8164,165
Honda,Pilot,2009,Petrol,Automatic,3.1,230850,238.0,224.0,4,0.0,No Service,Gray,SUV,FWD,28.0,PA,500,213
Audi,A6,2019,Petrol,Automatic,,97471,128.0,140.0,1,1.0,No Service,Red,Sedan,FWD,39.0,IL,24429,93
Audi,Q5,2011,Petrol,Automatic,,59083,229.0,,2,0.0,No Service,Red,SUV,FWD,25.0,,11418,189
Chevrolet,Tahoe,2015,Petrol,Automatic,3.1,112229,221.0,211.0,2,0.0,Full Service,White,SUV,FWD,27.0,,18809,141
Volkswagen,Passat,2005,Petrol,Manual,2.0,348315,,,4,0.0,Full Service,Brown,Sedan,FWD,40.0,FL,500,261
Nissan,Sentra,2005,Diesel,Manual,1.9,127527,156.0,144.0,4,0.0,Full Service,Gray,Sedan,FWD,35.0,,500,261
Hyundai,Santa Fe,2012,Petrol,Automatic,2.4,126699,186.0,177.0,3,1.0,Partial Service,Brown,SUV,AWD,33.0,MI,4167,177
Mercedes-Benz,GLE,2007,Petrol,Automatic,2.0,169766,,161.0,3,1.0,Partial Service,,SUV,AWD,35.0,NY,5449,237
Volkswagen,Passat,2008,Petrol,Automatic,1.5,261112,121.0,112.0,4,1.0,Partial Service,Red,Sedan,FWD,,,500,225
Honda,Civic,2023,Hybrid,,1.9,11271,,189.0,1,0.0,,Green,Sedan,FWD,46.0,CA,18744,45
Ford,Escape,2017,Petrol,Automatic,,55025,246.0,,1,0.0,Partial Service,Green,SUV,FWD,23.0,MI,10330,117
BMW,X3,2010,Petrol,Automatic,2.3,76433,168.0,168.0,2,1.0,No Service,White,SUV,FWD,37.0,MI,7855,201
Ford,F-150,2009,Petrol,,3.5,193949,272.0,266.0,2,1.0,Full Service,Red,Truck,4WD,22.0,IL,500,213
Mercedes-Benz,GLC,2023,Petrol,Automatic,2.0,100,170.0,158.0,1,0.0,Full Service,Green,SUV,RWD,32.0,,46569,45
Ford,Escape,2009,Diesel,,,241608,269.0,253.0,3,0.0,No Service,Red,SUV,FWD,25.0,NY,500,213
Mercedes-Benz,E-Class,2019,Petrol,Automatic,1.6,19956,125.0,112.0,2,,Partial Service,Black,Sedan,FWD,38.0,NY,29644,93
Hyundai,Santa Fe,2021,Petrol,,3.2,28021,229.0,208.0,1,0.0,No Service,,SUV,AWD,,,20045,69
Audi,A6,2006,Petrol,Automatic,1.9,12150,150.0,,4,,Partial Service,Silver,Sedan,FWD,33.0,CA,11406,249
Audi,A6,2005,Petrol,Automatic,1.4,290704,106.0,,4,1.0,Full Service,,Sedan,AWD,,TX,500,261
Honda,Pilot,2023,Petrol,,2.4,25848,191.0,184.0,1,0.0,Full Service,,SUV,AWD,30.0,,33448,45
Audi,A6,2009,Petrol,Automatic,2.0,188783,,159.0,4,1.0,,Green,Sedan,FWD,39.0,MI,4487,213
Ford,Escape,2016,Petrol,Automatic,3.0,152214,234.0,215.0,2,,Full Service,Red,SUV,FWD,32.0,CA,5477,129
Honda,Pilot,2016,Electric,Automatic,0.0,40383,253.0,278.0,2,0.0,No Service,White,SUV,RWD,92.0,NY,15588,129
Volkswagen,Golf,2024,Petrol,Automatic,,5319,141.0,140.0,1,0.0,Full Service,Red,Hatchback,AWD,30.0,GA,21872,33
Mercedes-Benz,GLC,2023,Petrol,,3.5,20293,273.0,262.0,1,,Partial Service,Blue,SUV,AWD,20.0,FL,37532,45
Chevrolet,Equinox,2024,Hybrid,Automatic,,1077,138.0,115.0,1,0.0,Full Service,Green,SUV,AWD,55.0,CA,26005,33
Mercedes-Benz,GLE,2012,Petrol,Automatic,2.6,140229,197.0,172.0,2,1.0,Partial Service,White,SUV,AWD,32.0,,11106,177
Chevrolet,Malibu,2006,Petrol,Automatic,,179295,194.0,183.0,3,,Partial Service,,Sedan,FWD,,IL,500,249
Nissan,Rogue,2022,Petrol,Automatic,3.4,6613,257.0,230.0,1,0.0,Full Service,Black,SUV,AWD,21.0,GA,25057,57
Toyota,RAV4,2012,Petrol,Automatic,3.2,178056,231.0,212.0,2,1.0,Full Service,Green,SUV,AWD,28.0,TX,1239,177
Chevrolet,Equinox,2011,Petrol,Automatic,3.3,226164,241.0,217.0,3,1.0,Partial Service,Brown,SUV,FWD,31.0,CA,500,189
Chevrolet,Silverado,2013,Petrol,Automatic,4.9,244996,376.0,,2,0.0,Full Service,,Truck,4WD,10.0,,1479,165
Volkswagen,Tiguan,2023,Petrol,Automatic,2.5,10602,185.0,165.0,1,,,Brown,SUV,AWD,28.0,IL,25936,45
Mercedes-Benz,GLC,2020,Petrol,Automatic,2.9,49760,242.0,226.0,1,0.0,No Service,Silver,SUV,AWD,,GA,28667,81
BMW,X5,2020,Diesel,Automatic,,65501,,189.0,2,0.0,Partial Service,Gray,SUV,AWD,,,38213,81
Hyundai,Tucson,2022,Diesel,Automatic,2.9,43655,224.0,197.0,1,0.0,Full Service,Black,SUV,AWD,30.0,MI,22457,57
Honda,CR-V,2012,Petrol,Automatic,2.1,112093,159.0,140.0,3,1.0,Full Service,Green,SUV,AWD,39.0,OH,4243,177
Honda,CR-V,2006,Petrol,Automatic,2.4,198529,196.0,,4,1.0,Full Service,Silver,SUV,RWD,37.0,OH,500,249
Toyota,RAV4,2006,Petrol,Automatic,2.9,374725,226.0,237.0,5,0.0,Partial Service,Gray,SUV,AWD,28.0,NC,500,249
Nissan,Rogue,2018,Petrol,Automatic,3.1,86152,246.0,238.0,2,1.0,,Silver,SUV,AWD,25.0,GA,10356,105
Nissan,Pathfinder,2024,Diesel,Automatic,2.7,100,193.0,186.0,1,0.0,Full Service,,SUV,AWD,25.0,CA,33360,33
Audi,A4,2020,Petrol,Automatic,1.4,10845,116.0,123.0,2,1.0,Full Service,Silver,Sedan,FWD,42.0,CA,24146,81
Ford,F-150,2008,Petrol,Automatic,3.2,114106,244.0,227.0,3,1.0,No Service,Brown,Truck,4WD,25.0,TX,2084,225
Mercedes-Benz,GLE,2022,Petrol,Automatic,3.2,25213,246.0,265.0,1,0.0,,Black,SUV,AWD,24.0,CA,49950,57
Chevrolet,Equinox,2008,Hybrid,Automatic,2.6,202605,200.0,194.0,3,,Full Service,Red,SUV,AWD,37.0,,500,225
Mercedes-Benz,GLE,2018,Petrol,Automatic,2.9,54007,232.0,229.0,1,0.0,Partial Service,Blue,SUV,AWD,26.0,CA,35939,105
Toyota,Corolla,2008,Petrol,,2.2,407187,170.0,,4,1.0,Full Service,Gray,Sedan,FWD,37.0,CA,500,225
Toyota,RAV4,2005,Diesel,Manual,3.3,273329,235.0,,5,1.0,Partial Service,Silver,SUV,AWD,24.0,MI,500,261
Hyundai,Elantra,2015,Petrol,Automatic,1.5,2166,120.0,118.0,2,0.0,Full Service,Brown,Sedan,FWD,42.0,PA,9337,141
Audi,A4,2011,Hybrid,Automatic,2.1,198963,178.0,155.0,4,0.0,No Service,,Sedan,FWD,56.0,MI,3305,189
Nissan,Altima,2024,Electric,Automatic,0.0,100,243.0,267.0,1,0.0,,Red,Sedan,FWD,108.0,IL,24613,33
Volkswagen,Passat,2023,Petrol,Automatic,2.4,8240,,171.0,1,0.0,No Service,,Sedan,FWD,29.0,FL,21280,45
BMW,X5,2022,Petrol,Automatic,2.3,35083,,,1,0.0,,Red,SUV,AWD,,OH,49743,57
Volkswagen,Passat,2012,Petrol,,2.1,126696,149.0,168.0,3,0.0,,Black,Sedan,FWD,36.0,,3525,177
Mercedes-Benz,E-Class,2024,Electric,Automatic,0.0,100,290.0,319.0,1,,,Silver,Sedan,FWD,100.0,CA,55117,33
Mercedes-Benz,C-Class,2011,Petrol,Automatic,2.2,213845,175.0,166.0,3,1.0,Full Service,Silver,Sedan,FWD,25.0,FL,3372,189
Honda,CR-V,2017,Hybrid,Automatic,2.4,73029,167.0,145.0,1,,Partial Service,Brown,SUV,FWD,,GA,4575,117
Mercedes-Benz,GLC,2013,Petrol,Automatic,2.4,164025,179.0,164.0,3,1.0,Partial Service,Brown,SUV,AWD,35.0,OH,7890,165
Ford,Escape,2018,Hybrid,Automatic,2.3,82368,174.0,173.0,2,0.0,Partial Service,,SUV,FWD,48.0,MI,11422,105
Honda,Pilot,2016,Petrol,Automatic,2.7,89803,201.0,169.0,2,1.0,No Service,Red,SUV,FWD,30.0,NY,10906,129
Volkswagen,Atlas,2023,Hybrid,Automatic,3.1,7939,242.0,232.0,1,0.0,Partial Service,Silver,SUV,FWD,37.0,OH,32426,45
BMW,X5,2014,Petrol,Automatic,2.1,94711,173.0,150.0,4,,Partial Service,Blue,SUV,FWD,,CA,16817,153
Ford,Escape,2013,Petrol,Automatic,2.6,182227,208.0,197.0,2,0.0,Full Service,Green,SUV,AWD,32.0,GA,1323,165
Nissan,Sentra,2006,Diesel,Automatic,,264411,188.0,200.0,5,0.0,No Service,Green,Sedan,FWD,,,500,249
BMW,3 Series,2021,Petrol,Automatic,2.5,21353,196.0,,1,,Full Service,White,Sedan,FWD,38.0,MI,32574,69
Audi,Q7,2011,Petrol,Automatic,2.1,223548,145.0,,3,0.0,Full Service,Green,SUV,FWD,35.0,PA,8892,189
Toyota,RAV4,2020,Petrol,,2.3,83357,189.0,184.0,1,1.0,,Red,SUV,AWD,32.0,NC,13511,81
Audi,A6,2021,Petrol,Automatic,1.5,100,124.0,,1,0.0,,Silver,Sedan,FWD,,TX,42887,69
BMW,X5,2012,Petrol,Automatic,3.5,84074,254.0,246.0,1,1.0,Partial Service,,SUV,FWD,,NY,16301,177
BMW,5 Series,2015,Petrol,Automatic,1.5,137930,131.0,123.0,3,1.0,Partial Service,,Sedan,FWD,39.0,IL,14630,141
Nissan,Altima,2018,Electric,Automatic,0.0,124964,265.0,291.0,3,1.0,Partial Service,Red,Sedan,AWD,112.0,TX,6881,105
Ford,Explorer,2017,Petrol,Automatic,3.4,55899,230.0,221.0,2,1.0,,Black,SUV,AWD,17.0,OH,13843,117
Nissan,Altima,2011,Diesel,Automatic,2.2,90357,,168.0,3,1.0,Full Service,White,Sedan,FWD,31.0,,3045,189
Hyundai,Santa Fe,2005,Petrol,Automatic,2.6,232049,215.0,,4,0.0,Full Service,Brown,SUV,FWD,,PA,500,261
Nissan,Sentra,2022,Petrol,Automatic,2.0,29067,163.0,162.0,1,,Full Service,Brown,Sedan,FWD,33.0,PA,16225,57
Volkswagen,Tiguan,2019,Petrol,Automatic,3.2,27847,249.0,220.0,1,1.0,Partial Service,,SUV,AWD,,MI,15063,93
Ford,Mustang,2014,Petrol,,4.3,94810,319.0,305.0,2,,Full Service,Black,Coupe,RWD,14.0,FL,6265,153
Chevrolet,Equinox,2011,Petrol,Automatic,3.5,139195,,278.0,3,1.0,Full Service,,SUV,FWD,,GA,1572,189
Volkswagen,Atlas,2020,Petrol,Automatic,3.3,31581,265.0,252.0,1,1.0,Partial Service,,SUV,FWD,26.0,IL,17735,81
Audi,A6,2011,Petrol,Manual,2.1,186344,158.0,158.0,3,0.0,Partial Service,,Sedan,FWD,33.0,CA,8269,189
Audi,A4,2013,Petrol,Automatic,1.9,233637,160.0,148.0,2,1.0,Full Service,Brown,Sedan,FWD,33.0,,3749,165
Toyota,Corolla,2005,Petrol,Automatic,2.0,404098,151.0,144.0,3,1.0,,White,Sedan,FWD,31.0,NC,500,261
Volkswagen,Atlas,2015,Petrol,,3.4,156026,234.0,233.0,3,0.0,Full Service,Green,SUV,FWD,27.0,,8435,141
Chevrolet,Tahoe,2016,Petrol,Automatic,2.7,171518,208.0,194.0,2,0.0,,Brown,SUV,FWD,,PA,17119,129
Mercedes-Benz,GLE,2012,Petrol,Automatic,3.1,151584,219.0,202.0,4,1.0,Partial Service,Black,SUV,FWD,26.0,,11381,177
Toyota,Highlander,2008,Petrol,Automatic,2.9,251788,217.0,203.0,5,1.0,,Brown,SUV,AWD,29.0,NC,500,225
Nissan,Altima,2018,Petrol,Automatic,1.7,12843,,,1,1.0,Partial Service,Gray,Sedan,FWD,41.0,NY,11288,105
Ford,Mustang,2018,Petrol,Automatic,3.2,106177,232.0,208.0,1,1.0,Partial Service,,Coupe,RWD,22.0,TX,9393,105
Audi,A4,2005,Petrol,Manual,1.8,165038,,113.0,4,0.0,Partial Service,Black,Sedan,AWD,37.0,PA,500,261
Audi,A4,2006,Petrol,Manual,1.5,196892,122.0,,5,0.0,Partial Service,Brown,Sedan,FWD,40.0,PA,500,249
Ford,Explorer,2006,Petrol,Automatic,2.6,391414,192.0,183.0,2,0.0,No Service,Red,SUV,AWD,31.0,FL,500,249
Volkswagen,Passat,2009,Petrol,Manual,2.3,142383,171.0,160.0,4,1.0,Full Service,Brown,Sedan,FWD,33.0,,537,213
Ford,Mustang,2022,Diesel,Manual,4.4,20898,311.0,284.0,1,0.0,Full Service,,Coupe,RWD,15.0,OH,22347,57
Honda,Accord,2010,Petrol,Automatic,1.8,132762,144.0,132.0,4,,Full Service,Black,Sedan,FWD,39.0,PA,1547,201
BMW,5 Series,2010,Petrol,Automatic,2.3,35022,193.0,189.0,3,0.0,Partial Service,Gray,Sedan,FWD,,MI,12965,201
Mercedes-Benz,GLC,2011,Petrol,Automatic,2.1,72452,191.0,176.0,4,1.0,Full Service,Red,SUV,AWD,28.0,PA,9874,189
Audi,Q5,2005,Petrol,Manual,3.0,296821,214.0,207.0,5,,No Service,Black,SUV,FWD,31.0,,500,261
Volkswagen,Tiguan,2009,Petrol,,2.8,205624,,,4,0.0,Full Service,Silver,SUV,AWD,32.0,NY,500,213
Honda,Civic,2012,Petrol,Automatic,1.8,174336,151.0,132.0,4,1.0,Full Service,,Sedan,FWD,43.0,PA,500,177
Mercedes-Benz,C-Class,2024,Petrol,Automatic,2.3,100,162.0,155.0,1,0.0,Full Service,Brown,Sedan,AWD,,OH,45128,33
Mercedes-Benz,C-Class,2012,Petrol,Automatic,2.2,210390,166.0,150.0,3,,Partial Service,Blue,Sedan,AWD,35.0,GA,4184,177
Mercedes-Benz,GLE,2008,Diesel,Manual,3.4,332531,,,4,1.0,Partial Service,Red,SUV,AWD,27.0,GA,500,225
BMW,5 Series,2010,Diesel,Automatic,1.5,50218,127.0,106.0,2,1.0,No Service,Gray,Sedan,FWD,39.0,,11658,201
Volkswagen,Golf,2023,Hybrid,Automatic,1.7,6305,,135.0,1,,Partial Service,,Hatchback,FWD,49.0,NC,22444,45
Ford,Explorer,2007,Petrol,,3.3,242849,,,4,1.0,Partial Service,Red,SUV,FWD,24.0,OH,500,237
Nissan,Rogue,2018,Hybrid,Automatic,3.1,61703,242.0,240.0,2,,Full Service,Black,SUV,AWD,,MI,13831,105
Honda,Accord,2019,Petrol,,2.1,78757,172.0,167.0,3,0.0,,Green,Sedan,AWD,28.0,MI,5913,93
Nissan,Pathfinder,2020,Hybrid,Automatic,2.1,98003,172.0,173.0,1,1.0,Full Service,Brown,SUV,AWD,44.0,,16205,81
Honda,Accord,2005,Petrol,Automatic,2.3,176695,186.0,,5,0.0,Partial Service,Blue,Sedan,FWD,32.0,CA,500,261
Honda,CR-V,2016,Hybrid,Automatic,2.6,45113,204.0,205.0,3,1.0,Partial Service,Black,SUV,AWD,46.0,TX,8716,129
Honda,CR-V,2007,Diesel,Automatic,,308345,187.0,169.0,4,0.0,No Service,Black,SUV,FWD,30.0,,500,237
Ford,Explorer,2022,Petrol,Automatic,3.1,23088,,209.0,1,0.0,No Service,Brown,SUV,AWD,,,26089,57
Audi,Q7,2010,Diesel,Automatic,3.5,233715,268.0,249.0,5,1.0,Full Service,Red,SUV,FWD,27.0,IL,5624,201
Chevrolet,Equinox,2022,Diesel,Automatic,,45999,191.0,171.0,1,0.0,Partial Service,Gray,SUV,FWD,33.0,NC,21343,57
Volkswagen,Atlas,2008,Petrol,,2.6,38521,206.0,190.0,4,1.0,Partial Service,Green,SUV,FWD,34.0,IL,9158,225
Audi,Q7,2016,Hybrid,,3.3,61896,245.0,,4,1.0,Partial Service,Brown,SUV,AWD,47.0,PA,22802,129
Chevrolet,Tahoe,2022,Petrol,Automatic,2.2,26756,170.0,165.0,1,0.0,No Service,Black,SUV,AWD,27.0,NC,37785,57
Ford,Escape,2012,Petrol,Automatic,3.0,157110,250.0,226.0,3,0.0,No Service,Red,SUV,AWD,26.0,TX,1373,177
Ford,Mustang,2017,Diesel,Manual,4.1,49789,325.0,328.0,2,0.0,Full Service,Green,Coupe,RWD,19.0,NC,12146,117
Mercedes-Benz,C-Class,2008,Petrol,Automatic,,96457,,170.0,3,0.0,Full Service,Green,Sedan,AWD,34.0,CA,6791,225
BMW,3 Series,2014,Diesel,,1.8,123601,128.0,121.0,3,1.0,No Service,Blue,Sedan,FWD,40.0,CA,8948,153
Toyota,RAV4,2017,Petrol,Automatic,3.1,102378,239.0,232.0,2,0.0,Partial Service,Green,SUV,AWD,29.0,,11572,117
Audi,A6,2006,Petrol,Automatic,,161026,179.0,176.0,3,0.0,Partial Service,White,Sedan,FWD,35.0,OH,4254,249
Audi,A4,2017,Petrol,Automatic,1.8,34378,,141.0,4,1.0,,Gray,Sedan,FWD,,IL,23711,117
Hyundai,Sonata,2007,Petrol,Manual,2.1,209522,160.0,147.0,4,1.0,Partial Service,,Sedan,FWD,34.0,TX,500,237
Nissan,Pathfinder,2011,Diesel,Automatic,3.4,156654,250.0,245.0,4,1.0,Partial Service,Brown,SUV,FWD,23.0,PA,3177,189
Audi,Q7,2015,Petrol,Automatic,,168899,229.0,212.0,1,0.0,Full Service,Black,SUV,AWD,,OH,18276,141
Honda,Accord,2012,Petrol,Automatic,1.6,138214,126.0,124.0,3,1.0,,,Sedan,FWD,38.0,OH,2113,177
Ford,Mustang,2015,Petrol,Automatic,5.0,72781,,368.0,2,1.0,,Black,Coupe,RWD,10.0,OH,7952,141
Nissan,Rogue,2015,Diesel,Automatic,3.1,148572,,,3,0.0,Full Service,Brown,SUV,AWD,25.0,FL,5225,141
Chevrolet,Equinox,2011,Petrol,Automatic,,199536,170.0,155.0,4,1.0,Full Service,Green,SUV,FWD,38.0,MI,500,189
Volkswagen,Tiguan,2014,Petrol,Automatic,2.4,133224,,164.0,4,,Full Service,Gray,SUV,AWD,33.0,IL,4798,153
Mercedes-Benz,GLC,2015,Petrol,Automatic,3.3,68442,,245.0,2,0.0,Partial Service,Gray,SUV,FWD,,OH,17433,141
BMW,X5,2016,Petrol,Automatic,2.9,64843,227.0,221.0,2,1.0,Full Service,Gray,SUV,AWD,31.0,NY,25964,129
Toyota,Highlander,2013,Petrol,Automatic,,83504,175.0,166.0,2,0.0,Partial Service,Green,SUV,AWD,29.0,FL,9785,165
Volkswagen,Atlas,2022,Electric,,0.0,29244,271.0,298.0,1,1.0,Full Service,Gray,SUV,AWD,,PA,23178,57
Hyundai,Elantra,2019,Petrol,Automatic,1.8,145004,140.0,126.0,2,0.0,,Black,Sedan,FWD,,NC,5944,93
Ford,Explorer,2005,Petrol,,3.1,330542,242.0,230.0,3,0.0,Partial Service,Silver,SUV,AWD,23.0,,500,261
Mercedes-Benz,E-Class,2008,Petrol,Automatic,1.8,286927,149.0,152.0,3,,No Service,Silver,Sedan,FWD,,MI,500,225
Audi,A6,2024,Petrol,Automatic,1.5,100,,115.0,1,0.0,Full Service,White,Sedan,FWD,41.0,CA,55644,33
Volkswagen,Tiguan,2013,Petrol,Automatic,2.3,139604,181.0,186.0,3,,,Gray,SUV,AWD,33.0,IL,3944,165
Nissan,Pathfinder,2011,Petrol,Automatic,2.5,209348,179.0,,4,0.0,Full Service,Blue,SUV,AWD,33.0,PA,1027,189
Honda,Accord,2005,Petrol,Automatic,2.3,174891,172.0,172.0,5,0.0,,,Sedan,FWD,27.0,CA,500,261
Ford,F-150,2024,Petrol,Automatic,5.6,100,415.0,394.0,1,0.0,,Brown,Truck,4WD,10.0,MI,28997,33
Hyundai,Tucson,2005,Petrol,,3.1,221910,237.0,237.0,4,0.0,Partial Service,Red,SUV,AWD,,,500,261
Volkswagen,Golf,2020,Hybrid,Automatic,1.8,45058,,166.0,3,,Partial Service,,Hatchback,AWD,54.0,NC,12906,81
Volkswagen,Golf,2005,Petrol,,1.8,299373,149.0,143.0,3,,Full Service,,Hatchback,AWD,40.0,CA,500,261
Mercedes-Benz,GLE,2006,Petrol,Automatic,3.4,117273,253.0,230.0,4,1.0,No Service,Gray,SUV,AWD,24.0,IL,5371,249
Nissan,Altima,2021,Diesel,,,58080,169.0,153.0,1,0.0,Full Service,Green,Sedan,FWD,34.0,FL,15992,69
Ford,Explorer,2021,Diesel,Automatic,,43950,241.0,222.0,1,0.0,,Black,SUV,AWD,,IL,22840,69
BMW,3 Series,2005,Petrol,Manual,1.7,51030,142.0,123.0,4,1.0,No Service,Gray,Sedan,FWD,35.0,GA,4396,261
Honda,Accord,2012,Petrol,Automatic,1.6,50178,130.0,130.0,3,0.0,Partial Service,Black,Sedan,FWD,,GA,6847,177
Volkswagen,Passat,2021,Petrol,Automatic,1.6,47149,129.0,112.0,1,0.0,Partial Service,Silver,Sedan,FWD,37.0,NY,18343,69
Audi,A6,2017,Hybrid,Automatic,2.4,39793,199.0,193.0,2,1.0,Partial Service,Red,Sedan,FWD,64.0,NC,25044,117
Toyota,Highlander,2024,Petrol,Automatic,2.1,100,158.0,155.0,1,0.0,Partial Service,Black,SUV,RWD,,,33899,33
Hyundai,Sonata,2006,Petrol,Automatic,2.4,114633,179.0,188.0,5,0.0,No Service,Silver,Sedan,FWD,,IL,500,249
Hyundai,Santa Fe,2016,Petrol,Automatic,3.4,131886,240.0,,2,1.0,No Service,Green,SUV,FWD,21.0,FL,7309,129
Nissan,Sentra,2005,Petrol,Manual,2.4,191972,194.0,180.0,5,1.0,No Service,Gray,Sedan,FWD,29.0,IL,500,261
BMW,5 Series,2011,Petrol,Automatic,1.7,52353,133.0,129.0,3,,Full Service,,Sedan,FWD,39.0,FL,17418,189
Chevrolet,Silverado,2024,Petrol,Automatic,3.3,100,253.0,237.0,1,,Full Service,Black,Truck,RWD,21.0,TX,37606,33
Mercedes-Benz,C-Class,2018,Petrol,,2.1,65728,183.0,168.0,2,1.0,Partial Service,,Sedan,AWD,29.0,NC,18982,105
Chevrolet,Malibu,2024,Hybrid,Automatic,2.1,100,169.0,156.0,1,0.0,No Service,Blue,Sedan,FWD,59.0,,20779,33
Audi,A4,2012,Petrol,Automatic,,163155,191.0,188.0,3,,Partial Service,Green,Sedan,FWD,29.0,MI,5561,177
Nissan,Rogue,2008,Petrol,Automatic,3.3,174469,258.0,245.0,5,1.0,Full Service,Red,SUV,AWD,25.0,IL,500,225
Chevrolet,Tahoe,2010,Petrol,Automatic,3.4,137901,279.0,257.0,4,0.0,Partial Service,Black,SUV,AWD,28.0,OH,7938,201
Ford,Mustang,2020,Hybrid,Manual,,28486,,227.0,2,0.0,,Black,Coupe,RWD,,TX,25926,81
Chevrolet,Equinox,2006,Petrol,Automatic,3.3,228315,228.0,213.0,4,0.0,Partial Service,,SUV,AWD,32.0,OH,500,249
Volkswagen,Golf,2006,Petrol,,2.3,137116,193.0,163.0,4,1.0,No Service,White,Hatchback,FWD,37.0,IL,500,249
Hyundai,Sonata,2021,Diesel,Automatic,1.5,34824,126.0,100.0,1,0.0,Full Service,Blue,Sedan,FWD,40.0,MI,18357,69
Hyundai,Elantra,2007,Petrol,Automatic,2.0,102693,154.0,142.0,4,,Full Service,Silver,Sedan,FWD,,,500,237
Ford,Explorer,2011,Petrol,,2.8,120554,,208.0,2,1.0,No Service,White,SUV,FWD,28.0,FL,4074,189
Ford,F-150,2022,Petrol,,4.2,27067,309.0,288.0,1,0.0,Full Service,Gray,Truck,4WD,18.0,TX,27575,57
BMW,5 Series,2014,Petrol,Automatic,1.6,209766,,,2,1.0,Partial Service,Brown,Sedan,AWD,38.0,PA,11781,153
Chevrolet,Equinox,2022,Hybrid,Automatic,2.1,25223,161.0,160.0,1,0.0,Partial Service,,SUV,AWD,46.0,GA,18159,57
Chevrolet,Malibu,2009,Petrol,Automatic,1.7,239313,151.0,144.0,3,,No Service,Red,Sedan,AWD,31.0,NC,500,213
Ford,Mustang,2011,Petrol,Automatic,,216943,266.0,,3,1.0,No Service,Red,Coupe,AWD,21.0,MI,500,189
Hyundai,Tucson,2014,Petrol,Automatic,3.3,125904,250.0,241.0,2,1.0,Full Service,Green,SUV,AWD,28.0,TX,4195,153
Honda,Pilot,2018,Petrol,Automatic,,51349,166.0,140.0,2,0.0,,Black,SUV,FWD,,FL,21838,105
Mercedes-Benz,GLE,2022,Petrol,,2.8,9529,212.0,204.0,1,0.0,Full Service,Black,SUV,AWD,34.0,CA,54159,57
Ford,Escape,2018,Petrol,Automatic,2.8,60668,225.0,213.0,1,0.0,Partial Service,Gray,SUV,AWD,29.0,PA,12433,105
Hyundai,Santa Fe,2010,Petrol,Manual,3.0,134742,227.0,226.0,3,1.0,Full Service,,SUV,AWD,31.0,GA,2916,201
BMW,X5,2022,Petrol,Automatic,2.3,28651,,190.0,1,0.0,Partial Service,Silver,SUV,AWD,33.0,MI,46030,57
Hyundai,Tucson,2017,Petrol,Automatic,2.6,68635,196.0,182.0,3,0.0,Full Service,,SUV,AWD,31.0,,11258,117
Chevrolet,Malibu,2015,Petrol,Automatic,2.5,158667,177.0,171.0,1,0.0,Full Service,White,Sedan,FWD,25.0,NY,3006,141
Toyota,RAV4,2005,Petrol,Automatic,2.3,269977,191.0,177.0,5,1.0,,Silver,SUV,AWD,32.0,NY,500,261
Nissan,Pathfinder,2006,Petrol,Automatic,,346605,,170.0,3,,Partial Service,Black,SUV,AWD,38.0,NY,500,249
Audi,A6,2006,Diesel,Manual,1.7,284165,129.0,120.0,4,0.0,,Green,Sedan,AWD,36.0,GA,500,249
Chevrolet,Silverado,2017,Petrol,Automatic,5.4,133258,398.0,370.0,3,0.0,No Service,Brown,Truck,4WD,10.0,NY,10421,117
Toyota,RAV4,2011,Diesel,Automatic,2.5,64841,,203.0,2,1.0,Partial Service,Black,SUV,FWD,30.0,IL,5123,189
Toyota,Corolla,2023,Petrol,Automatic,2.2,19622,186.0,181.0,1,,No Service,Red,Sedan,FWD,32.0,,15256,45
Nissan,Altima,2020,Petrol,Automatic,1.6,85557,123.0,102.0,2,0.0,Full Service,Brown,Sedan,FWD,,NC,12245,81
Hyundai,Elantra,2023,Petrol,Automatic,2.5,9580,186.0,,1,0.0,No Service,Silver,Sedan,FWD,34.0,FL,15273,45
Honda,CR-V,2005,Diesel,Automatic,2.4,328445,165.0,161.0,5,0.0,Full Service,Brown,SUV,AWD,35.0,PA,500,261
Volkswagen,Atlas,2023,Petrol,Automatic,2.1,17408,160.0,159.0,1,0.0,Partial Service,,SUV,FWD,31.0,OH,32120,45
Hyundai,Sonata,2023,Hybrid,Automatic,2.0,11187,159.0,,1,0.0,Partial Service,,Sedan,FWD,47.0,TX,22780,45
Nissan,Altima,2019,Diesel,Automatic,2.3,25824,172.0,156.0,1,0.0,Partial Service,Brown,Sedan,FWD,33.0,MI,14292,93
Chevrolet,Tahoe,2022,Petrol,,3.1,35158,255.0,235.0,1,0.0,Partial Service,Silver,SUV,AWD,23.0,NY,42836,57
Audi,Q5,2012,Petrol,,2.9,99635,,209.0,5,1.0,Partial Service,Black,SUV,AWD,33.0,IL,8559,177
Honda,CR-V,2015,Electric,Automatic,,7368,304.0,334.0,2,,No Service,Black,SUV,AWD,127.0,GA,11181,141
BMW,5 Series,2019,Petrol,Automatic,2.0,47793,164.0,156.0,2,1.0,,Silver,Sedan,FWD,35.0,IL,28248,93
Honda,Pilot,2017,Petrol,,2.4,23083,182.0,179.0,3,0.0,Partial Service,Gray,SUV,FWD,33.0,TX,17521,117
Toyota,Highlander,2011,Petrol,Automatic,2.1,130585,171.0,151.0,4,0.0,,Gray,SUV,AWD,36.0,OH,4991,189
Chevrolet,Malibu,2017,Hybrid,Automatic,,44734,125.0,109.0,2,0.0,,Gray,Sedan,FWD,53.0,OH,10553,117
Mercedes-Benz,E-Class,2017,Petrol,,1.9,43675,162.0,,1,0.0,No Service,Silver,Sedan,FWD,38.0,CA,27076,117
Mercedes-Benz,GLE,2005,Petrol,Manual,3.2,323437,255.0,239.0,3,1.0,Full Service,Brown,SUV,AWD,28.0,PA,500,261
Volkswagen,Golf,2010,Petrol,,2.1,160934,,,2,,Full Service,Brown,Hatchback,FWD,34.0,FL,500,201
BMW,5 Series,2008,Petrol,Manual,2.4,417739,186.0,176.0,3,0.0,Partial Service,Blue,Sedan,AWD,28.0,TX,500,225
Nissan,Rogue,2005,Petrol,,3.2,169707,229.0,,3,1.0,Full Service,,SUV,AWD,20.0,IL,500,261
Toyota,Camry,2016,Petrol,Automatic,,133565,183.0,177.0,2,1.0,Partial Service,,Sedan,AWD,30.0,FL,5518,129
Toyota,Camry,2023,Hybrid,Automatic,1.8,16490,132.0,133.0,1,0.0,Full Service,Red,Sedan,FWD,45.0,NY,23513,45
Volkswagen,Tiguan,2007,Petrol,Automatic,3.1,192836,239.0,211.0,3,1.0,Full Service,Silver,SUV,AWD,,,500,237
Audi,Q7,2024,Petrol,Automatic,3.4,3696,,250.0,1,0.0,Full Service,White,SUV,AWD,,NC,63545,33
Ford,Escape,2005,Petrol,Automatic,2.2,390201,167.0,165.0,5,1.0,Partial Service,Black,SUV,AWD,30.0,OH,500,261
BMW,X3,2015,Hybrid,,3.0,85282,233.0,222.0,3,1.0,Partial Service,,SUV,AWD,47.0,,13857,141
Toyota,Camry,2018,Petrol,Automatic,1.9,96630,162.0,147.0,3,0.0,Full Service,,Sedan,FWD,37.0,MI,10456,105
Hyundai,Sonata,2012,Petrol,Automatic,2.0,227665,147.0,139.0,3,1.0,Partial Service,,Sedan,FWD,36.0,IL,500,177
Ford,Escape,2014,Petrol,Automatic,2.2,194435,175.0,175.0,3,1.0,,Black,SUV,AWD,38.0,NY,1143,153
Hyundai,Santa Fe,2017,Petrol,,2.5,89469,178.0,164.0,1,1.0,,Gray,SUV,FWD,32.0,FL,11020,117
Mercedes-Benz,GLE,2022,Hybrid,,2.8,22037,199.0,,1,0.0,No Service,Blue,SUV,AWD,,,46522,57
Honda,Accord,2009,Petrol,,2.2,163310,179.0,179.0,3,1.0,Partial Service,Gray,Sedan,FWD,,NY,500,213
Volkswagen,Tiguan,2008,Petrol,Automatic,2.4,312005,179.0,174.0,4,,Partial Service,Green,SUV,AWD,35.0,OH,500,225
Honda,CR-V,2021,Diesel,,2.7,33053,220.0,193.0,1,0.0,Full Service,Red,SUV,AWD,32.0,GA,19456,69
Toyota,Camry,2017,Petrol,Automatic,1.6,97671,142.0,,1,0.0,Full Service,Blue,Sedan,AWD,,NC,9070,117
Mercedes-Benz,GLE,2017,Petrol,Automatic,2.2,136705,169.0,173.0,2,0.0,,Blue,SUV,AWD,36.0,NY,30316,117
Audi,A4,2011,Petrol,Manual,2.1,178858,,172.0,4,1.0,Full Service,Gray,Sedan,FWD,35.0,CA,4288,189
BMW,5 Series,2022,Petrol,Automatic,2.2,53178,165.0,154.0,1,0.0,,Black,Sedan,FWD,38.0,,47093,57
Nissan,Pathfinder,2013,Petrol,Automatic,,110807,175.0,157.0,3,0.0,Full Service,Blue,SUV,AWD,32.0,OH,8106,165
Audi,Q5,2011,Petrol,Automatic,3.2,118079,251.0,245.0,3,0.0,Partial Service,Red,SUV,AWD,,IL,8845,189
Honda,Pilot,2024,Petrol,Automatic,2.7,100,,199.0,1,0.0,,,SUV,AWD,30.0,NC,31966,33
Chevrolet,Malibu,2021,Diesel,Automatic,1.7,100,130.0,115.0,1,0.0,Partial Service,Black,Sedan,FWD,,NC,16861,69
Chevrolet,Equinox,2009,Diesel,,3.5,191136,265.0,259.0,4,1.0,Partial Service,Red,SUV,AWD,29.0,TX,500,213
Chevrolet,Tahoe,2015,Diesel,Automatic,2.4,86408,184.0,178.0,2,0.0,Full Service,Brown,SUV,AWD,31.0,GA,21894,141
Volkswagen,Passat,2021,Petrol,Automatic,1.6,37163,,118.0,1,0.0,Full Service,Blue,Sedan,FWD,36.0,IL,20219,69
Mercedes-Benz,C-Class,2023,Petrol,Automatic,1.5,27700,121.0,114.0,1,,Full Service,Blue,Sedan,FWD,36.0,OH,39987,45
Toyota,RAV4,2008,Petrol,Manual,2.1,218310,174.0,,3,0.0,Full Service,,SUV,AWD,34.0,NC,500,225
Audi,A4,2015,Petrol,Automatic,1.9,141362,179.0,186.0,2,0.0,Full Service,Gray,Sedan,FWD,36.0,FL,11991,141
Honda,Pilot,2005,Hybrid,Manual,,271112,237.0,235.0,3,1.0,No Service,White,SUV,AWD,39.0,GA,500,261
Audi,Q7,2010,Petrol,Manual,2.0,41999,,148.0,3,1.0,Full Service,,SUV,FWD,39.0,NC,13614,201
Volkswagen,Passat,2017,Petrol,Automatic,2.5,37320,207.0,202.0,2,1.0,,,Sedan,FWD,31.0,FL,12279,117
Audi,A4,2013,Petrol,Automatic,2.4,164198,196.0,194.0,3,1.0,Partial Service,,Sedan,AWD,,OH,6374,165
Chevrolet,Silverado,2009,Diesel,Automatic,3.4,228443,,225.0,3,,Full Service,,Truck,4WD,24.0,,500,213
Audi,Q7,2012,Petrol,Automatic,2.1,148234,157.0,156.0,3,1.0,Partial Service,Silver,SUV,AWD,29.0,CA,12158,177
Chevrolet,Silverado,2011,Diesel,Manual,5.5,221221,403.0,383.0,3,,No Service,,Truck,4WD,10.0,GA,500,189
Toyota,Corolla,2012,Petrol,Automatic,1.5,59213,124.0,122.0,4,1.0,Partial Service,Gray,Sedan,FWD,,TX,3492,177
BMW,3 Series,2021,Petrol,Automatic,1.8,42918,154.0,138.0,1,,Partial Service,Green,Sedan,FWD,33.0,PA,28584,69
Chevrolet,Silverado,2019,Petrol,Automatic,3.7,100,287.0,289.0,1,1.0,No Service,Brown,Truck,4WD,25.0,GA,17823,93
Mercedes-Benz,GLE,2024,Electric,Automatic,0.0,100,,304.0,1,0.0,Partial Service,White,SUV,AWD,119.0,PA,65486,33
Nissan,Rogue,2010,Petrol,,,256411,210.0,203.0,4,,,Gray,SUV,AWD,34.0,PA,500,201
Toyota,Camry,2024,Petrol,,1.6,3552,129.0,113.0,1,0.0,,,Sedan,FWD,33.0,FL,25895,33
Hyundai,Santa Fe,2021,Petrol,Automatic,3.0,53245,227.0,,1,0.0,Full Service,Blue,SUV,AWD,28.0,GA,21606,69
Ford,Explorer,2015,Petrol,,2.1,45423,169.0,,2,1.0,Partial Service,,SUV,FWD,32.0,OH,11739,141
Audi,A4,2010,Petrol,Automatic,2.1,73362,157.0,,4,,Partial Service,Black,Sedan,FWD,39.0,IL,7251,201
Honda,Civic,2016,Petrol,Automatic,2.2,64385,162.0,167.0,4,1.0,Partial Service,White,Sedan,AWD,29.0,MI,5850,129
Hyundai,Elantra,2022,Petrol,Automatic,2.0,18948,168.0,,1,0.0,Full Service,White,Sedan,FWD,36.0,OH,17332,57
Nissan,Sentra,2008,Diesel,Automatic,1.5,225315,134.0,106.0,3,0.0,No Service,Black,Sedan,FWD,36.0,,500,225
BMW,3 Series,2013,Diesel,Automatic,1.8,139928,159.0,146.0,2,0.0,Partial Service,Silver,Sedan,FWD,,CA,9646,165
Mercedes-Benz,GLE,2011,Petrol,,3.4,213114,,264.0,4,1.0,,Gray,SUV,AWD,,OH,8260,189
BMW,3 Series,2023,Petrol,,2.2,19574,177.0,,1,,No Service,Red,Sedan,FWD,28.0,,35195,45
Audi,Q5,2024,Petrol,Automatic,2.4,100,178.0,191.0,1,0.0,No Service,Gray,SUV,AWD,,FL,38605,33
Toyota,RAV4,2016,Petrol,Automatic,2.1,102712,164.0,144.0,2,1.0,Full Service,,SUV,AWD,36.0,TX,8789,129
BMW,3 Series,2012,Petrol,Automatic,2.3,280830,181.0,168.0,2,1.0,Full Service,Black,Sedan,FWD,29.0,GA,1226,177
Honda,Civic,2008,Petrol,Automatic,2.3,161396,190.0,195.0,4,,Partial Service,Blue,Sedan,FWD,33.0,TX,500,225
Toyota,Highlander,2022,Petrol,Automatic,2.5,44089,197.0,198.0,1,0.0,Partial Service,Green,SUV,AWD,29.0,PA,26835,57
Audi,Q7,2023,Petrol,Automatic,3.0,13837,234.0,,1,0.0,Partial Service,Green,SUV,AWD,27.0,CA,53098,45
Honda,CR-V,2020,Petrol,Automatic,2.5,58009,184.0,180.0,1,0.0,Partial Service,White,SUV,AWD,34.0,OH,16297,81
Hyundai,Santa Fe,2011,Petrol,Automatic,3.1,230174,232.0,232.0,2,0.0,Partial Service,Black,SUV,AWD,26.0,PA,500,189
Ford,Mustang,2018,Petrol,Automatic,3.1,39154,248.0,219.0,2,0.0,Partial Service,Gray,Coupe,RWD,24.0,PA,13590,105
Audi,A4,2015,Electric,Automatic,0.0,19910,393.0,432.0,2,0.0,Full Service,Gray,Sedan,FWD,101.0,,18302,141
Nissan,Altima,2019,Petrol,Automatic,2.5,54261,,199.0,3,1.0,Full Service,Blue,Sedan,FWD,38.0,NY,11597,93
Mercedes-Benz,GLC,2020,Petrol,Automatic,2.2,81863,193.0,190.0,1,0.0,Partial Service,Brown,SUV,FWD,28.0,,30004,81
Hyundai,Santa Fe,2006,Petrol,Manual,2.1,347938,175.0,157.0,5,1.0,Full Service,,SUV,AWD,39.0,NC,500,249
Hyundai,Elantra,2019,Petrol,Automatic,2.0,48333,,,1,0.0,Partial Service,Red,Sedan,FWD,30.0,CA,11894,93
Chevrolet,Tahoe,2014,Petrol,Automatic,2.3,138512,175.0,175.0,2,1.0,Full Service,White,SUV,AWD,28.0,IL,13662,153
Chevrolet,Tahoe,2023,Petrol,Automatic,2.8,9492,214.0,189.0,1,0.0,Partial Service,Black,SUV,AWD,30.0,TX,45596,45
Mercedes-Benz,E-Class,2016,Hybrid,Automatic,1.5,24169,123.0,119.0,2,0.0,,Black,Sedan,FWD,50.0,CA,26550,129
Honda,CR-V,2024,Hybrid,Automatic,3.2,100,251.0,229.0,1,0.0,Full Service,Black,SUV,AWD,38.0,GA,29119,33
Ford,Mustang,2024,Hybrid,Automatic,2.7,233,196.0,173.0,1,0.0,,Red,Coupe,RWD,47.0,NY,25060,33
Hyundai,Elantra,2022,Petrol,,1.8,1532,143.0,,1,0.0,Full Service,Blue,Sedan,FWD,36.0,NC,17450,57
Ford,Explorer,2005,Petrol,Automatic,3.4,251710,264.0,251.0,3,0.0,Full Service,Green,SUV,AWD,26.0,GA,500,261
Ford,Escape,2017,Petrol,Automatic,3.1,76855,237.0,213.0,2,,Full Service,,SUV,AWD,28.0,TX,8814,117
Audi,A4,2013,Petrol,Automatic,2.5,131422,209.0,189.0,3,1.0,Partial Service,White,Sedan,FWD,27.0,IL,7586,165
BMW,X5,2011,Petrol,Manual,2.8,91961,225.0,216.0,3,0.0,Partial Service,Gray,SUV,AWD,29.0,MI,14309,189
Chevrolet,Malibu,2017,Petrol,Automatic,1.4,151151,104.0,103.0,3,1.0,Partial Service,Blue,Sedan,FWD,43.0,TX,4377,117
Toyota,Camry,2015,Petrol,,2.1,100,187.0,171.0,2,1.0,Full Service,Green,Sedan,FWD,35.0,FL,9921,141
Honda,Civic,2013,Petrol,,1.5,52228,,84.0,3,0.0,No Service,Black,Sedan,AWD,34.0,IL,2534,165
Volkswagen,Golf,2010,Petrol,,2.3,20348,182.0,177.0,3,1.0,Full Service,Gray,Hatchback,FWD,32.0,CA,5242,201
Ford,Escape,2018,Petrol,,,96603,194.0,,1,0.0,Partial Service,Silver,SUV,AWD,29.0,GA,11025,105
Toyota,Highlander,2008,Petrol,Automatic,3.5,270715,263.0,239.0,4,0.0,No Service,Gray,SUV,AWD,19.0,IL,500,225
Audi,A6,2019,Petrol,Automatic,2.4,39061,183.0,,3,0.0,Partial Service,Black,Sedan,AWD,37.0,CA,33329,93
BMW,X5,2020,Petrol,Automatic,2.8,17596,,210.0,1,0.0,,Gray,SUV,FWD,26.0,FL,42030,81
Audi,Q7,2018,Electric,Automatic,0.0,96484,254.0,279.0,1,0.0,No Service,Red,SUV,AWD,104.0,OH,28619,105
Audi,Q7,2007,Petrol,Automatic,3.3,197907,269.0,238.0,2,,No Service,Brown,SUV,FWD,25.0,IL,2942,237
BMW,X3,2013,Petrol,Automatic,3.0,100,252.0,233.0,2,,Full Service,Gray,SUV,AWD,30.0,MI,19180,165
Hyundai,Sonata,2015,Hybrid,Automatic,2.0,107567,150.0,137.0,2,1.0,No Service,White,Sedan,FWD,,IL,4247,141
Audi,Q7,2018,Petrol,Automatic,2.3,86432,196.0,186.0,3,1.0,,Black,SUV,AWD,26.0,PA,24225,105
Chevrolet,Tahoe,2007,Petrol,,3.0,273530,226.0,196.0,4,1.0,Partial Service,Black,SUV,AWD,25.0,GA,500,237
Mercedes-Benz,GLC,2023,Petrol,,2.1,949,159.0,176.0,1,0.0,Partial Service,Red,SUV,AWD,,NC,46659,45
Volkswagen,Atlas,2007,Petrol,Automatic,3.4,159830,250.0,231.0,4,0.0,,Silver,SUV,AWD,24.0,PA,500,237
Ford,Mustang,2008,Petrol,,2.5,103770,,,2,1.0,Partial Service,Red,Coupe,AWD,37.0,TX,1728,225
Chevrolet,Silverado,2019,Electric,Automatic,0.0,64322,291.0,,1,0.0,Full Service,Green,Truck,4WD,123.0,IL,18792,93
Ford,Mustang,2015,Hybrid,Automatic,3.9,164152,295.0,,2,1.0,No Service,Brown,Coupe,RWD,38.0,CA,3666,141
Honda,CR-V,2019,Petrol,Automatic,2.2,1937,168.0,157.0,1,1.0,Full Service,Gray,SUV,AWD,,CA,16855,93
BMW,X5,2011,Petrol,Manual,2.7,202941,226.0,220.0,4,1.0,Partial Service,Gray,SUV,AWD,31.0,IL,8150,189
Nissan,Sentra,2023,Petrol,Automatic,2.0,13735,165.0,172.0,1,0.0,Partial Service,Blue,Sedan,FWD,39.0,GA,17991,45
Audi,Q5,2023,Petrol,Automatic,3.4,11961,259.0,250.0,1,0.0,No Service,Silver,SUV,AWD,28.0,OH,37554,45
Audi,A6,2012,Petrol,Automatic,1.8,88200,157.0,135.0,3,1.0,Partial Service,Blue,Sedan,AWD,33.0,,13466,177
Nissan,Rogue,2021,Petrol,Automatic,3.2,100,255.0,246.0,1,0.0,Partial Service,Blue,SUV,AWD,21.0,CA,22105,69
Honda,Civic,2010,Diesel,,,51977,174.0,161.0,2,1.0,Full Service,Gray,Sedan,AWD,37.0,PA,3514,201
Toyota,Corolla,2007,Diesel,Manual,1.6,151079,127.0,129.0,4,0.0,No Service,Green,Sedan,FWD,40.0,FL,500,237
Chevrolet,Malibu,2015,Petrol,,1.7,111367,148.0,146.0,1,0.0,,Silver,Sedan,FWD,,,5455,141
Chevrolet,Silverado,2017,Hybrid,Automatic,4.3,63635,303.0,287.0,2,0.0,,Gray,Truck,4WD,39.0,,15050,117
Hyundai,Elantra,2023,Petrol,Automatic,1.5,12658,127.0,,1,0.0,,White,Sedan,FWD,38.0,NY,17782,45
Nissan,Altima,2017,Petrol,Automatic,,82950,138.0,124.0,2,0.0,No Service,White,Sedan,FWD,,,8297,117
Audi,A6,2023,Petrol,Automatic,2.3,25154,172.0,,1,0.0,Partial Service,Gray,Sedan,FWD,38.0,NY,47518,45
Nissan,Rogue,2006,Petrol,Manual,3.0,293255,232.0,235.0,3,1.0,,White,SUV,AWD,29.0,,500,249
Ford,Escape,2008,Petrol,Manual,3.0,85090,240.0,216.0,3,0.0,Partial Service,Silver,SUV,FWD,27.0,OH,2587,225
Toyota,RAV4,2007,Hybrid,Automatic,2.9,252202,234.0,217.0,4,0.0,,,SUV,AWD,40.0,GA,500,237
Toyota,Corolla,2010,Petrol,Automatic,2.0,125473,162.0,,3,1.0,Full Service,Blue,Sedan,FWD,34.0,,500,201
Toyota,RAV4,2014,Petrol,,2.0,90445,,166.0,3,1.0,,Blue,SUV,AWD,33.0,NC,6070,153
Mercedes-Benz,E-Class,2017,Petrol,Automatic,1.5,82801,136.0,120.0,3,,Full Service,Blue,Sedan,FWD,36.0,,25506,117
BMW,3 Series,2010,Petrol,,,174659,169.0,168.0,3,0.0,Partial Service,Green,Sedan,FWD,,NY,4259,201
Toyota,Corolla,2012,Petrol,Automatic,2.3,82214,188.0,172.0,2,0.0,Partial Service,Gray,Sedan,FWD,40.0,NY,3604,177
BMW,X5,2012,Diesel,Automatic,2.8,206624,222.0,217.0,2,0.0,No Service,Red,SUV,AWD,30.0,TX,9686,177
Ford,F-150,2005,Petrol,Manual,,335551,,308.0,5,1.0,Partial Service,Green,Truck,4WD,20.0,CA,500,261
Ford,Explorer,2014,Petrol,Automatic,2.7,77340,210.0,195.0,3,0.0,Partial Service,White,SUV,AWD,34.0,,10567,153
Ford,Mustang,2016,Petrol,,3.1,123492,217.0,191.0,3,1.0,Partial Service,Blue,Coupe,RWD,23.0,TX,6055,129
Toyota,RAV4,2023,Diesel,Automatic,2.9,30829,204.0,205.0,1,0.0,Partial Service,,SUV,AWD,29.0,MI,24560,45
Honda,Pilot,2005,Petrol,,3.0,132667,226.0,,5,1.0,Partial Service,Gray,SUV,FWD,32.0,OH,546,261
Ford,F-150,2019,Petrol,Automatic,5.1,63907,382.0,,2,0.0,Full Service,Green,Truck,4WD,10.0,OH,18610,93
Audi,A4,2005,Petrol,,1.6,321984,140.0,134.0,4,0.0,,Green,Sedan,FWD,34.0,TX,500,261
Hyundai,Elantra,2008,Petrol,Manual,2.4,286985,192.0,173.0,3,0.0,Partial Service,,Sedan,FWD,34.0,CA,500,225
Mercedes-Benz,GLC,2009,Petrol,Automatic,2.3,376137,167.0,168.0,4,1.0,Full Service,Red,SUV,FWD,34.0,,500,213
Audi,Q5,2014,Diesel,Automatic,2.7,222943,218.0,205.0,3,0.0,Partial Service,Red,SUV,FWD,30.0,PA,7783,153
Hyundai,Tucson,2011,Petrol,Automatic,2.6,108079,206.0,202.0,2,1.0,Full Service,,SUV,AWD,,PA,2837,189
Chevrolet,Malibu,2024,Electric,,0.0,1588,317.0,348.0,1,0.0,,Blue,Sedan,FWD,,GA,24519,33
Audi,Q5,2008,Petrol,Manual,2.3,240743,,155.0,4,0.0,Full Service,Blue,SUV,AWD,31.0,PA,500,225
Mercedes-Benz,C-Class,2011,Petrol,Automatic,2.4,108596,192.0,177.0,3,0.0,,Black,Sedan,FWD,29.0,NC,8567,189
Mercedes-Benz,GLC,2005,Petrol,Manual,2.2,325007,181.0,178.0,5,1.0,Full Service,Silver,SUV,AWD,30.0,FL,500,261
Hyundai,Sonata,2024,Petrol,,2.4,100,182.0,156.0,1,0.0,Full Service,Green,Sedan,FWD,34.0,GA,24322,33
Mercedes-Benz,GLE,2014,Petrol,Automatic,2.2,70588,170.0,157.0,3,1.0,Full Service,Blue,SUV,AWD,28.0,,19108,153
Mercedes-Benz,E-Class,2012,Petrol,Automatic,,161432,,148.0,3,0.0,Partial Service,Blue,Sedan,FWD,31.0,PA,12761,177
Volkswagen,Tiguan,2009,Petrol,Automatic,2.8,199605,222.0,212.0,3,0.0,Full Service,Silver,SUV,AWD,29.0,PA,500,213
Mercedes-Benz,C-Class,2023,Petrol,Automatic,1.5,9993,126.0,94.0,1,0.0,Partial Service,,Sedan,FWD,34.0,GA,35596,45
Honda,Accord,2006,Petrol,Automatic,1.8,268541,150.0,165.0,4,0.0,Partial Service,Blue,Sedan,FWD,37.0,FL,500,249
Chevrolet,Tahoe,2007,Hybrid,Manual,2.3,173478,184.0,159.0,3,1.0,Full Service,Blue,SUV,AWD,43.0,IL,2829,237
Chevrolet,Equinox,2005,Petrol,Automatic,,415752,211.0,198.0,4,0.0,Full Service,Gray,SUV,AWD,26.0,FL,500,261
Hyundai,Sonata,2024,Electric,Automatic,0.0,100,337.0,370.0,1,0.0,Full Service,Silver,Sedan,FWD,101.0,,27223,33
Honda,Civic,2009,Hybrid,Automatic,1.5,188233,,121.0,3,,No Service,Red,Sedan,FWD,50.0,OH,500,213
Audi,Q7,2020,Diesel,Automatic,,65053,182.0,174.0,1,1.0,Partial Service,Silver,SUV,AWD,30.0,GA,30017,81
Toyota,Camry,2010,Petrol,Automatic,2.0,90047,139.0,133.0,3,1.0,No Service,Black,Sedan,FWD,,NY,2202,201
Audi,Q7,2007,Petrol,,,301182,261.0,245.0,4,1.0,Partial Service,Brown,SUV,AWD,25.0,FL,500,237
Chevrolet,Malibu,2007,Petrol,Manual,1.5,186599,133.0,124.0,4,1.0,Full Service,Black,Sedan,FWD,39.0,,500,237
Ford,Explorer,2024,Hybrid,Automatic,3.1,100,223.0,214.0,1,0.0,Partial Service,Green,SUV,AWD,33.0,CA,33505,33
Nissan,Altima,2008,Petrol,Automatic,2.5,368250,194.0,176.0,2,,,Blue,Sedan,AWD,33.0,CA,500,225
Hyundai,Sonata,2021,Hybrid,Automatic,1.9,41753,156.0,143.0,1,0.0,Full Service,Silver,Sedan,FWD,58.0,GA,17816,69
BMW,X5,2018,Hybrid,Automatic,2.0,41252,162.0,163.0,1,0.0,Full Service,Silver,SUV,FWD,,OH,38672,105
BMW,3 Series,2010,Petrol,Manual,,144349,,166.0,4,0.0,No Service,White,Sedan,FWD,35.0,IL,4446,201
Mercedes-Benz,E-Class,2022,Petrol,Automatic,2.2,35849,173.0,182.0,1,0.0,Full Service,Brown,Sedan,AWD,,NY,46906,57
Hyundai,Elantra,2008,Petrol,Automatic,2.3,210074,170.0,140.0,3,0.0,Full Service,Gray,Sedan,AWD,34.0,GA,500,225
Honda,CR-V,2014,Petrol,,2.3,81277,194.0,178.0,3,1.0,No Service,Black,SUV,AWD,29.0,FL,6343,153
BMW,3 Series,2005,Petrol,Manual,2.2,36787,178.0,156.0,4,0.0,Partial Service,White,Sedan,FWD,35.0,NC,6615,261
Mercedes-Benz,GLC,2018,Petrol,Automatic,3.2,13460,249.0,249.0,1,1.0,No Service,Blue,SUV,AWD,21.0,NC,20116,105
Chevrolet,Malibu,2011,Petrol,Manual,1.5,78016,99.0,88.0,3,0.0,Full Service,Gray,Sedan,FWD,,,4050,189
Nissan,Sentra,2021,Petrol,Automatic,,46431,166.0,166.0,1,0.0,Partial Service,Red,Sedan,FWD,36.0,,13877,69
Toyota,Corolla,2023,Petrol,Automatic,1.4,4339,,100.0,1,,Full Service,Silver,Sedan,FWD,39.0,MI,19094,45
BMW,5 Series,2009,Petrol,Automatic,1.6,214654,136.0,,4,1.0,,Brown,Sedan,FWD,34.0,TX,3748,213
Honda,Civic,2017,Petrol,Automatic,2.4,79330,173.0,167.0,2,0.0,,Black,Sedan,FWD,28.0,,8416,117
BMW,5 Series,2006,Petrol,Automatic,2.0,176123,,135.0,4,1.0,Full Service,Gray,Sedan,FWD,41.0,NY,2797,249
Toyota,Camry,2012,Petrol,,1.5,33356,120.0,101.0,3,1.0,Full Service,Black,Sedan,AWD,35.0,MI,6333,177
Mercedes-Benz,C-Class,2009,Petrol,Automatic,,197388,143.0,121.0,4,,,Gray,Sedan,FWD,37.0,TX,1993,213
Mercedes-Benz,GLE,2016,Petrol,Automatic,2.3,182539,,172.0,1,1.0,Partial Service,Brown,SUV,AWD,27.0,FL,18805,129
Ford,Escape,2010,Petrol,,2.4,100,,176.0,3,1.0,Full Service,Brown,SUV,AWD,27.0,MI,6583,201
BMW,5 Series,2014,Hybrid,Automatic,1.9,129092,,130.0,2,0.0,Partial Service,Black,Sedan,FWD,45.0,TX,16909,153
Mercedes-Benz,GLC,2014,Petrol,Automatic,2.3,173303,179.0,161.0,3,0.0,Full Service,Green,SUV,FWD,31.0,MI,11988,153
Hyundai,Tucson,2024,Petrol,Automatic,3.3,100,259.0,247.0,1,0.0,,Silver,SUV,AWD,20.0,TX,26199,33
Hyundai,Tucson,2020,Petrol,,,52374,210.0,203.0,2,0.0,Full Service,Blue,SUV,FWD,,MI,18024,81
Hyundai,Santa Fe,2011,Petrol,Manual,2.0,133738,150.0,,4,0.0,,White,SUV,AWD,34.0,IL,3725,189
Ford,Escape,2005,Petrol,Automatic,2.8,176557,205.0,195.0,5,,Partial Service,Green,SUV,AWD,30.0,CA,500,261
Toyota,RAV4,2014,Petrol,Automatic,2.1,30410,162.0,,2,0.0,Full Service,,SUV,FWD,33.0,IL,11475,153
Chevrolet,Equinox,2006,Petrol,Automatic,3.4,81385,263.0,256.0,5,1.0,Full Service,Red,SUV,FWD,22.0,NY,1391,249
Hyundai,Santa Fe,2023,Hybrid,Automatic,3.1,9440,241.0,231.0,1,0.0,Full Service,Black,SUV,FWD,37.0,NC,31181,45
BMW,X5,2009,Diesel,Automatic,3.2,102912,231.0,224.0,3,0.0,No Service,Red,SUV,FWD,28.0,TX,10963,213
Toyota,Camry,2020,Petrol,Automatic,2.0,10860,157.0,159.0,1,,Full Service,,Sedan,FWD,,TX,17836,81
Audi,Q7,2012,Petrol,Automatic,,168644,240.0,,4,0.0,No Service,White,SUV,AWD,26.0,FL,11185,177
Volkswagen,Atlas,2009,Petrol,Automatic,2.4,168079,175.0,167.0,3,1.0,,,SUV,FWD,25.0,GA,1078,213
BMW,X3,2020,Hybrid,Automatic,2.4,44778,176.0,154.0,3,0.0,No Service,Green,SUV,FWD,52.0,GA,26788,81
Nissan,Altima,2020,Petrol,Automatic,,57928,188.0,177.0,1,0.0,No Service,Blue,Sedan,AWD,32.0,CA,12615,81
Honda,Accord,2014,Petrol,Automatic,1.5,71016,121.0,107.0,4,,Partial Service,Gray,Sedan,AWD,37.0,FL,6138,153
BMW,5 Series,2012,Diesel,Automatic,2.3,39955,181.0,173.0,2,1.0,Full Service,Gray,Sedan,FWD,,NY,17580,177
Audi,Q5,2021,Petrol,Automatic,2.9,16158,,225.0,1,0.0,Full Service,Green,SUV,AWD,25.0,OH,34114,69
Toyota,Camry,2024,Petrol,Automatic,,100,153.0,150.0,1,0.0,,Blue,Sedan,FWD,36.0,CA,26123,33
Audi,Q5,2006,Diesel,,2.2,246326,174.0,164.0,5,0.0,Full Service,Black,SUV,FWD,28.0,OH,500,249
Volkswagen,Passat,2023,Petrol,,2.1,7595,157.0,144.0,1,,Partial Service,Black,Sedan,FWD,34.0,CA,25035,45
Nissan,Rogue,2005,Petrol,Automatic,3.4,347395,262.0,251.0,5,1.0,Full Service,Black,SUV,AWD,26.0,,500,261
Nissan,Sentra,2016,Hybrid,Automatic,2.2,145807,169.0,169.0,3,0.0,Full Service,Gray,Sedan,FWD,53.0,NC,2796,129
Mercedes-Benz,E-Class,2012,Petrol,,1.6,72740,129.0,133.0,2,0.0,No Service,Red,Sedan,AWD,43.0,PA,14877,177
Nissan,Sentra,2010,Petrol,Manual,2.4,192339,181.0,163.0,4,1.0,Partial Service,Green,Sedan,FWD,39.0,IL,500,201
Chevrolet,Tahoe,2017,Diesel,Automatic,2.6,44629,,186.0,3,0.0,No Service,Silver,SUV,FWD,32.0,,23065,117
Hyundai,Sonata,2015,Petrol,Automatic,2.4,98907,,185.0,2,1.0,,Black,Sedan,FWD,29.0,IL,5356,141
Chevrolet,Malibu,2022,Petrol,Automatic,2.0,13466,158.0,144.0,1,,Partial Service,,Sedan,FWD,31.0,,17918,57
Hyundai,Sonata,2022,Petrol,Automatic,1.9,23281,156.0,136.0,1,0.0,Full Service,Silver,Sedan,FWD,32.0,,22533,57
Audi,A6,2023,Petrol,Automatic,1.9,100,,,1,,Full Service,Black,Sedan,FWD,35.0,CA,52333,45
Toyota,RAV4,2013,Petrol,Automatic,2.4,206742,204.0,180.0,3,0.0,Partial Service,Blue,SUV,AWD,30.0,,777,165
Mercedes-Benz,E-Class,2005,Diesel,Automatic,1.7,193869,,149.0,5,1.0,Partial Service,Blue,Sedan,FWD,34.0,FL,1399,261
Audi,Q7,2011,Petrol,,3.4,215316,261.0,248.0,3,0.0,,White,SUV,FWD,22.0,IL,7656,189
Mercedes-Benz,GLC,2016,Petrol,Automatic,3.1,121663,230.0,,2,0.0,Partial Service,Gray,SUV,AWD,28.0,PA,15323,129
Chevrolet,Silverado,2006,Petrol,Automatic,,281855,391.0,373.0,3,0.0,,Silver,Truck,4WD,,CA,500,249
Volkswagen,Passat,2010,Diesel,Automatic,2.3,136166,191.0,164.0,5,,Full Service,White,Sedan,FWD,29.0,OH,1518,201
Volkswagen,Atlas,2013,Petrol,Automatic,2.3,133092,,164.0,3,0.0,Partial Service,Silver,SUV,FWD,31.0,NY,7189,165
Toyota,Camry,2012,Diesel,,,39579,197.0,176.0,2,,,Blue,Sedan,FWD,33.0,MI,6017,177
Toyota,Highlander,2007,Petrol,Automatic,,189988,158.0,143.0,3,,Full Service,Red,SUV,AWD,37.0,,500,237
Nissan,Pathfinder,2017,Diesel,Automatic,2.8,78445,228.0,213.0,1,1.0,Full Service,White,SUV,AWD,29.0,,12691,117
Chevrolet,Silverado,2023,Diesel,Automatic,3.3,9933,251.0,236.0,1,0.0,,Silver,Truck,4WD,21.0,FL,31823,45
Nissan,Pathfinder,2010,Petrol,,3.2,100793,,229.0,3,0.0,No Service,Brown,SUV,AWD,28.0,GA,4417,201
Mercedes-Benz,GLC,2005,Petrol,Manual,2.0,330149,182.0,190.0,5,0.0,Partial Service,Red,SUV,AWD,,IL,500,261
Chevrolet,Silverado,2021,Petrol,Automatic,4.0,39084,298.0,271.0,1,0.0,Partial Service,Brown,Truck,4WD,18.0,MI,24549,69
BMW,X5,2022,Petrol,Automatic,2.5,54602,200.0,209.0,1,0.0,Partial Service,Black,SUV,FWD,28.0,IL,46863,57
Toyota,Corolla,2015,Petrol,Automatic,2.1,103597,170.0,162.0,3,,,Green,Sedan,AWD,27.0,NY,3503,141
Hyundai,Santa Fe,2023,Petrol,Automatic,3.0,1973,,223.0,1,,Partial Service,,SUV,FWD,26.0,FL,31105,45
Volkswagen,Atlas,2008,Hybrid,Automatic,3.1,277570,238.0,217.0,3,,Full Service,Brown,SUV,AWD,47.0,MI,500,225
Chevrolet,Malibu,2006,Petrol,,1.9,325955,164.0,163.0,3,1.0,Full Service,Red,Sedan,AWD,36.0,NY,500,249
Nissan,Sentra,2008,Hybrid,Automatic,2.2,201775,,170.0,5,,,Silver,Sedan,AWD,38.0,OH,500,225
Toyota,Camry,2021,Petrol,Automatic,2.4,62551,190.0,172.0,1,0.0,Full Service,Red,Sedan,FWD,31.0,TX,17361,69
Nissan,Rogue,2005,Petrol,Manual,2.3,223214,177.0,174.0,5,0.0,Full Service,,SUV,FWD,34.0,TX,500,261
Volkswagen,Tiguan,2019,Petrol,Automatic,2.7,15306,213.0,190.0,2,0.0,Partial Service,Green,SUV,AWD,26.0,GA,17251,93
Ford,Mustang,2017,Petrol,Automatic,3.0,42271,,205.0,1,0.0,Partial Service,Gray,Coupe,RWD,27.0,MI,13543,117
Honda,Civic,2024,Diesel,Automatic,1.9,100,158.0,133.0,1,0.0,No Service,,Sedan,FWD,33.0,NC,19054,33
Chevrolet,Malibu,2008,Petrol,Automatic,1.4,75715,133.0,121.0,3,1.0,Full Service,Blue,Sedan,FWD,44.0,TX,1867,225
Hyundai,Sonata,2021,Petrol,Automatic,,22670,162.0,170.0,1,,Full Service,,Sedan,AWD,32.0,NC,18170,69
Hyundai,Sonata,2021,Diesel,Automatic,2.4,34463,158.0,140.0,1,0.0,Partial Service,Black,Sedan,FWD,,CA,17104,69
Honda,CR-V,2010,Petrol,,2.5,90372,192.0,193.0,3,1.0,Full Service,,SUV,FWD,37.0,PA,3440,201
Audi,A4,2022,Petrol,,2.5,25898,,191.0,1,0.0,Full Service,Blue,Sedan,AWD,33.0,OH,38454,57
Chevrolet,Tahoe,2009,Petrol,Automatic,3.1,142286,235.0,241.0,4,,Partial Service,Red,SUV,FWD,28.0,CA,6767,213
BMW,X5,2023,Electric,Automatic,0.0,20416,345.0,,1,0.0,Full Service,Red,SUV,FWD,105.0,GA,56412,45
Nissan,Rogue,2018,Petrol,Automatic,2.7,61757,,206.0,1,0.0,,Silver,SUV,AWD,26.0,,13037,105
Hyundai,Santa Fe,2011,Petrol,Automatic,,226798,144.0,136.0,2,1.0,Partial Service,Green,SUV,AWD,31.0,,500,189
Toyota,Camry,2022,Petrol,Automatic,2.3,100,,,1,0.0,Partial Service,,Sedan,AWD,31.0,GA,21342,57
Honda,Civic,2023,Hybrid,,1.6,31249,,137.0,1,0.0,Partial Service,Silver,Sedan,FWD,57.0,,17785,45
Honda,Accord,2016,Hybrid,Automatic,,78135,,174.0,2,0.0,,White,Sedan,FWD,54.0,GA,9851,129
Ford,F-150,2020,Petrol,,,19933,379.0,355.0,1,0.0,,Green,Truck,RWD,15.0,CA,21928,81
Mercedes-Benz,E-Class,2017,Petrol,Automatic,,28221,201.0,187.0,2,0.0,Partial Service,White,Sedan,FWD,28.0,GA,29316,117
Audi,A6,2018,Diesel,Automatic,1.8,94212,144.0,144.0,2,,Full Service,Green,Sedan,FWD,,,25344,105
Toyota,RAV4,2017,Petrol,Automatic,2.4,88193,196.0,184.0,2,1.0,Partial Service,Blue,SUV,FWD,29.0,,10154,117
Honda,CR-V,2007,Petrol,Manual,2.2,176322,173.0,171.0,5,1.0,Partial Service,Silver,SUV,FWD,30.0,CA,500,237
Volkswagen,Atlas,2015,Petrol,Automatic,2.6,107879,196.0,,3,0.0,No Service,,SUV,AWD,27.0,FL,9319,141
Chevrolet,Silverado,2023,Petrol,Automatic,4.4,18498,331.0,298.0,1,0.0,No Service,Green,Truck,4WD,13.0,GA,27981,45
Nissan,Rogue,2009,Diesel,Automatic,,120252,271.0,261.0,3,1.0,,Red,SUV,FWD,24.0,MI,1250,213
Mercedes-Benz,GLE,2010,Petrol,Automatic,2.3,252491,184.0,,4,0.0,,White,SUV,FWD,33.0,,5655,201
Chevrolet,Malibu,2015,Petrol,Automatic,2.2,144830,180.0,155.0,1,1.0,,White,Sedan,AWD,35.0,NY,3078,141
Honda,Accord,2020,Hybrid,Automatic,,63446,169.0,,2,0.0,Partial Service,Gray,Sedan,FWD,51.0,NY,14139,81
Hyundai,Santa Fe,2006,Diesel,,2.7,110477,219.0,194.0,3,1.0,Partial Service,Red,SUV,AWD,26.0,,1445,249
Hyundai,Tucson,2016,Hybrid,Automatic,3.3,114217,258.0,,4,0.0,Full Service,Silver,SUV,AWD,43.0,IL,7897,129
Volkswagen,Atlas,2023,Hybrid,,2.5,6062,206.0,191.0,1,0.0,No Service,Red,SUV,RWD,,NY,29716,45
Hyundai,Tucson,2005,Petrol,Automatic,2.2,227326,168.0,163.0,4,0.0,Partial Service,Silver,SUV,AWD,28.0,PA,500,261
Chevrolet,Equinox,2020,Petrol,Automatic,2.2,59891,177.0,,1,1.0,No Service,White,SUV,AWD,32.0,OH,11695,81
Volkswagen,Passat,2016,Petrol,Automatic,,106880,164.0,135.0,2,1.0,Full Service,Red,Sedan,FWD,32.0,NY,7400,129
Audi,Q5,2011,Petrol,Automatic,2.2,149005,165.0,163.0,4,0.0,Full Service,White,SUV,RWD,32.0,,7743,189
Volkswagen,Golf,2012,Petrol,Automatic,,170848,176.0,168.0,3,,Full Service,Blue,Hatchback,FWD,36.0,OH,500,177
Chevrolet,Silverado,2017,Hybrid,Automatic,5.5,83150,400.0,,2,0.0,Partial Service,Green,Truck,4WD,23.0,GA,14276,117
BMW,3 Series,2021,Hybrid,Automatic,,76053,147.0,135.0,1,0.0,No Service,Gray,Sedan,FWD,50.0,,25875,69
Audi,Q7,2021,Petrol,,2.1,55012,157.0,134.0,1,0.0,No Service,Gray,SUV,AWD,33.0,NY,36374,69
Honda,Pilot,2011,Petrol,Automatic,3.3,192206,247.0,233.0,3,1.0,Full Service,White,SUV,FWD,23.0,CA,2158,189
Toyota,Corolla,2015,Petrol,Automatic,2.3,71743,203.0,,2,1.0,,Red,Sedan,FWD,,NY,4609,141
Volkswagen,Passat,2009,Petrol,,2.1,235160,162.0,150.0,4,0.0,Partial Service,,Sedan,FWD,,NC,500,213
Mercedes-Benz,GLE,2012,Petrol,,2.7,99621,214.0,217.0,3,1.0,,,SUV,FWD,36.0,MI,14175,177
Ford,Escape,2019,Electric,Automatic,0.0,92758,252.0,277.0,2,1.0,,Brown,SUV,AWD,116.0,NY,9866,93
Volkswagen,Golf,2015,Petrol,Automatic,1.5,105320,121.0,111.0,2,,Full Service,Brown,Hatchback,FWD,,,6687,141
Audi,A6,2013,Petrol,Automatic,2.2,126181,164.0,150.0,2,1.0,Partial Service,Brown,Sedan,FWD,,FL,12652,165
Ford,Explorer,2023,Petrol,Automatic,2.2,10395,177.0,178.0,1,0.0,Partial Service,Red,SUV,AWD,35.0,PA,30516,45
Volkswagen,Tiguan,2019,Hybrid,Automatic,2.1,41246,177.0,184.0,1,0.0,Partial Service,Black,SUV,FWD,49.0,PA,16910,93
Honda,Civic,2022,Petrol,Automatic,,22060,,112.0,1,0.0,Full Service,Blue,Sedan,FWD,36.0,CA,17452,57
Mercedes-Benz,GLE,2015,Petrol,,3.0,99152,222.0,,2,1.0,Full Service,Brown,SUV,AWD,24.0,GA,20846,141
BMW,5 Series,2010,Petrol,,1.7,267468,119.0,105.0,3,1.0,Full Service,Gray,Sedan,FWD,34.0,OH,3413,201
Toyota,Highlander,2019,Petrol,,2.3,42953,171.0,164.0,1,0.0,Full Service,,SUV,FWD,37.0,NC,22497,93
Toyota,Highlander,2005,Petrol,Manual,2.1,123730,167.0,155.0,4,0.0,Full Service,Green,SUV,AWD,40.0,OH,969,261
Hyundai,Santa Fe,2021,Hybrid,Automatic,3.3,35459,244.0,239.0,1,0.0,Partial Service,Silver,SUV,AWD,34.0,CA,23585,69
Audi,A4,2022,Hybrid,Automatic,1.5,37323,110.0,,1,0.0,No Service,White,Sedan,FWD,45.0,MI,28925,57
Mercedes-Benz,GLC,2009,Petrol,Manual,2.6,167587,,190.0,3,0.0,Full Service,Blue,SUV,AWD,,NC,5214,213
Hyundai,Santa Fe,2024,Petrol,Automatic,2.8,1699,217.0,,1,0.0,Full Service,Brown,SUV,FWD,26.0,FL,33167,33
Hyundai,Santa Fe,2007,Petrol,Automatic,,227545,,,3,0.0,No Service,Red,SUV,FWD,32.0,PA,500,237
BMW,X5,2017,Diesel,Automatic,2.7,95786,,225.0,2,1.0,,Silver,SUV,AWD,29.0,FL,23972,117
Chevrolet,Tahoe,2010,Petrol,Automatic,2.8,261649,214.0,200.0,3,0.0,Full Service,Green,SUV,FWD,27.0,NY,2559,201
Honda,Civic,2022,Diesel,Automatic,2.2,37438,176.0,169.0,1,0.0,Full Service,Silver,Sedan,AWD,,TX,16188,57
Nissan,Pathfinder,2012,Petrol,Automatic,3.0,100,231.0,231.0,3,1.0,,,SUV,AWD,32.0,CA,10609,177
BMW,5 Series,2005,Petrol,Manual,2.2,226782,182.0,174.0,5,0.0,Partial Service,Silver,Sedan,FWD,34.0,,500,261
Nissan,Sentra,2024,Petrol,Automatic,2.1,1707,169.0,175.0,1,0.0,Full Service,Red,Sedan,FWD,,TX,21876,33
Mercedes-Benz,GLE,2012,Petrol,Automatic,2.5,65515,184.0,170.0,2,1.0,No Service,Brown,SUV,AWD,31.0,IL,13564,177
Mercedes-Benz,GLC,2010,Diesel,Automatic,2.6,171290,176.0,162.0,5,,,Silver,SUV,FWD,28.0,FL,4491,201
Mercedes-Benz,GLC,2007,Petrol,Automatic,,246170,,171.0,4,1.0,Full Service,Silver,SUV,AWD,28.0,NY,500,237
BMW,X5,2012,Petrol,Automatic,2.2,263821,174.0,169.0,2,1.0,,Black,SUV,FWD,36.0,OH,7449,177
Chevrolet,Equinox,2013,Petrol,Automatic,2.1,82797,170.0,165.0,2,1.0,No Service,Gray,SUV,AWD,31.0,NY,4479,165
Audi,A4,2024,Petrol,Automatic,2.2,8032,157.0,171.0,1,,,Blue,Sedan,FWD,,FL,38039,33
BMW,X5,2023,Petrol,Automatic,2.5,6121,,192.0,1,0.0,Full Service,Black,SUV,AWD,28.0,NY,64376,45
Toyota,RAV4,2023,Petrol,,2.3,24593,187.0,180.0,1,0.0,No Service,Silver,SUV,AWD,,TX,22814,45
Hyundai,Santa Fe,2009,Petrol,Automatic,2.9,194911,202.0,,3,0.0,Partial Service,Red,SUV,AWD,26.0,NY,500,213
Honda,Accord,2016,Petrol,Automatic,1.6,119328,,117.0,2,1.0,Partial Service,White,Sedan,FWD,34.0,NC,6093,129
Mercedes-Benz,GLE,2021,Petrol,,2.7,47338,236.0,231.0,1,0.0,Full Service,Brown,SUV,AWD,26.0,OH,47734,69
Audi,A4,2016,Petrol,Automatic,1.7,105643,147.0,139.0,2,1.0,No Service,Red,Sedan,FWD,34.0,NY,11341,129
Ford,Explorer,2011,Petrol,Automatic,2.3,68515,178.0,153.0,3,0.0,Full Service,Green,SUV,AWD,35.0,,4020,189
Volkswagen,Tiguan,2019,Petrol,Automatic,3.1,57955,239.0,240.0,3,1.0,Full Service,Green,SUV,AWD,23.0,NC,13959,93
Honda,Pilot,2015,Petrol,Automatic,2.6,70016,191.0,,3,0.0,Full Service,Blue,SUV,FWD,30.0,IL,13736,141
Hyundai,Sonata,2022,Petrol,,1.5,40306,,123.0,1,0.0,No Service,,Sedan,FWD,40.0,PA,16567,57
Hyundai,Sonata,2015,Diesel,Automatic,,49179,188.0,,2,1.0,Partial Service,Red,Sedan,AWD,32.0,NY,7347,141
Toyota,RAV4,2020,Diesel,Automatic,3.0,83669,235.0,233.0,1,0.0,Partial Service,,SUV,AWD,28.0,CA,15580,81
Ford,Mustang,2015,Diesel,Manual,3.2,32195,,,3,,Full Service,Blue,Coupe,AWD,29.0,MI,11211,141
BMW,5 Series,2019,Petrol,Automatic,1.5,45141,104.0,,2,0.0,Partial Service,Black,Sedan,FWD,37.0,MI,34739,93
BMW,3 Series,2010,Petrol,,1.4,197686,131.0,,3,1.0,No Service,White,Sedan,FWD,38.0,OH,2305,201
Audi,A6,2021,Petrol,,2.2,21300,178.0,171.0,1,0.0,No Service,,Sedan,FWD,32.0,OH,38514,69
BMW,3 Series,2021,Petrol,Automatic,2.0,88487,158.0,158.0,1,0.0,Partial Service,Brown,Sedan,FWD,32.0,NY,29817,69
Toyota,Corolla,2013,Petrol,Automatic,1.7,186951,123.0,118.0,2,0.0,Partial Service,Blue,Sedan,FWD,42.0,CA,500,165
Volkswagen,Golf,2008,Petrol,Manual,,232930,194.0,199.0,3,0.0,Partial Service,Blue,Hatchback,FWD,31.0,IL,500,225
Toyota,Corolla,2015,Diesel,Automatic,2.0,42817,159.0,146.0,3,0.0,No Service,Blue,Sedan,FWD,36.0,IL,6110,141
Chevrolet,Malibu,2016,Electric,,0.0,80216,193.0,,2,0.0,Full Service,,Sedan,FWD,,OH,8172,129
BMW,5 Series,2008,Petrol,Manual,,276983,115.0,117.0,3,1.0,Partial Service,Brown,Sedan,FWD,38.0,IL,539,225
Volkswagen,Passat,2020,Diesel,Automatic,,100,,132.0,1,0.0,Partial Service,Black,Sedan,FWD,35.0,IL,20474,81
Ford,Escape,2009,Petrol,,,130710,212.0,195.0,4,1.0,No Service,White,SUV,FWD,,NC,627,213
Nissan,Sentra,2009,Petrol,,1.7,111303,143.0,129.0,4,0.0,,Black,Sedan,FWD,38.0,MI,500,213
Toyota,Highlander,2018,Hybrid,Automatic,2.6,57357,199.0,203.0,1,0.0,Partial Service,Green,SUV,AWD,47.0,CA,17604,105
Hyundai,Tucson,2023,Petrol,Automatic,,25460,210.0,210.0,1,0.0,Partial Service,Silver,SUV,AWD,26.0,PA,22115,45
BMW,X5,2009,Petrol,Manual,2.4,176852,,196.0,5,,,White,SUV,AWD,23.0,GA,5657,213
BMW,X3,2023,Diesel,Automatic,2.5,19267,209.0,191.0,1,,Full Service,Black,SUV,AWD,30.0,IL,39923,45
Chevrolet,Tahoe,2024,Petrol,Automatic,3.0,4770,,234.0,1,0.0,Full Service,Gray,SUV,AWD,27.0,,50377,33
Audi,Q7,2022,Diesel,Automatic,3.1,20926,,226.0,1,,,Silver,SUV,AWD,25.0,TX,45952,57
Volkswagen,Passat,2017,Petrol,Automatic,2.2,84431,172.0,,3,1.0,Partial Service,Green,Sedan,AWD,31.0,,9080,117
Ford,Mustang,2010,Diesel,Manual,2.5,222732,185.0,200.0,2,1.0,Partial Service,Green,Coupe,RWD,36.0,OH,500,201
Ford,Explorer,2024,Hybrid,Automatic,2.0,100,142.0,152.0,1,0.0,Full Service,Blue,SUV,AWD,52.0,TX,36139,33
BMW,5 Series,2005,Petrol,,1.9,100,133.0,141.0,4,1.0,Partial Service,White,Sedan,AWD,37.0,PA,4452,261
Ford,Mustang,2016,Petrol,Automatic,2.9,135855,234.0,,2,0.0,Partial Service,Gray,Coupe,AWD,30.0,IL,6990,129
Toyota,Camry,2008,Petrol,Automatic,1.7,234505,136.0,,4,,No Service,Silver,Sedan,FWD,,TX,500,225
Toyota,Highlander,2010,Petrol,,3.3,282355,240.0,227.0,3,1.0,No Service,Green,SUV,AWD,26.0,NY,500,201
Mercedes-Benz,GLE,2022,Petrol,Automatic,2.9,1079,217.0,,1,0.0,Partial Service,Brown,SUV,FWD,27.0,GA,54402,57
Honda,Civic,2023,Petrol,Automatic,2.0,18122,178.0,163.0,1,0.0,,Black,Sedan,FWD,38.0,NY,19176,45
Hyundai,Santa Fe,2007,Petrol,Automatic,2.2,243796,,185.0,3,,Partial Service,White,SUV,AWD,34.0,TX,500,237
Ford,Escape,2022,Hybrid,,3.4,27181,247.0,239.0,1,0.0,,Gray,SUV,AWD,,,21428,57
BMW,X5,2008,Petrol,Automatic,2.6,100,201.0,195.0,3,0.0,No Service,Black,SUV,FWD,32.0,MI,13991,225
BMW,X5,2014,Petrol,Automatic,2.0,124524,165.0,153.0,3,1.0,Full Service,Silver,SUV,AWD,38.0,MI,18975,153
Ford,Explorer,2023,Petrol,Automatic,3.0,100,238.0,216.0,1,0.0,Full Service,Red,SUV,AWD,25.0,FL,32009,45
Toyota,Camry,2011,Diesel,Automatic,1.8,163996,144.0,146.0,3,,Full Service,White,Sedan,FWD,32.0,,500,189
Chevrolet,Equinox,2021,Petrol,Automatic,,34572,270.0,,1,0.0,Partial Service,Red,SUV,RWD,22.0,CA,17869,69
Nissan,Altima,2007,Diesel,Automatic,2.0,190467,164.0,173.0,4,1.0,,Blue,Sedan,FWD,37.0,PA,500,237
Chevrolet,Equinox,2015,Petrol,Automatic,2.4,187383,187.0,171.0,1,0.0,Partial Service,Gray,SUV,AWD,34.0,IL,2906,141
Honda,Pilot,2018,Petrol,Automatic,3.1,72424,236.0,241.0,3,0.0,Partial Service,Brown,SUV,AWD,23.0,,18073,105
Nissan,Rogue,2012,Petrol,Automatic,2.0,207165,161.0,155.0,2,0.0,Partial Service,White,SUV,AWD,30.0,CA,500,177
Mercedes-Benz,GLC,2022,Petrol,Automatic,3.4,27510,,248.0,1,0.0,Full Service,Brown,SUV,AWD,23.0,OH,37804,57
Ford,Mustang,2005,Diesel,Automatic,4.3,260876,,291.0,4,1.0,Partial Service,Gray,Coupe,RWD,17.0,,500,261
Honda,CR-V,2016,Petrol,Automatic,,103016,211.0,,4,0.0,Full Service,,SUV,AWD,,OH,9052,129
Honda,Pilot,2023,Petrol,Automatic,2.7,13676,205.0,195.0,1,0.0,Partial Service,White,SUV,RWD,27.0,MI,36017,45
Hyundai,Elantra,2021,Electric,Automatic,0.0,47644,313.0,344.0,1,0.0,Full Service,Black,Sedan,FWD,,MI,14406,69
Hyundai,Santa Fe,2018,Electric,Automatic,0.0,46803,294.0,323.0,3,1.0,No Service,Blue,SUV,RWD,105.0,TX,11767,105
Toyota,Corolla,2018,Petrol,Automatic,2.3,25568,172.0,141.0,1,,,Red,Sedan,FWD,38.0,IL,8838,105
Volkswagen,Tiguan,2006,Petrol,Automatic,3.4,94501,264.0,,4,1.0,,Brown,SUV,RWD,29.0,TX,1064,249
Mercedes-Benz,GLE,2009,Petrol,Automatic,2.5,156835,,191.0,2,,Partial Service,,SUV,AWD,31.0,OH,7542,213
BMW,3 Series,2016,Diesel,,,70412,125.0,111.0,3,0.0,Partial Service,,Sedan,AWD,43.0,GA,15336,129
Audi,Q5,2020,Petrol,Automatic,2.3,8407,197.0,,1,,Full Service,Blue,SUV,AWD,31.0,NC,34323,81
Nissan,Sentra,2023,Petrol,Automatic,,18824,135.0,134.0,1,,Partial Service,Blue,Sedan,FWD,37.0,MI,16587,45
Volkswagen,Passat,2005,Petrol,Automatic,1.4,253154,126.0,113.0,4,0.0,Partial Service,Gray,Sedan,AWD,40.0,NC,500,261
Chevrolet,Tahoe,2012,Petrol,Automatic,3.1,174183,249.0,224.0,2,1.0,Partial Service,Black,SUV,FWD,33.0,NY,8319,177
Audi,Q5,2011,Diesel,Automatic,3.5,41247,268.0,249.0,3,,Full Service,Silver,SUV,RWD,21.0,TX,11160,189
Mercedes-Benz,GLC,2019,Petrol,Automatic,3.4,25899,260.0,244.0,2,0.0,Partial Service,Gray,SUV,AWD,21.0,GA,26856,93
Toyota,Highlander,2016,Petrol,Automatic,3.1,167695,233.0,222.0,3,1.0,Partial Service,Green,SUV,AWD,,,7674,129
Mercedes-Benz,GLC,2022,Petrol,Automatic,3.2,30147,,247.0,1,,Full Service,,SUV,FWD,27.0,GA,38844,57
BMW,3 Series,2005,Petrol,Automatic,2.5,289761,205.0,202.0,5,1.0,Partial Service,Brown,Sedan,FWD,25.0,,500,261
Chevrolet,Malibu,2010,Diesel,Manual,1.9,166351,146.0,142.0,2,1.0,No Service,Brown,Sedan,FWD,,PA,500,201
Ford,F-150,2021,Electric,Automatic,0.0,4140,322.0,354.0,1,,Partial Service,Silver,Truck,4WD,123.0,MI,24618,69
Nissan,Altima,2016,Petrol,Automatic,2.0,138647,158.0,155.0,3,0.0,No Service,Black,Sedan,AWD,35.0,OH,4662,129
BMW,X5,2013,Petrol,Automatic,3.4,157725,265.0,243.0,2,1.0,Full Service,,SUV,FWD,24.0,MI,13991,165
BMW,5 Series,2023,Petrol,,1.9,17438,158.0,139.0,1,0.0,Partial Service,Blue,Sedan,FWD,,OH,49632,45
Toyota,RAV4,2006,Petrol,Manual,,95954,,181.0,5,0.0,,Green,SUV,AWD,,OH,1347,249
Chevrolet,Equinox,2022,Petrol,Automatic,2.2,17774,173.0,162.0,1,,Full Service,Brown,SUV,AWD,33.0,FL,11197,57
Audi,A4,2019,Hybrid,Automatic,2.0,32957,186.0,172.0,2,1.0,,White,Sedan,FWD,50.0,MI,21157,93
Mercedes-Benz,C-Class,2010,Petrol,Automatic,1.7,182104,135.0,115.0,2,1.0,Full Service,Silver,Sedan,FWD,36.0,,3957,201
Ford,Escape,2014,Petrol,Automatic,2.5,198127,182.0,178.0,3,1.0,No Service,Silver,SUV,AWD,33.0,,975,153
Audi,Q5,2018,Petrol,Automatic,2.4,93574,193.0,161.0,1,0.0,No Service,Green,SUV,AWD,26.0,MI,20357,105
Toyota,Highlander,2011,Diesel,Automatic,2.5,223784,200.0,203.0,2,1.0,Full Service,Blue,SUV,FWD,29.0,GA,607,189
Ford,F-150,2020,Petrol,Automatic,5.4,55232,392.0,363.0,1,0.0,Full Service,Gray,Truck,RWD,,FL,21624,81
Toyota,RAV4,2007,Petrol,Manual,3.4,286812,268.0,258.0,5,0.0,No Service,Blue,SUV,AWD,,FL,500,237
Nissan,Altima,2009,Petrol,Automatic,1.6,99419,,125.0,4,1.0,Partial Service,Silver,Sedan,FWD,42.0,IL,1419,213
Nissan,Altima,2017,Diesel,Automatic,2.5,113582,197.0,198.0,2,0.0,Full Service,Blue,Sedan,AWD,26.0,,7518,117
Hyundai,Elantra,2009,Petrol,Automatic,,121954,185.0,178.0,2,1.0,No Service,Black,Sedan,FWD,31.0,GA,500,213
Nissan,Altima,2023,Electric,Automatic,0.0,3932,,325.0,1,0.0,No Service,,Sedan,FWD,113.0,IL,20187,45
Honda,Civic,2024,Petrol,Automatic,1.7,530,139.0,138.0,1,,Full Service,Black,Sedan,FWD,36.0,CA,22386,33
Audi,A4,2016,Petrol,Automatic,2.4,58970,217.0,212.0,4,1.0,,Red,Sedan,FWD,32.0,OH,12711,129
Mercedes-Benz,GLE,2010,Petrol,Automatic,3.0,220473,237.0,,4,1.0,Full Service,White,SUV,FWD,25.0,IL,9709,201
Hyundai,Sonata,2011,Petrol,Automatic,1.5,309743,121.0,112.0,1,,Full Service,White,Sedan,FWD,41.0,PA,500,189
Ford,Escape,2009,Petrol,Automatic,2.4,181379,185.0,172.0,3,0.0,Full Service,,SUV,AWD,30.0,NY,500,213
Honda,Civic,2011,Petrol,,,268025,184.0,,2,0.0,,Blue,Sedan,FWD,31.0,CA,500,189
BMW,5 Series,2018,Petrol,Automatic,2.3,64034,167.0,163.0,2,1.0,Partial Service,,Sedan,AWD,35.0,FL,25549,105
Ford,Explorer,2020,Petrol,Automatic,3.3,15730,266.0,253.0,1,0.0,Full Service,Red,SUV,AWD,22.0,GA,23031,81
Hyundai,Tucson,2017,Petrol,Automatic,2.7,77076,,225.0,2,1.0,Full Service,White,SUV,AWD,22.0,NC,9427,117
Volkswagen,Tiguan,2008,Petrol,Automatic,3.2,203903,230.0,233.0,3,1.0,No Service,Brown,SUV,AWD,24.0,TX,500,225
Audi,A4,2019,Petrol,Automatic,1.8,60275,155.0,126.0,2,0.0,Full Service,Gray,Sedan,AWD,32.0,TX,22597,93
Nissan,Altima,2006,Petrol,Automatic,2.2,387658,186.0,199.0,4,1.0,,,Sedan,FWD,32.0,GA,500,249
Toyota,Corolla,2008,Diesel,Automatic,1.4,61789,115.0,113.0,3,1.0,,White,Sedan,FWD,,NY,1796,225
Volkswagen,Atlas,2020,Petrol,Automatic,2.7,74495,200.0,189.0,2,0.0,Full Service,White,SUV,AWD,23.0,OH,22090,81
Honda,Accord,2019,Petrol,Automatic,1.7,68756,152.0,125.0,2,1.0,Partial Service,Red,Sedan,FWD,32.0,FL,10990,93
Honda,CR-V,2017,Petrol,Automatic,2.2,77988,184.0,,3,0.0,No Service,Green,SUV,AWD,,NY,9359,117
BMW,3 Series,2023,Petrol,Automatic,,100,141.0,,1,0.0,Partial Service,Black,Sedan,FWD,,FL,35529,45
Chevrolet,Malibu,2006,Petrol,,2.0,80647,157.0,154.0,5,0.0,No Service,Silver,Sedan,FWD,34.0,,855,249
Nissan,Pathfinder,2013,Petrol,Automatic,3.4,128579,255.0,253.0,3,0.0,,Black,SUV,AWD,,PA,6151,165
BMW,X5,2013,Petrol,Automatic,2.5,168623,194.0,183.0,4,,No Service,Green,SUV,AWD,27.0,,11944,165
Toyota,Corolla,2012,Petrol,Automatic,2.1,134304,156.0,132.0,3,,,Blue,Sedan,FWD,31.0,,611,177
Ford,Mustang,2006,Petrol,Manual,,240541,276.0,255.0,4,1.0,Partial Service,Green,Coupe,RWD,29.0,TX,500,249
Nissan,Pathfinder,2016,Petrol,Automatic,3.2,120300,246.0,230.0,2,0.0,Full Service,Gray,SUV,AWD,22.0,TX,12158,129
Audi,Q7,2012,Petrol,Automatic,3.0,134899,243.0,229.0,3,0.0,Full Service,Gray,SUV,AWD,30.0,MI,15794,177
Nissan,Altima,2013,Hybrid,Automatic,1.6,81913,132.0,111.0,4,,,Red,Sedan,AWD,59.0,,4280,165
Ford,F-150,2014,Diesel,Automatic,3.2,131452,242.0,,4,1.0,Full Service,Black,Truck,4WD,26.0,IL,5394,153
Hyundai,Elantra,2007,Petrol,Automatic,1.6,52963,124.0,,4,0.0,Partial Service,Silver,Sedan,FWD,38.0,,2023,237
Honda,Pilot,2023,Petrol,Automatic,2.6,100,222.0,,1,0.0,Full Service,,SUV,AWD,27.0,OH,33462,45
Honda,Accord,2005,Petrol,Manual,1.7,280121,118.0,118.0,3,0.0,Partial Service,Brown,Sedan,FWD,35.0,PA,500,261
Ford,Explorer,2015,Petrol,Automatic,2.3,127993,188.0,,1,1.0,Full Service,Gray,SUV,AWD,27.0,GA,8804,141
Toyota,Highlander,2008,Petrol,Automatic,2.7,157833,216.0,218.0,5,0.0,Full Service,,SUV,AWD,31.0,NY,1415,225
Honda,Civic,2009,Petrol,Automatic,1.4,200345,114.0,101.0,2,,,Red,Sedan,FWD,40.0,GA,500,213
Hyundai,Sonata,2007,Petrol,Automatic,2.1,103753,174.0,,2,0.0,Full Service,Brown,Sedan,FWD,,CA,688,237
Nissan,Pathfinder,2010,Petrol,Manual,3.5,173167,263.0,236.0,4,0.0,,White,SUV,AWD,26.0,MI,1657,201
Nissan,Pathfinder,2008,Petrol,Manual,3.0,149130,225.0,205.0,5,,Full Service,Gray,SUV,FWD,26.0,NY,1383,225
Audi,A4,2021,Petrol,Automatic,2.0,30095,172.0,162.0,1,0.0,Partial Service,Gray,Sedan,FWD,34.0,,29557,69
Audi,Q7,2012,Hybrid,Automatic,2.3,53618,161.0,146.0,3,0.0,Partial Service,Blue,SUV,AWD,56.0,NC,17527,177
Nissan,Rogue,2018,Petrol,Automatic,3.1,52275,236.0,219.0,2,0.0,Partial Service,Green,SUV,AWD,23.0,NY,12919,105
Chevrolet,Equinox,2007,Petrol,Automatic,2.8,137234,,,4,1.0,Partial Service,Gray,SUV,AWD,30.0,MI,500,237
BMW,5 Series,2006,Petrol,Automatic,1.7,382840,122.0,91.0,5,1.0,Full Service,Silver,Sedan,FWD,37.0,,500,249
Nissan,Sentra,2023,Petrol,Automatic,2.4,100,187.0,154.0,1,0.0,Full Service,,Sedan,FWD,29.0,FL,20322,45
Nissan,Altima,2006,Petrol,Automatic,1.5,10048,122.0,103.0,4,1.0,Partial Service,Black,Sedan,AWD,36.0,TX,3845,249
Volkswagen,Passat,2023,Petrol,Automatic,1.8,18569,159.0,164.0,1,,Partial Service,Brown,Sedan,FWD,36.0,TX,25026,45
Honda,CR-V,2020,Diesel,Automatic,3.2,23369,231.0,215.0,1,,Partial Service,,SUV,AWD,,TX,18164,81
Volkswagen,Tiguan,2007,Petrol,Automatic,3.4,138093,272.0,259.0,4,1.0,No Service,Blue,SUV,AWD,,NY,500,237
Hyundai,Santa Fe,2020,Petrol,Automatic,2.6,30762,200.0,190.0,1,0.0,Full Service,Blue,SUV,AWD,31.0,MI,21654,81
Nissan,Pathfinder,2015,Petrol,Automatic,,105154,168.0,143.0,4,0.0,Partial Service,Blue,SUV,AWD,35.0,FL,10163,141
Toyota,RAV4,2005,Petrol,Automatic,2.3,292585,175.0,,4,1.0,No Service,Green,SUV,AWD,,IL,500,261
Mercedes-Benz,GLC,2014,Petrol,Automatic,2.7,2966,192.0,176.0,1,1.0,Partial Service,Green,SUV,RWD,25.0,GA,16765,153
Audi,Q7,2015,Petrol,Automatic,2.4,97110,190.0,,2,0.0,,Black,SUV,RWD,,CA,22795,141
Ford,Escape,2016,Petrol,,2.6,119171,195.0,184.0,2,0.0,No Service,Gray,SUV,AWD,30.0,MI,6001,129
Audi,Q5,2016,Petrol,Automatic,3.2,81332,241.0,,2,0.0,No Service,Gray,SUV,FWD,27.0,CA,17450,129
Mercedes-Benz,GLC,2022,Diesel,Automatic,3.4,34626,,232.0,1,0.0,No Service,Silver,SUV,FWD,21.0,GA,31156,57
BMW,5 Series,2024,Petrol,Automatic,2.5,100,186.0,176.0,1,0.0,Full Service,Red,Sedan,FWD,30.0,OH,54611,33
Volkswagen,Golf,2018,Petrol,Automatic,2.5,121039,189.0,197.0,1,0.0,No Service,Red,Hatchback,FWD,26.0,IL,7235,105
Hyundai,Santa Fe,2021,Diesel,Automatic,3.2,10167,262.0,258.0,1,0.0,Partial Service,Gray,SUV,FWD,25.0,CA,24000,69
Ford,Escape,2023,Petrol,,2.1,7841,159.0,,1,0.0,Partial Service,Silver,SUV,AWD,27.0,NY,22054,45
Honda,Pilot,2005,Petrol,Automatic,2.4,378634,172.0,177.0,4,0.0,Partial Service,Gray,SUV,AWD,34.0,NY,500,261
Volkswagen,Passat,2023,Petrol,Automatic,2.5,24301,187.0,179.0,1,0.0,Full Service,Gray,Sedan,FWD,26.0,FL,25331,45
Ford,Escape,2007,Petrol,Automatic,2.8,295473,206.0,194.0,4,0.0,Full Service,Blue,SUV,FWD,25.0,NC,500,237
Honda,Accord,2020,Petrol,Automatic,,67907,,149.0,2,0.0,Partial Service,Green,Sedan,FWD,38.0,OH,13607,81
Honda,CR-V,2016,Diesel,Automatic,3.3,105936,240.0,237.0,3,0.0,Partial Service,Brown,SUV,FWD,24.0,,8832,129
Toyota,RAV4,2024,Petrol,Automatic,2.6,100,,190.0,1,0.0,Partial Service,Silver,SUV,AWD,,,25159,33
Chevrolet,Tahoe,2021,Diesel,Automatic,2.6,32971,206.0,188.0,1,0.0,,Black,SUV,AWD,30.0,MI,38124,69
Volkswagen,Tiguan,2013,Petrol,Automatic,3.2,17203,257.0,233.0,2,1.0,Partial Service,Black,SUV,FWD,23.0,OH,8434,165
Chevrolet,Tahoe,2011,Petrol,Automatic,2.4,98771,166.0,137.0,3,0.0,Partial Service,Brown,SUV,AWD,32.0,NC,12682,189
Toyota,Camry,2010,Diesel,,2.0,39938,156.0,169.0,3,,Partial Service,Gray,Sedan,FWD,39.0,GA,5012,201
Chevrolet,Silverado,2024,Petrol,Automatic,4.9,228,370.0,367.0,1,0.0,,Gray,Truck,4WD,10.0,NC,36908,33
Volkswagen,Passat,2006,Petrol,Automatic,2.3,99651,,149.0,4,1.0,Partial Service,Silver,Sedan,AWD,30.0,IL,843,249
Hyundai,Elantra,2014,Petrol,Automatic,2.0,96093,155.0,157.0,2,0.0,Full Service,Green,Sedan,FWD,32.0,,3919,153
Honda,Civic,2015,Petrol,Automatic,,103145,153.0,140.0,2,0.0,Full Service,,Sedan,FWD,37.0,PA,4773,141
Chevrolet,Tahoe,2012,Petrol,Automatic,3.2,64004,250.0,247.0,2,1.0,Full Service,Brown,SUV,AWD,21.0,NY,13762,177
Audi,A6,2022,Electric,Automatic,,51928,336.0,369.0,1,0.0,Partial Service,Blue,Sedan,FWD,109.0,OH,47358,57
Toyota,Highlander,2007,Petrol,Manual,2.2,161625,168.0,170.0,4,0.0,Full Service,,SUV,FWD,30.0,IL,500,237
Hyundai,Elantra,2010,Petrol,Automatic,1.8,212067,136.0,131.0,4,1.0,Full Service,Green,Sedan,FWD,39.0,IL,500,201
Mercedes-Benz,GLC,2017,Hybrid,Automatic,2.2,72295,176.0,,3,1.0,Partial Service,,SUV,AWD,,IL,17333,117
Ford,Explorer,2016,Petrol,,3.0,69135,227.0,227.0,4,0.0,Partial Service,Black,SUV,AWD,27.0,,14063,129
BMW,3 Series,2017,Petrol,Automatic,1.9,73843,,,1,,Partial Service,Black,Sedan,FWD,34.0,FL,17673,117
Ford,Mustang,2014,Petrol,Manual,4.7,99767,333.0,325.0,3,,Partial Service,Black,Coupe,RWD,14.0,,5705,153
Honda,CR-V,2024,Petrol,Automatic,2.5,3242,194.0,176.0,1,0.0,,Brown,SUV,RWD,29.0,,29261,33
Hyundai,Elantra,2024,Petrol,Automatic,1.6,10355,137.0,138.0,1,0.0,Partial Service,Silver,Sedan,FWD,42.0,CA,19694,33
Ford,F-150,2013,Petrol,Automatic,3.1,169940,,233.0,3,1.0,Partial Service,Silver,Truck,4WD,22.0,MI,3521,165
Ford,Explorer,2007,Petrol,Manual,2.7,237689,221.0,223.0,3,0.0,Partial Service,Green,SUV,AWD,23.0,PA,500,237
Audi,A6,2024,Diesel,Automatic,1.8,2298,131.0,135.0,1,0.0,Partial Service,Black,Sedan,AWD,35.0,FL,57810,33
Ford,F-150,2012,Petrol,Automatic,,85176,218.0,199.0,3,1.0,Partial Service,White,Truck,4WD,26.0,NY,6609,177
Chevrolet,Equinox,2021,Petrol,Automatic,2.5,23328,175.0,190.0,1,0.0,Partial Service,White,SUV,AWD,31.0,FL,19921,69
Toyota,Camry,2017,Petrol,Automatic,,145716,194.0,195.0,2,0.0,Full Service,,Sedan,AWD,38.0,GA,7000,117
Volkswagen,Tiguan,2022,Petrol,Automatic,2.5,3234,192.0,198.0,1,,No Service,White,SUV,FWD,30.0,FL,21572,57
Audi,A4,2009,Petrol,Manual,1.4,139850,101.0,77.0,3,1.0,Partial Service,Black,Sedan,FWD,37.0,GA,3458,213
Honda,Civic,2009,Petrol,Manual,2.3,244713,177.0,166.0,4,0.0,,Red,Sedan,FWD,34.0,NC,500,213
Hyundai,Sonata,2009,Petrol,,2.5,234984,205.0,181.0,3,0.0,No Service,Gray,Sedan,FWD,30.0,FL,500,213
Hyundai,Tucson,2013,Petrol,Automatic,3.0,156940,238.0,220.0,3,0.0,Full Service,Gray,SUV,AWD,29.0,IL,2616,165
Ford,F-150,2009,Hybrid,Automatic,4.4,202660,330.0,307.0,4,0.0,,,Truck,4WD,33.0,PA,500,213
BMW,X3,2018,Petrol,Automatic,2.0,97227,170.0,154.0,3,1.0,Partial Service,Silver,SUV,FWD,31.0,TX,18145,105
Chevrolet,Equinox,2021,Petrol,Automatic,2.6,33409,188.0,181.0,1,1.0,,Blue,SUV,RWD,,TX,15486,69
Ford,F-150,2009,Diesel,,4.2,168165,320.0,310.0,4,1.0,No Service,White,Truck,RWD,16.0,CA,515,213
Chevrolet,Tahoe,2016,Petrol,Automatic,,118804,195.0,166.0,1,0.0,No Service,Brown,SUV,AWD,26.0,OH,16592,129
Mercedes-Benz,GLE,2022,Petrol,Automatic,2.8,17803,217.0,,1,0.0,No Service,Brown,SUV,AWD,26.0,TX,49476,57
Toyota,Highlander,2012,Petrol,Automatic,2.6,104368,211.0,185.0,5,1.0,Full Service,Silver,SUV,FWD,34.0,FL,6296,177
Nissan,Sentra,2016,Hybrid,Automatic,2.4,104923,185.0,181.0,3,0.0,Partial Service,,Sedan,FWD,49.0,,4579,129
Ford,Escape,2008,Petrol,,3.1,412181,229.0,199.0,4,1.0,Full Service,Green,SUV,AWD,29.0,FL,500,225
Nissan,Sentra,2009,Petrol,,1.4,183107,,94.0,3,0.0,Partial Service,Silver,Sedan,FWD,34.0,,500,213
BMW,5 Series,2024,Petrol,Automatic,1.9,100,147.0,,1,,Full Service,Silver,Sedan,FWD,33.0,GA,54651,33
BMW,X5,2019,Petrol,Automatic,2.8,43221,205.0,193.0,1,,Partial Service,Blue,SUV,FWD,,,39166,93
Hyundai,Santa Fe,2019,Petrol,Automatic,2.6,85697,206.0,,2,0.0,No Service,Gray,SUV,AWD,,NC,16055,93
Chevrolet,Tahoe,2005,Petrol,Automatic,3.3,377675,250.0,231.0,3,0.0,Partial Service,Blue,SUV,AWD,24.0,PA,500,261
Mercedes-Benz,C-Class,2011,Petrol,Automatic,2.3,171600,,174.0,2,0.0,Partial Service,White,Sedan,FWD,30.0,GA,5680,189
Audi,A6,2022,Electric,Automatic,0.0,17695,,422.0,1,1.0,No Service,Silver,Sedan,FWD,107.0,TX,35914,57
Volkswagen,Passat,2011,Petrol,Automatic,2.4,238759,188.0,175.0,3,1.0,Partial Service,,Sedan,AWD,30.0,NC,500,189
Honda,Pilot,2010,Petrol,Automatic,3.5,234238,275.0,271.0,4,0.0,Partial Service,Brown,SUV,AWD,19.0,NY,500,201
Audi,A4,2022,Petrol,Automatic,,19945,143.0,123.0,1,1.0,Full Service,Black,Sedan,AWD,34.0,NY,28563,57
Ford,Escape,2007,Petrol,,2.9,150527,224.0,,5,0.0,Full Service,Red,SUV,AWD,32.0,NY,500,237
Audi,Q5,2008,Petrol,Manual,,82226,197.0,195.0,3,1.0,No Service,Blue,SUV,FWD,30.0,,5332,225
BMW,X5,2009,Petrol,Automatic,2.0,218944,170.0,155.0,4,0.0,Partial Service,Gray,SUV,RWD,,,5921,213
Ford,Mustang,2022,Diesel,Manual,3.4,22675,,247.0,1,,Full Service,Black,Coupe,RWD,24.0,,23489,57
Nissan,Sentra,2020,Hybrid,Automatic,2.0,24378,166.0,161.0,2,0.0,Partial Service,Silver,Sedan,FWD,,,12874,81
Ford,F-150,2022,Petrol,Automatic,3.6,15010,266.0,,1,0.0,Partial Service,Silver,Truck,4WD,24.0,GA,25980,57
Toyota,Highlander,2015,Hybrid,,3.1,65762,244.0,225.0,3,0.0,Full Service,Red,SUV,AWD,44.0,CA,12892,141
Chevrolet,Equinox,2012,Petrol,Automatic,3.0,210786,231.0,218.0,4,,,Blue,SUV,AWD,26.0,NC,500,177
Honda,CR-V,2014,Petrol,Automatic,2.5,162684,,171.0,3,1.0,Partial Service,Green,SUV,FWD,29.0,NY,3114,153
Mercedes-Benz,GLC,2010,Diesel,Automatic,3.2,93776,243.0,226.0,3,1.0,Full Service,White,SUV,AWD,24.0,IL,8582,201
Volkswagen,Golf,2020,Petrol,Automatic,2.0,60514,168.0,170.0,3,1.0,Full Service,White,Hatchback,FWD,33.0,MI,12398,81
Chevrolet,Malibu,2018,Petrol,Automatic,1.7,99946,140.0,127.0,3,,Full Service,Black,Sedan,FWD,,NC,7384,105
Volkswagen,Passat,2012,Petrol,Automatic,1.9,92032,148.0,,2,0.0,,White,Sedan,FWD,39.0,TX,5553,177
Chevrolet,Malibu,2012,Petrol,,2.3,104547,194.0,,3,1.0,Partial Service,Blue,Sedan,FWD,,NY,2663,177
Chevrolet,Malibu,2005,Hybrid,Automatic,2.5,137872,184.0,174.0,3,0.0,Full Service,White,Sedan,FWD,,FL,500,261
Volkswagen,Atlas,2008,Petrol,Automatic,2.7,333617,208.0,220.0,5,1.0,,Green,SUV,AWD,,CA,500,225
Toyota,Camry,2014,Diesel,Automatic,2.2,72987,183.0,170.0,3,1.0,Partial Service,Gray,Sedan,FWD,33.0,GA,5801,153
BMW,3 Series,2012,Petrol,,,65859,,,4,0.0,Partial Service,Brown,Sedan,FWD,36.0,NY,11171,177
Nissan,Pathfinder,2007,Petrol,,2.4,275631,198.0,,4,1.0,,,SUV,FWD,33.0,GA,500,237
Volkswagen,Tiguan,2011,Petrol,,3.4,151018,253.0,258.0,3,0.0,Full Service,,SUV,AWD,21.0,,1959,189
Toyota,Highlander,2016,Petrol,Automatic,2.5,52765,212.0,218.0,2,1.0,Partial Service,Brown,SUV,AWD,30.0,FL,12474,129
Nissan,Sentra,2021,Petrol,Automatic,1.4,100,116.0,117.0,1,0.0,Partial Service,Red,Sedan,FWD,37.0,NY,15922,69
Ford,Escape,2021,Petrol,Automatic,3.4,23700,260.0,242.0,1,0.0,No Service,White,SUV,FWD,23.0,,17232,69
Mercedes-Benz,GLE,2007,Petrol,Automatic,2.4,260293,188.0,178.0,3,0.0,Full Service,Red,SUV,AWD,32.0,NC,1727,237
Honda,Civic,2009,Hybrid,Manual,,286659,109.0,99.0,4,1.0,Partial Service,,Sedan,FWD,60.0,,500,213
Honda,Civic,2012,Petrol,,1.6,125003,134.0,123.0,4,0.0,No Service,Brown,Sedan,AWD,39.0,TX,1396,177
Hyundai,Tucson,2016,Hybrid,Automatic,2.9,37088,205.0,186.0,2,0.0,No Service,Black,SUV,AWD,47.0,FL,10573,129
Hyundai,Elantra,2019,Petrol,Automatic,2.2,79488,184.0,157.0,1,1.0,No Service,Brown,Sedan,FWD,30.0,PA,7065,93
Nissan,Altima,2009,Petrol,,2.2,78676,185.0,156.0,3,1.0,No Service,,Sedan,FWD,31.0,,2286,213
Nissan,Pathfinder,2020,Petrol,Automatic,2.1,69694,169.0,170.0,2,1.0,Partial Service,Black,SUV,AWD,33.0,IL,16475,81
Honda,Accord,2012,Petrol,Automatic,2.4,71764,178.0,153.0,3,0.0,Full Service,,Sedan,AWD,31.0,PA,5822,177
BMW,5 Series,2015,Diesel,Automatic,2.0,47548,180.0,161.0,2,0.0,Partial Service,Silver,Sedan,FWD,36.0,IL,23850,141
Honda,Accord,2015,Petrol,Automatic,2.3,11820,183.0,185.0,2,0.0,Partial Service,Black,Sedan,FWD,31.0,NY,10838,141
Nissan,Pathfinder,2009,Petrol,Automatic,3.3,234840,254.0,221.0,3,0.0,,Green,SUV,AWD,,FL,500,213
Volkswagen,Atlas,2018,Petrol,Automatic,2.0,121790,157.0,144.0,2,0.0,Partial Service,Silver,SUV,FWD,38.0,IL,15378,105
Toyota,Highlander,2011,Petrol,Automatic,3.3,44272,261.0,253.0,4,0.0,,,SUV,FWD,26.0,GA,9663,189
Audi,A6,2024,Petrol,Automatic,1.4,100,109.0,110.0,1,0.0,,,Sedan,FWD,38.0,IL,53705,33
Honda,Pilot,2007,Petrol,Automatic,3.0,122077,,,3,1.0,Partial Service,Silver,SUV,AWD,,NC,2139,237
Audi,A4,2021,Petrol,Automatic,1.5,428,,,1,0.0,,Silver,Sedan,FWD,30.0,,30905,69
Ford,Explorer,2019,Petrol,Automatic,3.2,94926,240.0,237.0,1,,Full Service,Blue,SUV,FWD,23.0,GA,17885,93
Volkswagen,Atlas,2010,Diesel,Automatic,2.6,158822,190.0,185.0,4,1.0,,Blue,SUV,FWD,24.0,NC,2151,201
Chevrolet,Malibu,2019,Petrol,Automatic,,77038,115.0,90.0,1,0.0,Partial Service,White,Sedan,FWD,40.0,IL,10471,93
Ford,Explorer,2011,Hybrid,Automatic,3.4,89452,268.0,248.0,3,1.0,,Blue,SUV,FWD,51.0,PA,6290,189
BMW,3 Series,2024,Petrol,Automatic,1.6,100,123.0,101.0,1,0.0,Partial Service,,Sedan,AWD,36.0,CA,41466,33
Mercedes-Benz,GLC,2013,Petrol,,3.4,118852,262.0,235.0,3,,Full Service,,SUV,FWD,24.0,,11711,165
Honda,Civic,2006,Petrol,Automatic,2.0,228987,,149.0,2,0.0,No Service,Red,Sedan,FWD,35.0,PA,500,249
Hyundai,Tucson,2007,Petrol,,2.4,300998,189.0,171.0,5,1.0,Partial Service,Silver,SUV,AWD,33.0,MI,500,237
Nissan,Pathfinder,2018,Petrol,Automatic,,67614,200.0,193.0,2,1.0,Partial Service,Gray,SUV,AWD,36.0,PA,13907,105
Volkswagen,Passat,2010,Petrol,Manual,2.5,227420,191.0,180.0,4,1.0,No Service,Gray,Sedan,FWD,35.0,,500,201
BMW,X5,2021,Electric,Automatic,0.0,48261,287.0,315.0,1,0.0,Partial Service,Red,SUV,AWD,110.0,NC,46021,69
Toyota,RAV4,2005,Petrol,Automatic,3.3,230529,238.0,238.0,4,1.0,,,SUV,AWD,28.0,CA,500,261
Nissan,Pathfinder,2013,Petrol,Automatic,2.9,146800,220.0,,3,1.0,No Service,Silver,SUV,FWD,,PA,4360,165
Audi,Q7,2024,Hybrid,,2.4,100,,163.0,1,0.0,Partial Service,Brown,SUV,RWD,51.0,PA,58693,33
Volkswagen,Tiguan,2012,Petrol,Automatic,2.0,246708,,,3,1.0,Full Service,,SUV,FWD,33.0,PA,500,177
Hyundai,Sonata,2018,Petrol,Automatic,1.8,96918,138.0,120.0,2,,Partial Service,White,Sedan,FWD,39.0,MI,9424,105
BMW,5 Series,2017,Petrol,Automatic,2.5,69761,195.0,173.0,3,,Partial Service,Green,Sedan,FWD,,,23886,117
Audi,Q7,2006,Petrol,Automatic,2.1,124368,,181.0,4,,Full Service,Silver,SUV,FWD,,,6341,249
Audi,A4,2011,Petrol,Automatic,2.3,149744,174.0,170.0,3,1.0,No Service,White,Sedan,FWD,35.0,,4117,189
Nissan,Altima,2017,Electric,Automatic,0.0,36767,,306.0,2,1.0,,,Sedan,FWD,108.0,NY,9975,117
Chevrolet,Equinox,2014,Petrol,Automatic,3.4,127576,253.0,,3,1.0,Full Service,Brown,SUV,AWD,,CA,3916,153
Volkswagen,Atlas,2013,Petrol,Automatic,3.0,117636,210.0,198.0,2,0.0,No Service,Silver,SUV,AWD,25.0,,7397,165
Honda,CR-V,2012,Petrol,Automatic,2.9,183132,217.0,212.0,3,0.0,Full Service,Green,SUV,AWD,28.0,TX,1214,177
Volkswagen,Atlas,2022,Hybrid,Automatic,,25108,171.0,171.0,1,0.0,Partial Service,Black,SUV,AWD,55.0,NY,26733,57
Hyundai,Elantra,2015,Petrol,Automatic,2.5,115721,188.0,170.0,2,,Full Service,Blue,Sedan,FWD,37.0,IL,3840,141
Audi,A4,2017,Petrol,Automatic,,152554,166.0,145.0,2,0.0,Full Service,,Sedan,FWD,38.0,IL,14870,117
Ford,Mustang,2007,Petrol,Manual,2.9,165202,,211.0,4,1.0,Full Service,Green,Coupe,AWD,29.0,IL,500,237
Toyota,Corolla,2012,Petrol,,1.5,100,134.0,128.0,1,1.0,Partial Service,,Sedan,FWD,36.0,PA,6631,177
Hyundai,Sonata,2005,Petrol,Manual,1.9,268447,143.0,140.0,4,1.0,Partial Service,Black,Sedan,AWD,,FL,500,261
Audi,Q7,2018,Petrol,Automatic,2.1,86055,168.0,159.0,2,1.0,Partial Service,Black,SUV,AWD,33.0,PA,27741,105
Nissan,Sentra,2018,Petrol,,2.1,56993,154.0,121.0,1,0.0,Partial Service,White,Sedan,FWD,30.0,,9519,105
BMW,3 Series,2020,Petrol,Automatic,1.7,56498,134.0,,2,1.0,Full Service,,Sedan,AWD,36.0,CA,23272,81
Volkswagen,Atlas,2015,Electric,Automatic,0.0,20814,354.0,389.0,2,,Partial Service,Gray,SUV,FWD,94.0,OH,14613,141
Ford,Explorer,2014,Petrol,Automatic,,127248,224.0,201.0,1,0.0,Partial Service,Gray,SUV,RWD,29.0,TX,8492,153
Nissan,Rogue,2021,Petrol,Automatic,3.3,46795,244.0,220.0,1,0.0,Partial Service,Gray,SUV,FWD,,TX,17649,69
BMW,3 Series,2020,Electric,,0.0,65989,338.0,371.0,1,1.0,Full Service,White,Sedan,FWD,104.0,PA,23756,81
Mercedes-Benz,GLC,2017,Petrol,Automatic,2.3,82744,176.0,147.0,4,,Partial Service,Brown,SUV,FWD,,OH,17193,117
Ford,F-150,2010,Diesel,,3.4,290268,,252.0,4,1.0,Partial Service,Brown,Truck,4WD,19.0,FL,500,201
BMW,3 Series,2006,Diesel,Automatic,1.8,212147,133.0,,4,0.0,Full Service,Blue,Sedan,FWD,32.0,NC,500,249
Chevrolet,Equinox,2013,Petrol,,2.3,120673,178.0,,3,1.0,No Service,Blue,SUV,AWD,,GA,3129,165
Mercedes-Benz,GLE,2012,Petrol,Automatic,2.7,148559,198.0,184.0,3,1.0,Partial Service,Red,SUV,AWD,28.0,PA,11679,177
Chevrolet,Equinox,2008,Petrol,Automatic,3.4,226884,256.0,250.0,3,1.0,Partial Service,Green,SUV,RWD,,IL,500,225
BMW,X5,2023,Petrol,Automatic,2.3,3059,176.0,,1,0.0,Partial Service,Gray,SUV,AWD,31.0,TX,50477,45
Honda,Accord,2019,Petrol,Automatic,1.9,35865,150.0,149.0,3,0.0,Partial Service,Silver,Sedan,FWD,31.0,OH,14810,93
Hyundai,Tucson,2012,Diesel,Automatic,2.8,153508,221.0,193.0,2,1.0,Full Service,Blue,SUV,FWD,35.0,OH,1504,177
Honda,Accord,2014,Petrol,Automatic,2.2,88041,,,2,1.0,Partial Service,Gray,Sedan,FWD,38.0,OH,5650,153
Ford,Explorer,2006,Petrol,Manual,3.0,237302,202.0,196.0,3,1.0,Full Service,Brown,SUV,FWD,23.0,OH,500,249
Toyota,Highlander,2007,Petrol,Automatic,2.6,168903,,197.0,3,0.0,Partial Service,Red,SUV,AWD,,NC,500,237
Hyundai,Elantra,2021,Petrol,Automatic,2.4,60663,180.0,184.0,1,0.0,No Service,Silver,Sedan,FWD,31.0,FL,10956,69
Mercedes-Benz,E-Class,2017,Petrol,Automatic,,206477,108.0,107.0,3,0.0,Partial Service,Black,Sedan,FWD,39.0,NY,19611,117
Volkswagen,Tiguan,2009,Petrol,Manual,3.2,155164,223.0,214.0,4,0.0,Partial Service,Blue,SUV,FWD,31.0,MI,500,213
Toyota,Highlander,2016,Petrol,Automatic,3.3,75004,250.0,240.0,2,0.0,Full Service,Black,SUV,FWD,,OH,15839,129
Nissan,Rogue,2020,Petrol,Automatic,2.4,18203,207.0,190.0,2,0.0,Partial Service,Silver,SUV,FWD,28.0,CA,18915,81
Volkswagen,Passat,2021,Petrol,Automatic,1.9,37858,,156.0,1,0.0,Partial Service,Black,Sedan,FWD,33.0,OH,18300,69
Honda,CR-V,2021,Petrol,Automatic,2.8,27361,234.0,,1,0.0,Full Service,Red,SUV,AWD,29.0,,21337,69
Volkswagen,Golf,2009,Petrol,Automatic,2.1,334873,153.0,150.0,4,1.0,Full Service,Brown,Hatchback,FWD,,OH,500,213
Volkswagen,Golf,2014,Petrol,Automatic,1.8,204781,132.0,133.0,3,1.0,Partial Service,Black,Hatchback,FWD,,GA,500,153
Hyundai,Santa Fe,2021,Petrol,Automatic,3.1,16417,,215.0,1,0.0,Full Service,Blue,SUV,AWD,28.0,,24951,69
Ford,Explorer,2010,Diesel,Automatic,3.1,172812,233.0,,3,1.0,Partial Service,Brown,SUV,AWD,,NC,1523,201
Chevrolet,Equinox,2005,Petrol,Manual,2.1,242074,164.0,157.0,3,1.0,No Service,White,SUV,FWD,29.0,FL,500,261
Mercedes-Benz,C-Class,2021,Electric,Automatic,0.0,31697,343.0,377.0,1,0.0,Full Service,Green,Sedan,FWD,118.0,PA,32939,69
Ford,Escape,2014,Petrol,Automatic,2.3,131087,182.0,170.0,2,0.0,Partial Service,Silver,SUV,RWD,29.0,,4561,153
Honda,CR-V,2007,Petrol,Manual,2.8,103460,217.0,,4,,Partial Service,,SUV,RWD,36.0,MI,1297,237
Ford,F-150,2010,Petrol,Manual,,153588,273.0,265.0,4,1.0,Partial Service,White,Truck,RWD,30.0,TX,1912,201
Hyundai,Elantra,2007,Petrol,Automatic,1.9,107044,160.0,161.0,5,1.0,Partial Service,Blue,Sedan,FWD,28.0,NC,500,237
Ford,Escape,2014,Petrol,Automatic,3.1,224576,236.0,240.0,2,0.0,Full Service,Gray,SUV,FWD,23.0,GA,500,153
Mercedes-Benz,GLC,2020,Petrol,Automatic,2.0,62940,164.0,145.0,1,0.0,No Service,Brown,SUV,FWD,33.0,FL,27204,81
Honda,Pilot,2018,Electric,Automatic,0.0,70521,,,1,1.0,Full Service,Red,SUV,AWD,112.0,IL,16618,105
Audi,Q5,2019,Diesel,Automatic,2.8,58295,217.0,201.0,1,0.0,Full Service,Red,SUV,AWD,32.0,PA,27828,93
Volkswagen,Passat,2018,Petrol,Automatic,1.4,7981,133.0,,3,0.0,Full Service,Gray,Sedan,FWD,,,15750,105
Ford,Explorer,2015,Petrol,Automatic,3.2,49858,254.0,261.0,2,1.0,Full Service,Red,SUV,AWD,22.0,TX,11893,141
BMW,5 Series,2012,Petrol,Automatic,2.2,185998,165.0,,3,,No Service,Black,Sedan,FWD,30.0,IL,8061,177
Mercedes-Benz,GLE,2009,Diesel,Automatic,2.7,200540,214.0,212.0,4,1.0,No Service,Silver,SUV,FWD,32.0,TX,5457,213
Toyota,Camry,2016,Petrol,,1.4,64048,,94.0,1,0.0,Full Service,White,Sedan,FWD,42.0,MI,10400,129
Chevrolet,Equinox,2023,Hybrid,Automatic,2.4,6510,,152.0,1,0.0,Full Service,White,SUV,AWD,46.0,GA,24866,45
Nissan,Sentra,2012,Petrol,Automatic,,141587,129.0,119.0,3,0.0,,Silver,Sedan,FWD,39.0,IL,500,177
Mercedes-Benz,C-Class,2007,Petrol,Manual,2.4,129996,196.0,193.0,4,1.0,Partial Service,Blue,Sedan,FWD,35.0,IL,3174,237
BMW,3 Series,2011,Petrol,,,222082,162.0,141.0,3,0.0,Partial Service,,Sedan,AWD,40.0,NC,2789,189
BMW,X5,2006,Petrol,Automatic,,280458,176.0,169.0,4,1.0,Partial Service,Green,SUV,AWD,30.0,NY,500,249
Toyota,RAV4,2013,Petrol,Automatic,,116994,194.0,195.0,3,0.0,,,SUV,FWD,32.0,NC,5360,165
Mercedes-Benz,GLC,2013,Petrol,Automatic,,170493,257.0,247.0,3,0.0,Full Service,Green,SUV,RWD,26.0,IL,9698,165
Hyundai,Tucson,2024,Diesel,Automatic,,5241,214.0,201.0,1,0.0,,Green,SUV,FWD,30.0,CA,26694,33
Ford,Escape,2012,Petrol,Automatic,2.9,228966,215.0,207.0,2,1.0,Full Service,Green,SUV,AWD,27.0,CA,500,177
Chevrolet,Silverado,2013,Petrol,Automatic,3.5,151505,253.0,249.0,2,1.0,Full Service,,Truck,4WD,21.0,TX,5203,165
Toyota,Camry,2018,Petrol,Automatic,1.9,81328,162.0,163.0,1,0.0,Partial Service,Brown,Sedan,FWD,41.0,GA,10861,105
Nissan,Rogue,2016,Petrol,Automatic,2.7,87596,199.0,173.0,1,1.0,,,SUV,AWD,,CA,8194,129
Audi,Q5,2023,Petrol,Automatic,,28352,195.0,172.0,1,0.0,Full Service,Blue,SUV,AWD,34.0,IL,40198,45
Mercedes-Benz,GLE,2013,Petrol,Automatic,3.0,158174,232.0,228.0,3,1.0,Partial Service,Red,SUV,AWD,28.0,MI,12847,165
Nissan,Sentra,2017,Petrol,Automatic,1.8,83063,149.0,146.0,2,0.0,,Green,Sedan,FWD,33.0,NC,7315,117
Mercedes-Benz,GLE,2016,Petrol,Automatic,,129050,234.0,214.0,1,0.0,Partial Service,Blue,SUV,AWD,,GA,25254,129
BMW,5 Series,2023,Petrol,Automatic,1.6,12854,127.0,122.0,1,0.0,,,Sedan,AWD,36.0,CA,52858,45
BMW,X5,2007,Petrol,Manual,,112136,228.0,211.0,3,1.0,Partial Service,Brown,SUV,AWD,24.0,PA,7231,237
Toyota,Highlander,2021,Diesel,Automatic,,45281,201.0,204.0,1,0.0,Partial Service,Brown,SUV,AWD,30.0,PA,26315,69
Hyundai,Tucson,2010,Petrol,Automatic,2.2,168598,,166.0,3,0.0,Full Service,White,SUV,AWD,37.0,OH,500,201
Ford,Escape,2017,Petrol,Automatic,3.1,68896,249.0,237.0,2,1.0,,,SUV,FWD,26.0,CA,9132,117
Ford,Explorer,2006,Petrol,Automatic,3.1,397820,259.0,,3,,Partial Service,Gray,SUV,AWD,23.0,PA,500,249
Volkswagen,Tiguan,2012,Petrol,Automatic,2.8,35579,218.0,191.0,4,0.0,Full Service,Red,SUV,AWD,29.0,GA,8526,177
Nissan,Pathfinder,2007,Petrol,Automatic,,290152,250.0,252.0,3,0.0,Partial Service,Red,SUV,AWD,,,500,237
Volkswagen,Passat,2023,Petrol,Automatic,2.4,10500,183.0,178.0,1,,,Brown,Sedan,FWD,34.0,IL,19491,45
Audi,Q7,2016,Hybrid,Automatic,2.9,48811,,204.0,1,0.0,Partial Service,,SUV,AWD,43.0,GA,25182,129
Honda,Civic,2018,Petrol,Automatic,2.5,104931,205.0,190.0,2,1.0,No Service,Black,Sedan,AWD,25.0,GA,5550,105
BMW,X5,2010,Petrol,Automatic,,254799,165.0,151.0,4,,Partial Service,,SUV,AWD,35.0,PA,5440,201
Toyota,Camry,2012,Diesel,Automatic,2.5,240773,166.0,154.0,3,0.0,Full Service,,Sedan,FWD,37.0,IL,500,177
Toyota,RAV4,2021,Petrol,Automatic,2.7,45574,186.0,176.0,1,0.0,Full Service,Blue,SUV,AWD,29.0,NC,20416,69
Mercedes-Benz,GLE,2022,Petrol,Automatic,2.9,28339,218.0,210.0,1,0.0,Partial Service,Gray,SUV,FWD,27.0,TX,50103,57
Volkswagen,Atlas,2024,Petrol,,2.0,100,166.0,170.0,1,,Full Service,Silver,SUV,AWD,34.0,GA,36536,33
Mercedes-Benz,GLC,2011,Petrol,Automatic,3.0,198654,236.0,228.0,3,0.0,No Service,White,SUV,FWD,31.0,MI,4619,189
Honda,Civic,2019,Petrol,Automatic,2.2,46583,171.0,166.0,1,,Full Service,Brown,Sedan,FWD,33.0,PA,11792,93
Chevrolet,Tahoe,2021,Petrol,Automatic,2.9,62869,204.0,189.0,1,1.0,Partial Service,Red,SUV,AWD,,,29903,69
Nissan,Pathfinder,2018,Petrol,Automatic,3.0,99820,209.0,198.0,1,0.0,Partial Service,Brown,SUV,AWD,33.0,OH,15259,105
Chevrolet,Equinox,2009,Petrol,Manual,3.1,139890,222.0,216.0,3,0.0,Partial Service,Black,SUV,AWD,25.0,NC,500,213
Volkswagen,Passat,2012,Petrol,Automatic,2.0,155082,172.0,175.0,3,0.0,Full Service,Green,Sedan,FWD,37.0,NC,2206,177
Nissan,Rogue,2007,Petrol,,2.9,57194,224.0,212.0,4,1.0,,Blue,SUV,AWD,23.0,MI,3027,237
Volkswagen,Passat,2019,Petrol,Automatic,1.8,58188,,141.0,1,1.0,,Green,Sedan,FWD,34.0,NY,10517,93
BMW,X5,2019,Petrol,,3.2,36547,212.0,210.0,2,,Partial Service,Blue,SUV,AWD,29.0,FL,35780,93
Hyundai,Sonata,2008,Petrol,,,71018,178.0,177.0,3,0.0,Full Service,,Sedan,FWD,33.0,IL,2916,225
Nissan,Rogue,2009,Petrol,,,170821,179.0,162.0,4,,,Red,SUV,FWD,31.0,GA,500,213
Mercedes-Benz,E-Class,2015,Petrol,Automatic,1.8,70530,142.0,161.0,1,0.0,Partial Service,White,Sedan,FWD,38.0,MI,25938,141
Volkswagen,Passat,2009,Petrol,Automatic,2.3,197452,189.0,172.0,3,0.0,Partial Service,Brown,Sedan,FWD,34.0,FL,500,213
Mercedes-Benz,E-Class,2017,Petrol,Automatic,1.4,98110,109.0,,3,1.0,Full Service,Blue,Sedan,AWD,,OH,21891,117
Mercedes-Benz,GLE,2021,Petrol,Automatic,,8710,190.0,167.0,1,0.0,Partial Service,,SUV,AWD,30.0,FL,46491,69
Audi,A4,2013,Petrol,Automatic,2.0,179612,172.0,166.0,2,,No Service,Blue,Sedan,FWD,36.0,OH,5432,165
Audi,A6,2007,Petrol,Manual,2.4,338112,208.0,185.0,5,1.0,Partial Service,Red,Sedan,FWD,35.0,GA,500,237
Ford,F-150,2007,Petrol,,3.3,288553,246.0,225.0,3,1.0,Full Service,,Truck,4WD,23.0,FL,500,237
Ford,Mustang,2018,Petrol,Automatic,2.5,82871,204.0,215.0,1,1.0,Full Service,Brown,Coupe,RWD,,MI,11082,105
Honda,CR-V,2007,Petrol,Automatic,3.1,191441,240.0,239.0,4,0.0,No Service,Silver,SUV,AWD,24.0,CA,500,237
Hyundai,Tucson,2022,Petrol,Automatic,2.5,44349,167.0,145.0,1,,Partial Service,,SUV,FWD,,FL,20797,57
BMW,X3,2007,Petrol,Manual,3.3,122931,252.0,238.0,4,0.0,Partial Service,Silver,SUV,FWD,,MI,4127,237
Audi,Q5,2008,Petrol,Automatic,,174267,269.0,262.0,3,1.0,Partial Service,Brown,SUV,FWD,25.0,,2309,225
Chevrolet,Tahoe,2012,Petrol,Automatic,2.1,179708,177.0,173.0,3,1.0,Full Service,,SUV,AWD,32.0,PA,7881,177
Volkswagen,Golf,2017,Petrol,Automatic,1.9,78035,131.0,117.0,3,0.0,Full Service,Brown,Hatchback,FWD,,CA,8771,117
Audi,Q7,2005,Petrol,Automatic,2.1,365449,175.0,167.0,5,0.0,Full Service,Green,SUV,AWD,37.0,,500,261
Nissan,Sentra,2006,Petrol,Manual,,368446,182.0,173.0,5,1.0,Partial Service,Red,Sedan,FWD,31.0,NC,500,249
Audi,A4,2014,Diesel,,2.4,162505,186.0,,2,0.0,,Gray,Sedan,FWD,32.0,FL,9150,153
Mercedes-Benz,GLE,2020,Petrol,Automatic,2.7,24620,210.0,,1,0.0,Partial Service,Black,SUV,AWD,,,41618,81
Honda,CR-V,2007,Petrol,,,47586,188.0,177.0,2,0.0,,Green,SUV,AWD,32.0,NY,4250,237
Nissan,Rogue,2024,Petrol,Automatic,3.2,574,262.0,246.0,1,0.0,Full Service,Brown,SUV,RWD,25.0,IL,26504,33
BMW,3 Series,2010,Petrol,Automatic,2.0,177449,186.0,177.0,3,1.0,Full Service,Black,Sedan,AWD,,NY,3637,201
Audi,A6,2019,Petrol,Automatic,1.6,26091,,102.0,1,,No Service,Blue,Sedan,FWD,36.0,OH,31294,93
Chevrolet,Silverado,2018,Hybrid,Automatic,5.5,115219,375.0,349.0,2,0.0,Full Service,,Truck,4WD,17.0,GA,14965,105
BMW,X3,2013,Petrol,Automatic,2.6,188715,183.0,,4,1.0,Full Service,Gray,SUV,FWD,28.0,CA,6885,165
Toyota,Highlander,2018,Petrol,,,67342,269.0,253.0,2,1.0,No Service,Green,SUV,AWD,18.0,,13260,105
Honda,CR-V,2008,Diesel,Automatic,3.2,119740,231.0,220.0,4,0.0,,Blue,SUV,AWD,24.0,CA,1227,225
Volkswagen,Tiguan,2024,Petrol,Automatic,3.5,100,264.0,249.0,1,0.0,No Service,Silver,SUV,AWD,27.0,FL,24129,33
Ford,Explorer,2011,Petrol,Automatic,3.4,124442,249.0,242.0,2,,,Blue,SUV,AWD,28.0,CA,4575,189
Volkswagen,Atlas,2022,Hybrid,Automatic,2.3,18417,177.0,157.0,1,0.0,Partial Service,White,SUV,AWD,53.0,GA,28126,57
Audi,A4,2019,Diesel,Automatic,1.9,42297,172.0,146.0,3,0.0,No Service,Silver,Sedan,FWD,29.0,MI,21860,93
Hyundai,Sonata,2023,Petrol,Automatic,1.6,22723,138.0,,1,0.0,Full Service,,Sedan,AWD,35.0,FL,20538,45
BMW,X5,2017,Petrol,Automatic,2.7,2175,209.0,185.0,2,0.0,Partial Service,,SUV,AWD,31.0,PA,31828,117
Volkswagen,Atlas,2009,Petrol,Automatic,2.1,144190,176.0,173.0,3,1.0,Full Service,Red,SUV,AWD,,IL,2463,213
Honda,Accord,2008,Petrol,Automatic,,269318,158.0,141.0,3,1.0,Full Service,Green,Sedan,FWD,37.0,FL,500,225
Volkswagen,Passat,2019,Petrol,Automatic,2.4,52069,180.0,169.0,2,0.0,Partial Service,Silver,Sedan,FWD,30.0,TX,14089,93
Honda,Pilot,2020,Diesel,,3.3,67431,256.0,242.0,1,0.0,Full Service,Black,SUV,FWD,28.0,FL,24582,81
BMW,3 Series,2011,Diesel,Automatic,2.5,111695,186.0,173.0,3,0.0,,Blue,Sedan,FWD,26.0,IL,7725,189
Ford,Explorer,2009,Petrol,Automatic,2.4,236805,195.0,179.0,4,1.0,Partial Service,,SUV,AWD,30.0,PA,500,213
Ford,F-150,2012,Petrol,Automatic,,62636,395.0,384.0,2,,,Blue,Truck,4WD,10.0,GA,8756,177
Hyundai,Santa Fe,2016,Petrol,Automatic,3.5,132549,258.0,248.0,1,1.0,,Brown,SUV,AWD,19.0,NY,7677,129
BMW,X5,2022,Petrol,Automatic,2.1,13325,167.0,151.0,1,1.0,,Blue,SUV,AWD,28.0,IL,38770,57
Ford,Escape,2011,Petrol,,2.8,102603,221.0,216.0,4,1.0,Partial Service,Red,SUV,AWD,,GA,3142,189
Honda,Accord,2021,Petrol,Automatic,,47451,213.0,203.0,1,1.0,Partial Service,Red,Sedan,FWD,30.0,NY,15359,69
Chevrolet,Tahoe,2009,Petrol,Automatic,3.2,216976,259.0,230.0,4,1.0,,Brown,SUV,AWD,26.0,NC,2404,213
Honda,Pilot,2013,Petrol,,3.2,150910,242.0,,2,1.0,No Service,Blue,SUV,AWD,22.0,PA,5409,165
Ford,F-150,2012,Petrol,Automatic,4.6,163066,327.0,305.0,3,,No Service,Green,Truck,4WD,,MI,2685,177
Honda,Accord,2020,Hybrid,Automatic,2.3,80111,151.0,125.0,2,0.0,Partial Service,Black,Sedan,FWD,,GA,13835,81
Mercedes-Benz,GLC,2022,Petrol,Automatic,,17659,263.0,241.0,1,0.0,,Black,SUV,AWD,15.0,IL,33453,57
Honda,CR-V,2012,Petrol,Automatic,2.2,156299,180.0,168.0,3,0.0,No Service,Black,SUV,AWD,28.0,,2166,177
Mercedes-Benz,GLC,2015,Petrol,,3.4,71261,271.0,276.0,3,0.0,Full Service,Red,SUV,AWD,26.0,NC,18777,141
Volkswagen,Golf,2020,Petrol,Automatic,2.1,61317,174.0,176.0,2,,Partial Service,Silver,Hatchback,FWD,35.0,,11560,81
Volkswagen,Tiguan,2009,Petrol,Automatic,3.2,183183,245.0,235.0,4,0.0,,Silver,SUV,FWD,21.0,CA,500,213
Chevrolet,Malibu,2019,Electric,,0.0,47755,346.0,380.0,2,1.0,,Black,Sedan,FWD,108.0,NC,10647,93
Nissan,Altima,2020,Electric,Automatic,0.0,57475,360.0,396.0,2,1.0,,Brown,Sedan,FWD,122.0,NY,10845,81
Hyundai,Tucson,2022,Electric,Automatic,0.0,31773,313.0,344.0,1,0.0,Full Service,Blue,SUV,AWD,108.0,NC,21960,57
Ford,Mustang,2022,Hybrid,Manual,3.4,40162,,232.0,1,0.0,Full Service,Brown,Coupe,RWD,48.0,PA,21861,57
Mercedes-Benz,GLE,2017,Petrol,Automatic,2.7,104767,218.0,216.0,1,1.0,,Silver,SUV,AWD,28.0,NC,22513,117
Hyundai,Tucson,2005,Petrol,Automatic,2.1,268891,,160.0,4,0.0,Partial Service,,SUV,AWD,33.0,GA,500,261
Honda,CR-V,2012,Petrol,Automatic,3.4,43544,265.0,243.0,2,0.0,Full Service,Brown,SUV,AWD,26.0,NC,8217,177
Volkswagen,Tiguan,2020,Petrol,Automatic,3.3,5230,250.0,247.0,1,0.0,Partial Service,Silver,SUV,AWD,21.0,CA,20021,81
Audi,Q5,2008,Petrol,Automatic,3.4,218160,254.0,244.0,5,0.0,Partial Service,Green,SUV,AWD,,TX,632,225
Nissan,Sentra,2013,Petrol,,2.0,96958,139.0,123.0,2,1.0,Full Service,Silver,Sedan,FWD,39.0,,3014,165
Ford,Mustang,2011,Petrol,Manual,4.4,179843,336.0,305.0,2,,No Service,,Coupe,AWD,20.0,FL,500,189
Mercedes-Benz,GLC,2007,Petrol,Automatic,3.1,161004,236.0,237.0,3,1.0,Full Service,Blue,SUV,AWD,25.0,OH,2904,237
Nissan,Sentra,2019,Hybrid,Automatic,1.8,48076,148.0,144.0,1,0.0,Full Service,Gray,Sedan,FWD,37.0,OH,11548,93
Hyundai,Elantra,2007,Petrol,Automatic,1.4,344944,122.0,118.0,3,0.0,Full Service,,Sedan,FWD,36.0,TX,500,237
Ford,Mustang,2007,Petrol,Manual,3.2,285035,237.0,219.0,3,,Full Service,,Coupe,RWD,30.0,NY,500,237
Honda,CR-V,2016,Petrol,Automatic,2.7,92766,,178.0,2,1.0,Partial Service,Red,SUV,FWD,29.0,IL,8087,129
Nissan,Altima,2014,Petrol,Automatic,,58309,,112.0,1,1.0,No Service,,Sedan,AWD,,PA,5327,153
Volkswagen,Tiguan,2008,Hybrid,,,115583,161.0,154.0,2,0.0,Full Service,Red,SUV,FWD,44.0,OH,1711,225
Nissan,Rogue,2013,Petrol,Automatic,2.3,154232,191.0,169.0,3,0.0,No Service,Black,SUV,AWD,33.0,NC,2706,165
Audi,A6,2021,Petrol,Automatic,2.4,1339,171.0,163.0,1,0.0,No Service,Green,Sedan,AWD,31.0,GA,36817,69
Volkswagen,Tiguan,2021,Petrol,Automatic,,63214,280.0,264.0,1,0.0,Partial Service,Gray,SUV,AWD,29.0,TX,16894,69
Nissan,Pathfinder,2015,Petrol,Automatic,2.3,97407,178.0,,2,0.0,Partial Service,Blue,SUV,AWD,35.0,PA,9858,141
Mercedes-Benz,GLE,2012,Hybrid,Automatic,3.0,209717,,200.0,3,0.0,Full Service,Blue,SUV,AWD,51.0,GA,13117,177
Hyundai,Tucson,2023,Petrol,Automatic,2.8,4106,203.0,204.0,1,0.0,Partial Service,Blue,SUV,AWD,32.0,OH,22238,45
Chevrolet,Equinox,2012,Petrol,Automatic,3.2,73547,253.0,235.0,2,,Partial Service,Green,SUV,AWD,25.0,NY,4857,177
Honda,Civic,2016,Hybrid,Automatic,1.4,49891,110.0,104.0,3,0.0,Full Service,Black,Sedan,FWD,54.0,,7929,129
BMW,X5,2017,Hybrid,Automatic,2.4,117960,199.0,182.0,1,1.0,,,SUV,FWD,,TX,22978,117
Volkswagen,Atlas,2006,Petrol,Automatic,2.6,291718,192.0,182.0,5,0.0,,Red,SUV,AWD,30.0,TX,500,249
Toyota,RAV4,2011,Petrol,Automatic,2.8,140742,209.0,219.0,4,1.0,Full Service,Brown,SUV,AWD,32.0,,1946,189
Ford,Escape,2010,Petrol,Automatic,2.8,172447,,214.0,3,0.0,Partial Service,Gray,SUV,FWD,33.0,,500,201
Ford,Escape,2008,Petrol,Manual,3.2,233906,249.0,270.0,3,0.0,Partial Service,Green,SUV,FWD,26.0,,500,225
Ford,F-150,2011,Petrol,Automatic,4.9,235914,358.0,320.0,3,1.0,Full Service,Brown,Truck,RWD,11.0,FL,500,189
Honda,CR-V,2024,Diesel,Automatic,3.3,100,261.0,253.0,1,0.0,No Service,,SUV,AWD,19.0,,26432,33
Toyota,RAV4,2019,Diesel,Automatic,3.3,70291,243.0,209.0,1,0.0,Full Service,Brown,SUV,AWD,19.0,GA,15347,93
BMW,X3,2008,Petrol,Automatic,2.8,254131,225.0,215.0,3,,Partial Service,,SUV,FWD,25.0,OH,500,225
Chevrolet,Silverado,2007,Petrol,Automatic,3.0,242195,240.0,243.0,4,1.0,Partial Service,Brown,Truck,4WD,25.0,MI,500,237
Mercedes-Benz,E-Class,2016,Hybrid,Automatic,1.8,14065,138.0,135.0,2,1.0,Full Service,,Sedan,FWD,44.0,GA,25612,129
Mercedes-Benz,C-Class,2013,Petrol,Automatic,2.5,176573,185.0,176.0,3,1.0,No Service,Blue,Sedan,AWD,36.0,CA,6017,165
Hyundai,Tucson,2005,Petrol,,,155491,166.0,163.0,4,1.0,,Green,SUV,RWD,36.0,TX,500,261
Ford,Explorer,2008,Petrol,Automatic,2.8,183896,233.0,221.0,3,,Partial Service,Green,SUV,AWD,31.0,IL,500,225
Toyota,Corolla,2020,Diesel,Automatic,2.4,89078,,161.0,1,0.0,Full Service,Gray,Sedan,FWD,33.0,FL,10961,81
Audi,Q7,2008,Petrol,Automatic,2.9,65422,233.0,213.0,4,,No Service,Silver,SUV,AWD,27.0,IL,10063,225
Mercedes-Benz,C-Class,2012,Petrol,Automatic,1.9,133788,151.0,126.0,3,0.0,,Silver,Sedan,FWD,32.0,PA,9290,177
Mercedes-Benz,GLE,2006,Petrol,Automatic,2.9,362737,226.0,207.0,4,0.0,Partial Service,Brown,SUV,FWD,26.0,GA,500,249
Audi,Q5,2010,Petrol,Automatic,2.3,151976,,167.0,4,1.0,Full Service,Brown,SUV,AWD,32.0,NC,5285,201
Volkswagen,Atlas,2015,Hybrid,Automatic,3.0,74869,227.0,,2,1.0,Partial Service,Green,SUV,AWD,,GA,10727,141
Chevrolet,Silverado,2011,Petrol,Manual,4.9,237692,353.0,336.0,3,1.0,,,Truck,4WD,14.0,OH,500,189
Toyota,Highlander,2014,Petrol,Automatic,2.5,67395,191.0,174.0,2,1.0,Partial Service,Red,SUV,AWD,,CA,9773,153
Chevrolet,Malibu,2007,Petrol,Automatic,2.4,289502,189.0,186.0,3,1.0,Full Service,Red,Sedan,FWD,,IL,500,237
Ford,Mustang,2006,Petrol,Automatic,4.5,217812,345.0,330.0,5,0.0,Full Service,Red,Coupe,RWD,13.0,CA,500,249
Chevrolet,Malibu,2018,Petrol,,1.4,86061,136.0,124.0,2,0.0,No Service,Green,Sedan,FWD,45.0,PA,8549,105
Mercedes-Benz,GLE,2019,Petrol,Automatic,3.2,93052,248.0,226.0,2,1.0,Partial Service,Red,SUV,AWD,23.0,,28179,93
Nissan,Sentra,2008,Diesel,Automatic,1.4,90578,,95.0,4,0.0,,Silver,Sedan,FWD,41.0,CA,715,225
Chevrolet,Silverado,2006,Petrol,Manual,3.2,244672,244.0,230.0,3,0.0,Partial Service,White,Truck,4WD,26.0,TX,500,249
Hyundai,Tucson,2009,Petrol,Automatic,,207641,,220.0,3,0.0,Partial Service,,SUV,AWD,23.0,,500,213
Audi,Q5,2008,Petrol,Automatic,,121905,229.0,214.0,4,1.0,No Service,Blue,SUV,FWD,26.0,PA,4023,225
Honda,Civic,2012,Petrol,,2.2,41071,172.0,,3,0.0,Partial Service,Silver,Sedan,AWD,35.0,,5505,177
Ford,Explorer,2008,Hybrid,Automatic,3.3,169530,261.0,,5,0.0,Full Service,Black,SUV,AWD,40.0,MI,500,225
Audi,Q7,2014,Hybrid,,3.1,113465,238.0,212.0,2,1.0,,White,SUV,RWD,44.0,CA,17854,153
Audi,Q5,2005,Petrol,Automatic,3.4,257096,252.0,239.0,4,0.0,Partial Service,Brown,SUV,AWD,17.0,PA,500,261
BMW,X5,2013,Petrol,Automatic,3.3,126626,245.0,225.0,3,1.0,Full Service,Brown,SUV,FWD,24.0,,14705,165
Mercedes-Benz,GLE,2019,Petrol,Automatic,2.2,29551,180.0,158.0,1,,Partial Service,,SUV,AWD,31.0,,39103,93
Hyundai,Elantra,2006,Petrol,Manual,1.7,293037,133.0,115.0,4,1.0,Full Service,Blue,Sedan,AWD,37.0,TX,500,249
Audi,Q7,2019,Petrol,Automatic,2.4,49703,,176.0,3,0.0,Full Service,Blue,SUV,AWD,31.0,MI,36629,93
BMW,3 Series,2018,Diesel,,2.0,75170,167.0,168.0,2,1.0,Partial Service,Green,Sedan,FWD,,MI,18076,105
BMW,3 Series,2012,Petrol,Automatic,,210174,157.0,136.0,4,0.0,Full Service,Green,Sedan,FWD,37.0,PA,5184,177
Ford,F-150,2005,Petrol,Automatic,4.4,363672,332.0,297.0,4,1.0,Partial Service,Blue,Truck,4WD,19.0,PA,500,261
Nissan,Sentra,2022,Petrol,,2.4,32716,205.0,192.0,1,,Partial Service,Blue,Sedan,FWD,28.0,,15876,57
Chevrolet,Equinox,2019,Petrol,Automatic,2.6,99023,215.0,228.0,2,1.0,Full Service,,SUV,AWD,25.0,PA,11737,93
Hyundai,Tucson,2012,Petrol,Automatic,,68097,267.0,,4,0.0,Full Service,Gray,SUV,AWD,,PA,6719,177
Chevrolet,Tahoe,2016,Petrol,Automatic,2.9,94999,230.0,225.0,3,1.0,,Blue,SUV,AWD,30.0,PA,17198,129
Nissan,Rogue,2010,Petrol,,,93291,164.0,142.0,4,1.0,,Green,SUV,AWD,33.0,CA,2935,201
Audi,A4,2019,Hybrid,Automatic,,52474,128.0,114.0,1,0.0,No Service,Gray,Sedan,FWD,49.0,IL,21535,93
Ford,Mustang,2016,Petrol,Automatic,5.0,149504,,350.0,2,0.0,Partial Service,Brown,Coupe,RWD,23.0,CA,6911,129
Mercedes-Benz,C-Class,2022,Petrol,Automatic,,28260,,179.0,1,1.0,Full Service,Green,Sedan,FWD,29.0,NC,32741,57
Ford,Escape,2014,Petrol,Automatic,,288,258.0,236.0,1,0.0,No Service,Gray,SUV,FWD,27.0,PA,10872,153
Chevrolet,Silverado,2019,Petrol,Automatic,4.3,59078,324.0,324.0,2,1.0,Full Service,Gray,Truck,4WD,23.0,PA,16249,93
Toyota,RAV4,2021,Petrol,Automatic,2.4,38172,176.0,,1,0.0,Full Service,Brown,SUV,FWD,34.0,OH,22910,69
Volkswagen,Tiguan,2006,Petrol,Manual,,225581,255.0,229.0,5,0.0,Full Service,Blue,SUV,AWD,27.0,FL,500,249
Volkswagen,Golf,2007,Petrol,Automatic,1.6,36567,133.0,,4,1.0,No Service,Black,Hatchback,FWD,42.0,GA,2507,237
Audi,A6,2019,Hybrid,Automatic,2.2,79741,181.0,184.0,2,0.0,Full Service,Green,Sedan,FWD,51.0,GA,33216,93
Honda,CR-V,2014,Diesel,Automatic,3.4,66778,254.0,247.0,2,1.0,Full Service,,SUV,AWD,25.0,TX,7902,153
Audi,A4,2013,Petrol,Automatic,,177149,,129.0,4,1.0,Partial Service,,Sedan,FWD,35.0,,5686,165
Toyota,RAV4,2007,Petrol,Automatic,2.4,277804,200.0,,4,,,Silver,SUV,RWD,33.0,PA,500,237
BMW,X3,2007,Petrol,Automatic,2.2,176903,,169.0,5,0.0,No Service,Black,SUV,AWD,33.0,TX,1805,237
Volkswagen,Atlas,2007,Petrol,Manual,,306779,,209.0,4,1.0,Full Service,Brown,SUV,AWD,,CA,500,237
Honda,Accord,2006,Petrol,Manual,2.5,122239,183.0,161.0,5,0.0,Partial Service,Black,Sedan,FWD,32.0,PA,500,249
Nissan,Altima,2005,Petrol,Automatic,,188539,149.0,154.0,5,0.0,,Green,Sedan,FWD,34.0,,500,261
Volkswagen,Atlas,2019,Petrol,Automatic,2.6,15633,205.0,194.0,2,0.0,Full Service,,SUV,FWD,33.0,MI,21205,93
BMW,X3,2020,Hybrid,Automatic,2.4,95804,178.0,169.0,2,,No Service,Brown,SUV,FWD,46.0,NY,24460,81
BMW,5 Series,2007,Petrol,Automatic,2.3,184477,177.0,177.0,4,0.0,Full Service,,Sedan,FWD,29.0,,4052,237
Toyota,Camry,2016,Electric,Automatic,0.0,125280,395.0,434.0,3,,Partial Service,Gray,Sedan,FWD,,NC,5261,129
Volkswagen,Passat,2007,Petrol,Automatic,1.5,268307,128.0,125.0,2,,Full Service,Silver,Sedan,FWD,36.0,NC,500,237
Chevrolet,Malibu,2006,Petrol,Manual,1.9,177487,151.0,159.0,4,1.0,No Service,Blue,Sedan,FWD,33.0,NC,500,249
Mercedes-Benz,C-Class,2008,Petrol,Automatic,1.6,329881,,128.0,4,,Full Service,Red,Sedan,FWD,43.0,TX,500,225
Mercedes-Benz,E-Class,2007,Petrol,Automatic,,64105,113.0,100.0,3,1.0,Partial Service,,Sedan,FWD,34.0,CA,8712,237
Mercedes-Benz,GLE,2012,Petrol,Automatic,,122002,211.0,190.0,4,0.0,Full Service,,SUV,FWD,,PA,14513,177
BMW,3 Series,2014,Petrol,Automatic,1.6,157798,131.0,,4,0.0,,Black,Sedan,FWD,30.0,GA,10062,153
Volkswagen,Atlas,2019,Petrol,Automatic,2.6,66076,195.0,176.0,3,0.0,No Service,Brown,SUV,AWD,32.0,,16961,93
Hyundai,Sonata,2019,Petrol,Automatic,2.2,62062,167.0,163.0,1,0.0,Partial Service,Silver,Sedan,FWD,32.0,CA,13258,93
Honda,CR-V,2015,Hybrid,Automatic,2.8,87447,218.0,208.0,4,1.0,Partial Service,Brown,SUV,AWD,43.0,,6633,141
Mercedes-Benz,GLE,2008,Petrol,Automatic,2.1,242838,182.0,187.0,5,1.0,No Service,Gray,SUV,AWD,37.0,MI,2715,225
Chevrolet,Malibu,2012,Petrol,Automatic,2.5,167310,,170.0,4,1.0,Partial Service,Black,Sedan,FWD,34.0,NY,500,177
Nissan,Pathfinder,2007,Petrol,Automatic,,53505,230.0,239.0,4,0.0,Full Service,Gray,SUV,AWD,26.0,,5117,237
Toyota,Corolla,2024,Petrol,Automatic,2.1,5893,181.0,186.0,1,0.0,Full Service,Blue,Sedan,FWD,33.0,MI,21715,33
BMW,X3,2008,Petrol,Automatic,2.0,259021,152.0,140.0,3,1.0,No Service,Silver,SUV,AWD,32.0,,500,225
Audi,A4,2008,Petrol,Manual,1.6,256536,115.0,116.0,3,1.0,No Service,White,Sedan,FWD,36.0,NY,500,225
Toyota,Corolla,2011,Petrol,Automatic,2.4,202804,180.0,163.0,3,1.0,Full Service,Gray,Sedan,AWD,40.0,FL,500,189
Hyundai,Santa Fe,2009,Petrol,Automatic,2.2,150173,189.0,167.0,4,1.0,Full Service,Red,SUV,FWD,30.0,GA,1359,213
Volkswagen,Tiguan,2007,Diesel,Automatic,2.6,106275,213.0,193.0,5,1.0,Partial Service,Gray,SUV,AWD,26.0,GA,1199,237
Ford,Explorer,2014,Petrol,Automatic,2.3,108766,191.0,,3,,Full Service,Silver,SUV,AWD,32.0,OH,7975,153
Hyundai,Sonata,2016,Petrol,Automatic,,135499,146.0,163.0,3,0.0,Full Service,Silver,Sedan,FWD,33.0,PA,5704,129
Hyundai,Tucson,2006,Petrol,Manual,3.4,163182,264.0,249.0,4,1.0,Full Service,Brown,SUV,FWD,,NY,500,249
Volkswagen,Passat,2011,Petrol,,2.5,267160,191.0,170.0,2,1.0,,Red,Sedan,FWD,,MI,500,189
BMW,X5,2013,Petrol,,3.3,111774,243.0,239.0,2,,Partial Service,Blue,SUV,FWD,26.0,FL,14342,165
Mercedes-Benz,E-Class,2006,Petrol,Automatic,,45625,153.0,145.0,3,0.0,,Blue,Sedan,FWD,36.0,,10453,249
Ford,Explorer,2015,Hybrid,Automatic,3.4,132713,244.0,219.0,3,0.0,Full Service,White,SUV,AWD,49.0,NC,10208,141
Toyota,Corolla,2009,Petrol,Manual,2.4,172885,187.0,,3,1.0,No Service,Silver,Sedan,FWD,30.0,TX,500,213
Audi,A6,2007,Petrol,Automatic,2.1,205096,150.0,164.0,3,,Partial Service,Red,Sedan,AWD,32.0,IL,3110,237
Volkswagen,Passat,2008,Petrol,Manual,2.3,259135,194.0,196.0,5,0.0,Full Service,Black,Sedan,FWD,33.0,TX,500,225
Ford,Explorer,2010,Petrol,Automatic,2.6,226093,209.0,199.0,3,1.0,Full Service,Green,SUV,AWD,33.0,TX,500,201
Ford,Escape,2013,Petrol,Automatic,,172564,193.0,196.0,4,0.0,Partial Service,Red,SUV,FWD,31.0,PA,1523,165
Hyundai,Elantra,2022,Petrol,Automatic,1.7,22615,127.0,117.0,1,0.0,Full Service,Silver,Sedan,FWD,29.0,CA,16868,57
Volkswagen,Tiguan,2021,Hybrid,Automatic,3.3,42721,250.0,244.0,1,0.0,Partial Service,White,SUV,AWD,34.0,OH,19483,69
Volkswagen,Atlas,2010,Petrol,Automatic,2.9,238671,232.0,222.0,3,1.0,Full Service,Gray,SUV,AWD,28.0,GA,500,201
Honda,Accord,2020,Petrol,Automatic,2.0,2944,185.0,175.0,1,0.0,Full Service,Red,Sedan,AWD,,OH,20745,81
Ford,Escape,2021,Hybrid,Automatic,2.5,37755,198.0,190.0,1,0.0,Full Service,Blue,SUV,FWD,,GA,19581,69
Volkswagen,Golf,2022,Petrol,Automatic,2.4,25888,198.0,190.0,1,0.0,Full Service,Silver,Hatchback,FWD,31.0,GA,19276,57
Ford,Explorer,2006,Petrol,Automatic,2.2,296603,164.0,146.0,5,1.0,,Red,SUV,RWD,34.0,,500,249
Volkswagen,Golf,2008,Diesel,Automatic,1.9,223591,160.0,149.0,4,0.0,Full Service,,Hatchback,AWD,37.0,MI,500,225
Ford,Explorer,2015,Petrol,Automatic,2.4,117933,,194.0,2,1.0,Partial Service,Black,SUV,FWD,35.0,TX,8252,141
Nissan,Rogue,2013,Petrol,Automatic,2.9,142107,236.0,221.0,3,1.0,,Green,SUV,AWD,22.0,MI,3363,165
Mercedes-Benz,E-Class,2016,Petrol,Automatic,1.6,49185,124.0,135.0,2,1.0,Full Service,Green,Sedan,FWD,41.0,,22081,129
BMW,X5,2020,Diesel,Automatic,2.1,67264,163.0,149.0,1,,Full Service,Red,SUV,AWD,31.0,MI,42990,81
Mercedes-Benz,GLE,2016,Petrol,Automatic,3.1,45895,235.0,225.0,2,1.0,No Service,Green,SUV,FWD,31.0,IL,19823,129
Chevrolet,Silverado,2016,Petrol,Automatic,4.4,91154,318.0,295.0,3,1.0,Partial Service,Brown,Truck,4WD,10.0,NY,9986,129
Honda,Accord,2017,Petrol,Automatic,1.7,5343,151.0,,2,0.0,Full Service,Green,Sedan,FWD,34.0,NC,15234,117
BMW,X5,2005,Petrol,Automatic,2.7,379080,206.0,203.0,4,1.0,Partial Service,Gray,SUV,FWD,32.0,IL,500,261
Mercedes-Benz,GLE,2006,Petrol,Manual,2.7,100,200.0,192.0,4,,Full Service,Silver,SUV,AWD,31.0,GA,11165,249
Ford,Escape,2013,Petrol,Automatic,2.0,227176,159.0,157.0,3,,Partial Service,Green,SUV,AWD,34.0,OH,500,165
Chevrolet,Equinox,2013,Petrol,Automatic,2.5,134279,197.0,192.0,3,0.0,No Service,Blue,SUV,AWD,,MI,2878,165
Ford,F-150,2009,Petrol,Automatic,3.4,377289,255.0,255.0,3,1.0,Partial Service,Black,Truck,RWD,,GA,500,213
Toyota,Highlander,2020,Hybrid,Automatic,,87365,197.0,161.0,1,1.0,Partial Service,Black,SUV,AWD,53.0,GA,17451,81
Nissan,Pathfinder,2007,Petrol,,2.0,179666,165.0,155.0,3,1.0,Partial Service,Blue,SUV,AWD,37.0,MI,500,237
Hyundai,Tucson,2005,Petrol,Automatic,2.1,348673,168.0,160.0,5,1.0,,Black,SUV,FWD,31.0,NC,500,261
Toyota,Corolla,2021,Petrol,Automatic,,23235,121.0,112.0,1,0.0,Full Service,White,Sedan,FWD,41.0,TX,15459,69
Mercedes-Benz,E-Class,2006,Petrol,Manual,1.5,100722,125.0,139.0,4,1.0,,Black,Sedan,FWD,37.0,MI,6229,249
Nissan,Pathfinder,2010,Petrol,Manual,2.6,262782,201.0,204.0,4,0.0,No Service,,SUV,AWD,28.0,,500,201
Mercedes-Benz,E-Class,2020,Hybrid,Automatic,,46660,,160.0,2,0.0,No Service,Green,Sedan,FWD,,,32901,81
Hyundai,Sonata,2010,Diesel,Automatic,2.4,254198,,154.0,4,0.0,Full Service,Brown,Sedan,FWD,30.0,,500,201
Mercedes-Benz,GLC,2005,Petrol,Automatic,2.5,213355,170.0,141.0,4,1.0,Partial Service,Gray,SUV,FWD,35.0,NC,500,261
Nissan,Rogue,2021,Hybrid,Automatic,3.4,90668,268.0,248.0,1,1.0,No Service,Red,SUV,AWD,34.0,TX,12073,69
Ford,Mustang,2023,Petrol,Automatic,4.1,22668,311.0,305.0,1,,Partial Service,Red,Coupe,RWD,18.0,NY,25108,45
Toyota,RAV4,2010,Petrol,Automatic,2.2,331115,182.0,175.0,4,1.0,Partial Service,,SUV,FWD,,NC,500,201
Nissan,Pathfinder,2021,Petrol,Automatic,3.5,36815,266.0,248.0,1,0.0,Full Service,Black,SUV,FWD,25.0,PA,27486,69
Mercedes-Benz,GLC,2010,Petrol,Manual,2.6,115430,201.0,,4,1.0,Full Service,,SUV,FWD,27.0,PA,7522,201
Chevrolet,Malibu,2012,Petrol,Automatic,2.4,139640,,161.0,2,1.0,Full Service,Red,Sedan,AWD,,NC,1238,177
Hyundai,Elantra,2007,Petrol,Manual,1.7,129088,142.0,134.0,4,1.0,,Red,Sedan,AWD,36.0,,500,237
Volkswagen,Atlas,2018,Petrol,Automatic,3.4,57673,253.0,243.0,1,0.0,Full Service,Blue,SUV,AWD,21.0,GA,19024,105
Nissan,Pathfinder,2012,Petrol,Automatic,2.6,58760,210.0,180.0,3,1.0,Partial Service,Blue,SUV,AWD,30.0,NC,7954,177
Mercedes-Benz,GLE,2015,Petrol,Automatic,3.3,123123,246.0,246.0,3,1.0,Partial Service,Gray,SUV,AWD,31.0,NC,20202,141
Nissan,Rogue,2015,Electric,Automatic,0.0,132028,,387.0,2,,Full Service,Silver,SUV,AWD,109.0,,6276,141
Volkswagen,Tiguan,2020,Petrol,Automatic,2.9,79070,194.0,190.0,1,1.0,Partial Service,Green,SUV,AWD,26.0,,14395,81
Audi,A4,2016,Hybrid,Automatic,2.5,100,193.0,195.0,2,1.0,No Service,Black,Sedan,FWD,42.0,GA,15118,129
Nissan,Pathfinder,2011,Petrol,Manual,2.3,172729,177.0,177.0,4,1.0,No Service,Gray,SUV,AWD,33.0,MI,1960,189
Nissan,Rogue,2008,Hybrid,Manual,2.5,74668,193.0,182.0,5,1.0,,Brown,SUV,AWD,32.0,TX,2475,225
BMW,3 Series,2008,Diesel,Manual,2.4,24207,,,2,1.0,,Blue,Sedan,FWD,36.0,PA,7455,225
Ford,Explorer,2009,Petrol,Automatic,3.4,240023,251.0,251.0,3,1.0,Partial Service,Red,SUV,FWD,21.0,GA,500,213
Audi,A6,2010,Petrol,Automatic,,144585,140.0,138.0,3,1.0,Full Service,Blue,Sedan,FWD,,PA,8023,201
Audi,A4,2023,Diesel,Automatic,2.3,8127,180.0,162.0,1,,,Silver,Sedan,FWD,33.0,CA,29191,45
Honda,Pilot,2009,Hybrid,Automatic,3.5,168407,248.0,232.0,4,,Full Service,Blue,SUV,AWD,41.0,OH,1617,213
Honda,CR-V,2022,Diesel,Automatic,3.0,18493,236.0,216.0,1,0.0,Partial Service,Blue,SUV,AWD,,PA,22216,57
Chevrolet,Silverado,2024,Petrol,Automatic,3.4,4143,263.0,236.0,1,0.0,Partial Service,Silver,Truck,4WD,23.0,MI,34867,33
Honda,Accord,2007,Petrol,Automatic,1.8,251468,149.0,128.0,5,0.0,Partial Service,,Sedan,FWD,37.0,,500,237
Mercedes-Benz,GLE,2016,Petrol,Automatic,3.4,48259,267.0,,1,0.0,Full Service,Green,SUV,AWD,22.0,NY,28255,129
Audi,A6,2021,Hybrid,Automatic,1.9,46778,163.0,157.0,1,0.0,Full Service,Red,Sedan,AWD,55.0,TX,41667,69
Chevrolet,Malibu,2023,Petrol,Automatic,2.0,25827,150.0,147.0,1,,Partial Service,White,Sedan,FWD,,IL,20818,45
Volkswagen,Passat,2020,Diesel,Automatic,2.1,20098,176.0,188.0,1,,Full Service,Green,Sedan,FWD,35.0,CA,20052,81
Volkswagen,Passat,2006,Petrol,Automatic,2.1,293921,156.0,158.0,4,0.0,Partial Service,Red,Sedan,AWD,32.0,FL,500,249
Nissan,Altima,2006,Petrol,Automatic,2.4,143541,196.0,,2,0.0,Full Service,White,Sedan,FWD,30.0,FL,500,249
Ford,F-150,2005,Petrol,Automatic,3.6,229653,264.0,251.0,5,1.0,Full Service,Brown,Truck,4WD,18.0,MI,500,261
Volkswagen,Golf,2023,Petrol,Automatic,,6380,199.0,188.0,1,0.0,,Black,Hatchback,AWD,27.0,,21835,45
Honda,Civic,2021,Electric,Automatic,0.0,8914,,273.0,1,,Full Service,Green,Sedan,AWD,118.0,NY,17955,69
Chevrolet,Tahoe,2019,Petrol,Automatic,,54874,238.0,226.0,1,0.0,Full Service,Green,SUV,AWD,30.0,GA,32126,93
Audi,Q5,2010,Diesel,Automatic,3.4,99096,263.0,232.0,3,1.0,Partial Service,Blue,SUV,FWD,25.0,NC,7345,201
Hyundai,Sonata,2016,Petrol,Automatic,1.8,142630,148.0,145.0,2,1.0,Partial Service,Blue,Sedan,FWD,34.0,NC,4139,129
Mercedes-Benz,GLC,2020,Petrol,Automatic,,40679,191.0,176.0,1,0.0,Full Service,Blue,SUV,AWD,32.0,MI,32468,81
BMW,X3,2017,Petrol,Automatic,2.8,125178,224.0,218.0,2,0.0,No Service,White,SUV,FWD,27.0,TX,18121,117
Ford,F-150,2022,Petrol,Automatic,3.5,100,254.0,236.0,1,0.0,Full Service,Green,Truck,4WD,27.0,,30874,57
Chevrolet,Equinox,2005,Diesel,Automatic,2.4,96662,,183.0,4,1.0,Partial Service,Brown,SUV,AWD,27.0,PA,500,261
Ford,Explorer,2024,Petrol,Automatic,2.8,5367,227.0,212.0,1,0.0,No Service,Black,SUV,FWD,28.0,GA,33868,33
Volkswagen,Tiguan,2020,Petrol,Automatic,2.3,48939,177.0,196.0,1,0.0,Partial Service,Gray,SUV,RWD,,CA,16701,81
Toyota,Highlander,2020,Hybrid,Automatic,3.1,112616,,221.0,3,1.0,,Brown,SUV,FWD,39.0,OH,13535,81
Ford,F-150,2024,Petrol,Automatic,4.3,100,,298.0,1,0.0,Full Service,Green,Truck,4WD,,MI,32763,33
Audi,Q7,2024,Petrol,,3.5,100,254.0,268.0,1,0.0,,White,SUV,AWD,20.0,CA,55499,33
Ford,Escape,2009,Petrol,Automatic,3.4,128966,264.0,251.0,3,0.0,,Black,SUV,AWD,26.0,,1002,213
Hyundai,Tucson,2020,Petrol,Automatic,2.6,2952,206.0,,1,,Full Service,Green,SUV,RWD,25.0,NY,19882,81
Nissan,Altima,2014,Petrol,Automatic,1.6,101057,133.0,120.0,2,0.0,Full Service,White,Sedan,FWD,35.0,MI,5952,153
Ford,Escape,2015,Petrol,Automatic,2.9,58365,217.0,,2,0.0,Partial Service,,SUV,AWD,26.0,,9366,141
Volkswagen,Golf,2013,Petrol,Automatic,1.9,168905,163.0,149.0,4,1.0,No Service,Blue,Hatchback,FWD,29.0,GA,573,165
Honda,Civic,2007,Petrol,Automatic,2.1,166594,163.0,158.0,4,1.0,,Blue,Sedan,FWD,31.0,MI,500,237
Hyundai,Santa Fe,2012,Petrol,Automatic,2.4,19095,185.0,184.0,4,0.0,Partial Service,Gray,SUV,AWD,32.0,OH,10437,177
Chevrolet,Tahoe,2011,Petrol,Automatic,2.8,174112,186.0,,3,0.0,,,SUV,AWD,,TX,7729,189
Nissan,Pathfinder,2006,Petrol,Automatic,2.3,203143,184.0,193.0,3,1.0,No Service,Green,SUV,AWD,26.0,,500,249
Ford,Mustang,2010,Diesel,Manual,4.6,272886,343.0,310.0,3,1.0,Partial Service,White,Coupe,RWD,15.0,NC,500,201
Volkswagen,Golf,2011,Petrol,Manual,1.6,212749,137.0,126.0,4,1.0,Partial Service,Red,Hatchback,FWD,39.0,OH,500,189
Hyundai,Sonata,2005,Petrol,Automatic,2.5,231998,184.0,174.0,4,0.0,Full Service,Brown,Sedan,FWD,32.0,,500,261
Volkswagen,Passat,2018,Petrol,Automatic,1.5,8045,,115.0,1,0.0,Partial Service,Green,Sedan,FWD,41.0,MI,15532,105
Ford,Mustang,2010,Petrol,Manual,4.3,262455,322.0,298.0,4,0.0,Partial Service,White,Coupe,RWD,16.0,IL,500,201
Nissan,Pathfinder,2006,Petrol,Manual,2.4,354554,184.0,184.0,4,1.0,Partial Service,Silver,SUV,AWD,28.0,GA,500,249
Honda,Civic,2021,Petrol,Automatic,1.8,61978,,144.0,1,,Partial Service,Green,Sedan,AWD,,FL,11025,69
Audi,Q5,2024,Petrol,,3.3,563,257.0,245.0,1,0.0,No Service,Brown,SUV,FWD,25.0,NY,41411,33
Hyundai,Tucson,2017,Petrol,Automatic,2.5,89610,211.0,204.0,1,0.0,No Service,White,SUV,AWD,26.0,CA,8771,117
Ford,Mustang,2016,Petrol,,2.7,138217,,212.0,2,1.0,Partial Service,Blue,Coupe,RWD,32.0,,6110,129
Audi,A6,2022,Diesel,Automatic,2.1,25595,164.0,155.0,1,0.0,,Green,Sedan,FWD,34.0,,44425,57
Honda,Accord,2017,Petrol,,,71352,,96.0,1,0.0,Partial Service,,Sedan,FWD,40.0,PA,10708,117
Hyundai,Sonata,2024,Diesel,Automatic,2.5,100,193.0,171.0,1,0.0,Partial Service,White,Sedan,FWD,30.0,IL,23488,33
Mercedes-Benz,C-Class,2015,Petrol,Automatic,2.5,98713,183.0,177.0,2,1.0,Full Service,Brown,Sedan,FWD,31.0,NC,13934,141
Nissan,Pathfinder,2021,Petrol,Automatic,2.9,22358,224.0,208.0,1,0.0,Partial Service,White,SUV,AWD,28.0,CA,25261,69
Honda,Pilot,2007,Diesel,Automatic,3.2,126386,,229.0,2,,Partial Service,Red,SUV,AWD,28.0,GA,2497,237
Mercedes-Benz,GLC,2023,Diesel,Automatic,,100,158.0,,1,,Full Service,Gray,SUV,RWD,31.0,,35190,45
Mercedes-Benz,GLC,2007,Petrol,,3.1,205064,242.0,224.0,5,1.0,No Service,Brown,SUV,AWD,32.0,CA,632,237
Toyota,RAV4,2006,Petrol,Manual,2.9,93293,226.0,230.0,4,1.0,No Service,Green,SUV,AWD,19.0,MI,1126,249
Toyota,RAV4,2014,Petrol,Automatic,3.4,56778,,248.0,1,,,Silver,SUV,AWD,19.0,TX,7620,153
BMW,X3,2016,Diesel,Automatic,3.0,25840,226.0,201.0,2,0.0,Full Service,Black,SUV,AWD,26.0,,24137,129
Nissan,Rogue,2008,Petrol,Automatic,2.1,163215,182.0,184.0,4,0.0,Full Service,Silver,SUV,AWD,32.0,IL,500,225
Toyota,Corolla,2008,Petrol,Automatic,2.1,203217,177.0,172.0,4,0.0,Full Service,Gray,Sedan,FWD,32.0,FL,500,225
Hyundai,Elantra,2021,Petrol,Automatic,,17789,,140.0,1,0.0,Full Service,Red,Sedan,FWD,38.0,CA,15129,69
BMW,5 Series,2017,Hybrid,,2.4,138970,187.0,166.0,2,1.0,Full Service,Silver,Sedan,FWD,51.0,GA,21269,117
Chevrolet,Malibu,2013,Petrol,Automatic,,212974,166.0,159.0,3,0.0,,Red,Sedan,FWD,32.0,CA,500,165
Toyota,RAV4,2005,Petrol,Automatic,3.4,257754,256.0,226.0,3,1.0,No Service,Blue,SUV,FWD,25.0,PA,500,261
Ford,Mustang,2021,Petrol,Automatic,,41325,210.0,193.0,1,0.0,Partial Service,White,Coupe,RWD,32.0,IL,20404,69
Volkswagen,Tiguan,2016,Petrol,Automatic,3.4,110042,254.0,232.0,3,1.0,,Silver,SUV,AWD,26.0,PA,7198,129
Audi,Q7,2023,Hybrid,Automatic,3.1,32983,230.0,225.0,1,,No Service,Gray,SUV,AWD,43.0,CA,43783,45
Audi,Q5,2024,Hybrid,Automatic,3.2,100,,231.0,1,,,Green,SUV,AWD,42.0,,37746,33
Toyota,Corolla,2015,Petrol,Automatic,2.5,213446,187.0,164.0,2,1.0,Full Service,Gray,Sedan,FWD,34.0,TX,500,141
Audi,A6,2024,Petrol,Automatic,2.2,100,181.0,,1,0.0,,Green,Sedan,FWD,30.0,IL,59071,33
BMW,5 Series,2023,Petrol,Automatic,1.4,29547,,118.0,1,0.0,No Service,Blue,Sedan,FWD,40.0,CA,41117,45
Mercedes-Benz,C-Class,2023,Petrol,Automatic,1.5,9338,137.0,126.0,1,,Partial Service,Blue,Sedan,FWD,40.0,FL,40414,45
Ford,F-150,2012,Petrol,,4.6,127046,,339.0,4,0.0,,,Truck,RWD,14.0,NY,5042,177
Hyundai,Santa Fe,2005,Petrol,Manual,2.1,116415,164.0,,4,1.0,Full Service,Black,SUV,AWD,40.0,IL,631,261
Toyota,Corolla,2013,Petrol,Automatic,2.4,135413,167.0,146.0,4,1.0,Full Service,,Sedan,FWD,29.0,GA,1012,165
Mercedes-Benz,GLE,2024,Petrol,Automatic,2.6,100,203.0,,1,0.0,,Black,SUV,FWD,29.0,OH,57593,33
Honda,Accord,2012,Petrol,Automatic,1.6,49055,136.0,138.0,3,1.0,Full Service,White,Sedan,AWD,36.0,NY,6244,177
BMW,5 Series,2007,Diesel,Automatic,2.2,231172,187.0,172.0,4,1.0,Partial Service,Brown,Sedan,FWD,,,1361,237
Chevrolet,Silverado,2024,Petrol,Automatic,,6876,403.0,,1,0.0,,,Truck,RWD,11.0,CA,32568,33
Audi,Q5,2011,Petrol,Automatic,3.0,54763,233.0,214.0,3,1.0,Partial Service,Brown,SUV,AWD,20.0,,9004,189
BMW,X3,2007,Petrol,Automatic,3.2,167445,240.0,231.0,5,1.0,Partial Service,,SUV,FWD,22.0,,2152,237
Ford,Explorer,2018,Petrol,,2.4,68696,193.0,181.0,2,1.0,Full Service,Red,SUV,AWD,34.0,,15016,105
Hyundai,Santa Fe,2012,Petrol,Automatic,2.3,120799,169.0,159.0,2,1.0,Full Service,Black,SUV,AWD,,FL,4920,177
Hyundai,Tucson,2019,Diesel,Automatic,,81054,186.0,,2,0.0,,Red,SUV,AWD,25.0,,12701,93
Audi,Q5,2024,Petrol,Automatic,2.9,100,,224.0,1,,No Service,Black,SUV,FWD,29.0,NC,38800,33
Toyota,RAV4,2016,Petrol,,2.4,159155,178.0,175.0,1,1.0,Partial Service,Blue,SUV,FWD,,IL,5659,129
Volkswagen,Tiguan,2020,Petrol,Automatic,3.0,24913,253.0,245.0,3,1.0,Full Service,Brown,SUV,AWD,25.0,FL,16343,81
Hyundai,Tucson,2021,Diesel,Automatic,2.9,46026,201.0,195.0,1,,Partial Service,Red,SUV,AWD,34.0,MI,17163,69
Volkswagen,Tiguan,2005,Petrol,Automatic,3.0,152245,231.0,232.0,4,,Full Service,,SUV,FWD,24.0,FL,500,261
Toyota,RAV4,2009,Petrol,Manual,3.0,187469,220.0,,3,0.0,Full Service,Blue,SUV,FWD,26.0,PA,500,213
Volkswagen,Tiguan,2016,Petrol,Automatic,2.2,72202,171.0,174.0,2,0.0,Full Service,Black,SUV,AWD,35.0,,11763,129
Audi,A6,2014,Petrol,Automatic,1.7,157009,138.0,137.0,2,,Full Service,White,Sedan,FWD,39.0,GA,14074,153
Mercedes-Benz,GLE,2010,Petrol,Automatic,2.6,100,222.0,223.0,4,1.0,Partial Service,Gray,SUV,AWD,30.0,FL,16065,201
Toyota,Camry,2024,Petrol,Automatic,1.7,2031,,139.0,1,0.0,Partial Service,Red,Sedan,AWD,34.0,PA,26061,33
Audi,Q5,2009,Petrol,Automatic,3.3,106172,236.0,236.0,4,0.0,Full Service,Silver,SUV,AWD,27.0,NY,6823,213
Hyundai,Sonata,2013,Diesel,Automatic,2.4,260667,197.0,,2,1.0,Full Service,Gray,Sedan,FWD,29.0,GA,500,165
Mercedes-Benz,E-Class,2019,Petrol,Automatic,1.6,93299,125.0,120.0,1,0.0,Partial Service,Gray,Sedan,FWD,41.0,IL,33377,93
BMW,X3,2018,Petrol,Automatic,,30390,209.0,198.0,2,1.0,Partial Service,White,SUV,AWD,27.0,NY,22887,105
Ford,Explorer,2014,Petrol,Automatic,2.2,64664,,185.0,2,,Full Service,,SUV,AWD,33.0,,10815,153
Hyundai,Santa Fe,2016,Diesel,,3.1,16633,234.0,,1,0.0,Full Service,Green,SUV,AWD,31.0,NY,17252,129
BMW,X3,2019,Petrol,Automatic,3.1,55194,235.0,223.0,2,0.0,,Black,SUV,AWD,,GA,25694,93
Ford,Mustang,2018,Petrol,Manual,,18968,264.0,259.0,2,0.0,Partial Service,Brown,Coupe,RWD,21.0,,15846,105
Chevrolet,Tahoe,2022,Hybrid,Automatic,2.6,39000,217.0,214.0,1,0.0,Full Service,Silver,SUV,AWD,52.0,GA,39016,57
Hyundai,Sonata,2013,Diesel,Automatic,1.5,136991,129.0,129.0,2,0.0,Partial Service,Black,Sedan,AWD,41.0,OH,2494,165
Audi,Q5,2016,Petrol,Automatic,2.6,101469,195.0,181.0,2,1.0,No Service,,SUV,AWD,33.0,FL,13677,129
Hyundai,Sonata,2015,Petrol,Automatic,2.4,155577,,,3,,Partial Service,Gray,Sedan,FWD,32.0,FL,4425,141
Nissan,Altima,2021,Petrol,Automatic,2.4,68354,203.0,193.0,1,0.0,,Blue,Sedan,FWD,32.0,NY,17105,69
Toyota,Camry,2009,Petrol,Manual,,255167,,133.0,2,0.0,Full Service,Black,Sedan,FWD,,NC,500,213
Chevrolet,Tahoe,2017,Electric,Automatic,0.0,100,301.0,331.0,1,,No Service,Brown,SUV,AWD,117.0,CA,23326,117
Audi,A4,2011,Petrol,Manual,2.2,213371,149.0,142.0,3,0.0,,Red,Sedan,FWD,28.0,TX,2731,189
Chevrolet,Equinox,2012,Diesel,Automatic,3.2,262442,237.0,222.0,2,,Full Service,,SUV,FWD,28.0,CA,500,177
Volkswagen,Tiguan,2024,Diesel,Automatic,2.3,5361,191.0,180.0,1,0.0,Full Service,Blue,SUV,AWD,30.0,,28907,33
Honda,Pilot,2008,Petrol,Automatic,2.4,44721,,185.0,3,1.0,Full Service,Red,SUV,AWD,36.0,NY,6126,225
Ford,Escape,2007,Petrol,Automatic,2.3,137131,179.0,,4,0.0,Partial Service,,SUV,AWD,31.0,FL,500,237
BMW,X3,2022,Petrol,Automatic,2.1,29451,158.0,151.0,1,0.0,Full Service,Red,SUV,FWD,41.0,NC,39413,57
Ford,F-150,2010,Diesel,Automatic,3.9,36618,,277.0,4,0.0,Partial Service,Brown,Truck,RWD,21.0,TX,7928,201
Chevrolet,Equinox,2012,Petrol,Automatic,2.2,152044,166.0,155.0,5,1.0,Full Service,Blue,SUV,AWD,,CA,1730,177
Toyota,RAV4,2010,Petrol,Automatic,,285176,198.0,170.0,3,1.0,Full Service,Red,SUV,AWD,,NY,500,201
Chevrolet,Equinox,2023,Petrol,Automatic,2.3,100,181.0,183.0,1,0.0,No Service,Silver,SUV,FWD,32.0,GA,21983,45
Toyota,Corolla,2007,Petrol,Manual,1.7,337030,124.0,123.0,5,0.0,Partial Service,,Sedan,FWD,39.0,NC,500,237
Toyota,RAV4,2008,Diesel,Automatic,2.3,256319,185.0,176.0,4,0.0,Partial Service,Black,SUV,RWD,29.0,NY,500,225
Mercedes-Benz,GLE,2014,Hybrid,Automatic,,121396,165.0,154.0,3,0.0,,Silver,SUV,AWD,,,18706,153
Chevrolet,Malibu,2015,Hybrid,,1.9,156705,167.0,139.0,1,0.0,,Red,Sedan,FWD,47.0,TX,3163,141
BMW,3 Series,2007,Petrol,Automatic,1.8,246306,159.0,146.0,4,0.0,Full Service,Brown,Sedan,FWD,38.0,TX,500,237
Nissan,Sentra,2015,Hybrid,Automatic,2.3,103254,179.0,165.0,2,1.0,Partial Service,Gray,Sedan,AWD,50.0,CA,3666,141
BMW,5 Series,2013,Hybrid,Automatic,,55374,135.0,134.0,3,0.0,No Service,Brown,Sedan,FWD,47.0,TX,15904,165
Ford,F-150,2018,Petrol,Automatic,5.6,66204,420.0,399.0,2,0.0,No Service,Gray,Truck,4WD,10.0,FL,13889,105
Ford,Mustang,2012,Petrol,Automatic,2.9,130159,226.0,203.0,3,1.0,Full Service,Gray,Coupe,RWD,27.0,NC,2906,177
Honda,Civic,2012,Petrol,Automatic,2.0,187160,161.0,133.0,3,1.0,Partial Service,Gray,Sedan,AWD,29.0,CA,500,177
Hyundai,Santa Fe,2014,Petrol,Automatic,2.1,141202,163.0,148.0,2,1.0,Partial Service,Black,SUV,AWD,33.0,NY,5707,153
Ford,Explorer,2015,Petrol,,3.1,129815,,217.0,2,1.0,Partial Service,White,SUV,AWD,27.0,GA,8554,141
Volkswagen,Golf,2015,Petrol,Automatic,1.5,127307,109.0,91.0,2,1.0,Partial Service,White,Hatchback,AWD,43.0,CA,3810,141
Toyota,Corolla,2008,Petrol,Manual,2.1,300025,175.0,165.0,2,1.0,Partial Service,Red,Sedan,FWD,29.0,TX,500,225
BMW,X5,2005,Petrol,Manual,,193711,213.0,211.0,5,0.0,Full Service,Black,SUV,AWD,29.0,GA,2730,261
Toyota,Camry,2009,Petrol,,,157316,166.0,,4,,Partial Service,White,Sedan,FWD,,FL,500,213
BMW,5 Series,2008,Petrol,Automatic,1.5,245891,127.0,131.0,3,0.0,,,Sedan,FWD,35.0,NY,2124,225
Volkswagen,Tiguan,2014,Petrol,Automatic,3.5,168558,,,3,0.0,Full Service,Brown,SUV,FWD,23.0,NY,3789,153
Audi,A4,2019,Petrol,Automatic,1.7,32967,133.0,137.0,2,,Partial Service,Gray,Sedan,AWD,35.0,CA,22502,93
Audi,Q5,2006,Petrol,Manual,2.6,328238,,200.0,3,0.0,Partial Service,Red,SUV,FWD,28.0,PA,500,249
Audi,Q7,2005,Petrol,Manual,3.1,285819,233.0,234.0,5,1.0,Partial Service,Gray,SUV,AWD,29.0,PA,500,261
Audi,Q7,2009,Petrol,Automatic,3.3,186933,254.0,238.0,3,1.0,Partial Service,Red,SUV,FWD,21.0,NC,6383,213
BMW,X5,2009,Petrol,Automatic,2.3,294095,,,3,0.0,Partial Service,Black,SUV,AWD,28.0,TX,2277,213
Nissan,Rogue,2015,Petrol,Automatic,2.1,149558,167.0,170.0,3,,Partial Service,Blue,SUV,AWD,34.0,PA,5139,141
Audi,Q5,2010,Petrol,Manual,3.0,287208,226.0,219.0,3,1.0,Partial Service,Black,SUV,AWD,,FL,500,201
Volkswagen,Passat,2020,Petrol,Automatic,1.4,55779,107.0,110.0,1,0.0,No Service,,Sedan,AWD,41.0,FL,15103,81
Mercedes-Benz,E-Class,2019,Diesel,,1.5,23145,124.0,96.0,2,0.0,Partial Service,Silver,Sedan,FWD,38.0,CA,33023,93
Audi,A4,2008,Petrol,Automatic,1.8,87504,161.0,144.0,3,1.0,Partial Service,White,Sedan,FWD,38.0,NY,4685,225
Toyota,Corolla,2022,Diesel,Automatic,1.8,100,,141.0,1,0.0,Full Service,White,Sedan,AWD,41.0,NY,16716,57
Mercedes-Benz,GLE,2009,Petrol,,2.5,141966,205.0,181.0,4,0.0,Full Service,Blue,SUV,AWD,36.0,OH,9932,213
Mercedes-Benz,GLE,2008,Petrol,,2.4,188471,185.0,,4,1.0,Full Service,Black,SUV,FWD,29.0,CA,6030,225
Chevrolet,Equinox,2015,Hybrid,Automatic,3.0,106426,224.0,227.0,2,,,Brown,SUV,AWD,39.0,GA,6250,141
Volkswagen,Golf,2018,Petrol,,2.5,84280,182.0,175.0,3,0.0,No Service,Green,Hatchback,FWD,35.0,IL,8384,105
Chevrolet,Malibu,2007,Petrol,Automatic,1.8,222298,158.0,145.0,4,,Full Service,Silver,Sedan,AWD,,PA,500,237
Hyundai,Elantra,2015,Petrol,,1.5,123945,141.0,136.0,3,1.0,No Service,Blue,Sedan,FWD,38.0,IL,2548,141
Audi,A6,2008,Petrol,Manual,2.1,219925,144.0,120.0,3,1.0,Partial Service,Brown,Sedan,FWD,32.0,CA,2343,225
Audi,Q5,2021,Electric,,0.0,82044,319.0,350.0,1,0.0,Partial Service,Gray,SUV,AWD,102.0,FL,28218,69
Chevrolet,Tahoe,2024,Petrol,Automatic,,3999,234.0,232.0,1,0.0,Full Service,Silver,SUV,AWD,22.0,IL,54774,33
Nissan,Altima,2014,Petrol,Automatic,2.3,148724,170.0,157.0,2,1.0,Full Service,Blue,Sedan,FWD,34.0,OH,2729,153
Mercedes-Benz,E-Class,2009,Petrol,Manual,,111248,193.0,183.0,3,0.0,Partial Service,Gray,Sedan,AWD,,,9790,213
Mercedes-Benz,E-Class,2013,Petrol,Automatic,1.5,75293,,98.0,3,1.0,Partial Service,Black,Sedan,FWD,36.0,NY,15695,165
Chevrolet,Malibu,2011,Petrol,Manual,2.4,206597,189.0,159.0,2,1.0,Partial Service,Silver,Sedan,FWD,38.0,CA,500,189
Audi,Q7,2008,Petrol,Automatic,2.9,255171,233.0,223.0,2,0.0,Full Service,Blue,SUV,RWD,31.0,NC,2722,225
Mercedes-Benz,GLE,2007,Petrol,,3.2,374944,244.0,237.0,3,1.0,No Service,Blue,SUV,FWD,24.0,NY,500,237
Chevrolet,Tahoe,2006,Petrol,Automatic,3.3,193798,236.0,210.0,4,1.0,Partial Service,Red,SUV,AWD,23.0,NY,1045,249
Volkswagen,Tiguan,2018,Hybrid,Automatic,3.4,77255,255.0,229.0,2,,Full Service,Blue,SUV,AWD,34.0,OH,12892,105
Audi,A4,2013,Petrol,Automatic,1.7,72493,131.0,126.0,2,0.0,Partial Service,White,Sedan,FWD,34.0,PA,11811,165
BMW,X5,2022,Petrol,Automatic,3.3,45861,257.0,249.0,1,0.0,Full Service,Red,SUV,AWD,25.0,PA,50084,57
Honda,CR-V,2023,Petrol,Automatic,2.3,17981,168.0,168.0,1,0.0,Full Service,Brown,SUV,AWD,29.0,NY,24782,45
Audi,A4,2007,Petrol,Automatic,1.8,357325,136.0,119.0,4,1.0,Full Service,Brown,Sedan,FWD,36.0,,500,237
BMW,X5,2006,Petrol,Manual,2.2,314638,165.0,162.0,4,1.0,No Service,,SUV,AWD,31.0,TX,500,249
Audi,A6,2024,Diesel,Automatic,2.3,7118,192.0,191.0,1,0.0,Partial Service,Blue,Sedan,AWD,36.0,,50312,33
Nissan,Rogue,2022,Petrol,,3.0,16935,229.0,209.0,1,0.0,Full Service,Blue,SUV,AWD,21.0,PA,22622,57
Mercedes-Benz,E-Class,2013,Petrol,Automatic,1.6,107220,133.0,135.0,1,,No Service,Black,Sedan,FWD,35.0,MI,13602,165
Audi,A4,2016,Petrol,Automatic,2.3,98108,186.0,157.0,2,,Full Service,Gray,Sedan,FWD,30.0,PA,14060,129
Honda,Accord,2011,Petrol,Manual,,64968,129.0,,3,1.0,Full Service,Red,Sedan,FWD,38.0,MI,4633,189
Toyota,RAV4,2016,Petrol,,2.6,82109,214.0,197.0,2,0.0,Partial Service,Silver,SUV,AWD,32.0,PA,9917,129
Mercedes-Benz,C-Class,2014,Petrol,Automatic,2.1,136216,162.0,154.0,2,,Partial Service,Brown,Sedan,AWD,34.0,OH,10764,153
Volkswagen,Passat,2018,Petrol,Automatic,,56218,111.0,103.0,1,1.0,Full Service,Silver,Sedan,FWD,,GA,11126,105
Toyota,RAV4,2010,Diesel,Automatic,2.5,110632,199.0,203.0,4,1.0,Partial Service,Green,SUV,FWD,32.0,PA,2543,201
Honda,Pilot,2020,Petrol,Automatic,,6835,221.0,221.0,2,0.0,Partial Service,Silver,SUV,AWD,,PA,26876,81
Nissan,Altima,2009,Petrol,Automatic,2.2,154987,173.0,177.0,4,1.0,Full Service,,Sedan,FWD,37.0,PA,500,213
Mercedes-Benz,E-Class,2020,Petrol,,1.9,15055,162.0,136.0,1,0.0,Partial Service,Silver,Sedan,FWD,36.0,MI,39679,81
Chevrolet,Malibu,2010,Petrol,Manual,2.5,188284,195.0,179.0,4,1.0,Partial Service,,Sedan,FWD,32.0,FL,500,201
Chevrolet,Equinox,2015,Hybrid,Automatic,,252582,192.0,,2,0.0,No Service,,SUV,AWD,55.0,NY,500,141
Volkswagen,Tiguan,2007,Hybrid,Automatic,,439932,,222.0,4,0.0,Partial Service,Green,SUV,AWD,25.0,,500,237
BMW,5 Series,2009,Petrol,Automatic,1.7,315695,119.0,100.0,2,1.0,,Silver,Sedan,AWD,35.0,FL,500,213
Toyota,RAV4,2010,Petrol,Automatic,2.8,118736,212.0,203.0,3,1.0,Full Service,,SUV,AWD,21.0,IL,2433,201
Nissan,Rogue,2023,Petrol,Automatic,3.3,867,242.0,228.0,1,0.0,Full Service,Black,SUV,FWD,22.0,TX,26541,45
Nissan,Sentra,2014,Petrol,Automatic,2.4,189070,191.0,175.0,4,1.0,Full Service,,Sedan,AWD,35.0,NY,500,153
Toyota,RAV4,2012,Petrol,Automatic,3.4,141214,250.0,219.0,2,,Full Service,,SUV,AWD,,FL,2642,177
Audi,A6,2019,Hybrid,Automatic,1.5,102225,,112.0,1,0.0,Full Service,White,Sedan,FWD,55.0,IL,32404,93
Audi,A6,2005,Petrol,Automatic,1.7,97854,128.0,120.0,4,1.0,No Service,Silver,Sedan,FWD,33.0,FL,4366,261
Chevrolet,Equinox,2006,Petrol,Manual,3.4,198536,259.0,248.0,4,,Full Service,Black,SUV,FWD,25.0,PA,500,249
BMW,X3,2011,Hybrid,Automatic,3.3,89313,,228.0,2,1.0,Full Service,Gray,SUV,AWD,36.0,GA,9840,189
Honda,Civic,2019,Petrol,Automatic,2.5,43854,188.0,169.0,1,0.0,No Service,Gray,Sedan,FWD,,,10132,93
Toyota,RAV4,2023,Electric,Automatic,0.0,4719,247.0,271.0,1,0.0,Partial Service,White,SUV,AWD,108.0,OH,27143,45
Nissan,Rogue,2007,Petrol,Manual,3.1,144333,230.0,217.0,4,0.0,,,SUV,AWD,,IL,500,237
Mercedes-Benz,E-Class,2022,Diesel,,2.1,23416,145.0,137.0,1,0.0,Full Service,Blue,Sedan,FWD,,NC,49511,57
Ford,Mustang,2005,Petrol,Manual,3.9,100800,280.0,272.0,5,,Partial Service,White,Coupe,AWD,22.0,NC,500,261
Nissan,Altima,2019,Petrol,,2.2,56283,168.0,160.0,1,1.0,Full Service,Brown,Sedan,FWD,41.0,TX,11401,93
Mercedes-Benz,C-Class,2008,Diesel,Automatic,1.5,249951,143.0,139.0,4,1.0,Full Service,Blue,Sedan,FWD,36.0,PA,500,225
Hyundai,Elantra,2018,Electric,Automatic,0.0,4706,,266.0,1,0.0,Partial Service,White,Sedan,FWD,102.0,,12222,105
Mercedes-Benz,GLE,2012,Petrol,,2.6,149935,206.0,,3,1.0,Full Service,Green,SUV,FWD,30.0,OH,13956,177
Ford,Escape,2020,Electric,Automatic,0.0,46733,323.0,355.0,1,0.0,Full Service,Green,SUV,AWD,109.0,IL,17129,81
Volkswagen,Golf,2006,Hybrid,Manual,1.9,181027,151.0,134.0,4,,Full Service,Red,Hatchback,AWD,51.0,FL,500,249
Toyota,RAV4,2021,Diesel,Automatic,2.4,34165,184.0,173.0,1,1.0,No Service,Brown,SUV,AWD,,TX,14458,69
BMW,3 Series,2006,Petrol,Automatic,2.0,124332,171.0,177.0,3,1.0,Full Service,White,Sedan,FWD,37.0,MI,2741,249
Ford,Escape,2009,Petrol,Manual,,100,212.0,211.0,5,1.0,,,SUV,AWD,26.0,MI,6177,213
Ford,Mustang,2015,Petrol,Automatic,3.6,179585,295.0,288.0,3,0.0,Full Service,White,Coupe,RWD,24.0,CA,3828,141
Hyundai,Tucson,2015,Petrol,Automatic,2.3,84677,195.0,185.0,2,0.0,Partial Service,Red,SUV,AWD,34.0,NY,8256,141
Hyundai,Sonata,2005,Petrol,Automatic,2.5,390929,,188.0,4,,Partial Service,Gray,Sedan,FWD,33.0,NC,500,261
Honda,Civic,2013,Petrol,Automatic,2.5,83225,193.0,177.0,2,0.0,No Service,Black,Sedan,FWD,30.0,OH,3897,165
Chevrolet,Malibu,2016,Hybrid,Automatic,,184949,177.0,177.0,3,1.0,Partial Service,Black,Sedan,AWD,62.0,,2020,129
Ford,Mustang,2017,Petrol,Automatic,4.7,96867,328.0,,1,,Partial Service,Black,Coupe,RWD,22.0,FL,10537,117
Volkswagen,Golf,2010,Petrol,Manual,1.9,304941,163.0,154.0,2,0.0,,White,Hatchback,FWD,36.0,GA,500,201
Nissan,Altima,2017,Petrol,Automatic,1.4,80982,100.0,,3,,Full Service,Red,Sedan,AWD,41.0,TX,8423,117
BMW,X3,2011,Petrol,Automatic,2.1,295798,174.0,160.0,2,1.0,Full Service,Silver,SUV,AWD,38.0,NY,500,189
Honda,Pilot,2019,Petrol,Automatic,3.3,45479,259.0,247.0,1,1.0,Full Service,Black,SUV,AWD,23.0,GA,20496,93
BMW,X3,2023,Petrol,,2.0,10789,169.0,151.0,1,0.0,,Red,SUV,FWD,39.0,IL,45844,45
Audi,Q7,2015,Petrol,Automatic,2.9,118718,222.0,,3,1.0,Partial Service,Black,SUV,AWD,,NC,17729,141
Volkswagen,Tiguan,2005,Petrol,Manual,2.2,183933,185.0,181.0,4,1.0,Full Service,Red,SUV,AWD,,IL,500,261
Mercedes-Benz,E-Class,2007,Petrol,Automatic,2.5,322995,,187.0,3,,Full Service,Silver,Sedan,FWD,26.0,MI,500,237
Mercedes-Benz,GLE,2008,Petrol,Automatic,2.8,16074,190.0,,3,,Full Service,White,SUV,AWD,33.0,,13351,225
Toyota,Camry,2020,Petrol,Automatic,1.8,61481,140.0,,1,0.0,Full Service,Red,Sedan,FWD,34.0,NY,15921,81
Toyota,RAV4,2023,Petrol,Automatic,2.9,20946,242.0,213.0,1,,,Green,SUV,AWD,31.0,NY,24396,45
Audi,Q7,2016,Petrol,Automatic,3.0,65202,236.0,213.0,3,0.0,Partial Service,Black,SUV,AWD,27.0,IL,25970,129
Mercedes-Benz,E-Class,2024,Petrol,Automatic,1.6,8403,133.0,115.0,1,0.0,No Service,Gray,Sedan,AWD,31.0,IL,44978,33
Honda,CR-V,2021,Petrol,Automatic,2.4,33119,183.0,171.0,1,0.0,Full Service,Black,SUV,AWD,,IL,23205,69
Toyota,RAV4,2014,Petrol,Automatic,2.6,144020,206.0,202.0,2,0.0,,,SUV,FWD,35.0,GA,5020,153
BMW,X5,2020,Petrol,Automatic,2.5,45224,,,2,0.0,Full Service,White,SUV,AWD,30.0,CA,43083,81
BMW,X5,2013,Diesel,Automatic,,62864,183.0,176.0,1,0.0,Partial Service,,SUV,AWD,31.0,MI,21305,165
Chevrolet,Silverado,2008,Petrol,Automatic,3.6,219647,264.0,245.0,4,1.0,Partial Service,White,Truck,RWD,20.0,FL,500,225
Hyundai,Tucson,2021,Petrol,Automatic,2.1,45200,155.0,,1,0.0,Full Service,Gray,SUV,AWD,30.0,,17963,69
BMW,5 Series,2014,Diesel,Automatic,2.2,114648,171.0,169.0,1,0.0,Full Service,,Sedan,FWD,33.0,NC,18364,153
Honda,Pilot,2011,Hybrid,,2.7,70052,,,4,,Full Service,Gray,SUV,RWD,46.0,TX,8525,189
Ford,Explorer,2011,Petrol,Automatic,3.0,207617,237.0,229.0,3,1.0,,Brown,SUV,AWD,29.0,FL,852,189
Nissan,Pathfinder,2008,Petrol,Manual,3.0,167431,222.0,213.0,2,,Partial Service,Blue,SUV,AWD,26.0,NC,570,225
Honda,Pilot,2019,Petrol,Automatic,2.2,67379,175.0,161.0,2,1.0,Partial Service,White,SUV,FWD,25.0,,17577,93
Hyundai,Santa Fe,2016,Diesel,Automatic,2.7,31873,194.0,177.0,2,0.0,Full Service,,SUV,AWD,28.0,TX,14164,129
Ford,Mustang,2022,Petrol,,3.4,100,237.0,,1,0.0,No Service,Silver,Coupe,AWD,23.0,IL,18914,57
Chevrolet,Equinox,2014,Petrol,Automatic,,74396,240.0,230.0,2,,Full Service,Green,SUV,FWD,,NC,6601,153
Mercedes-Benz,GLC,2016,Petrol,,2.7,23256,209.0,192.0,3,1.0,,Black,SUV,AWD,28.0,,16555,129
Mercedes-Benz,GLC,2012,Petrol,,,119612,,169.0,2,0.0,,Blue,SUV,AWD,31.0,FL,10586,177
Hyundai,Elantra,2017,Petrol,Automatic,2.3,140221,171.0,163.0,3,1.0,Full Service,Blue,Sedan,FWD,34.0,TX,3481,117
Mercedes-Benz,GLE,2010,Petrol,Manual,2.7,204886,200.0,182.0,3,1.0,,Gray,SUV,AWD,31.0,PA,6361,201
Honda,CR-V,2016,Petrol,Automatic,2.5,98643,,,3,0.0,,Green,SUV,AWD,25.0,FL,8453,129
Chevrolet,Equinox,2010,Petrol,Automatic,3.5,191713,,242.0,4,0.0,Partial Service,Red,SUV,AWD,24.0,OH,500,201
Volkswagen,Atlas,2011,Petrol,Automatic,2.7,181800,199.0,203.0,2,1.0,,Silver,SUV,FWD,29.0,PA,1768,189
Honda,Civic,2021,Petrol,,1.7,9772,,138.0,1,0.0,Partial Service,Brown,Sedan,AWD,42.0,OH,15009,69
Nissan,Sentra,2015,Electric,Automatic,0.0,208875,237.0,260.0,2,,Full Service,Green,Sedan,FWD,109.0,MI,500,141
Mercedes-Benz,E-Class,2011,Petrol,Automatic,,88290,112.0,89.0,2,1.0,No Service,Red,Sedan,AWD,37.0,,11761,189
Volkswagen,Passat,2012,Petrol,Automatic,2.0,232066,155.0,148.0,3,,,Silver,Sedan,FWD,30.0,CA,500,177
Toyota,RAV4,2022,Hybrid,Automatic,,24686,245.0,234.0,1,1.0,,White,SUV,RWD,38.0,FL,17750,57
Nissan,Altima,2009,Petrol,Manual,1.7,143657,138.0,,3,,Partial Service,Gray,Sedan,FWD,34.0,TX,500,213
Toyota,Highlander,2017,Petrol,Automatic,2.4,141213,188.0,176.0,1,0.0,No Service,,SUV,FWD,30.0,FL,11848,117
Honda,CR-V,2022,Petrol,Automatic,,29300,199.0,195.0,1,0.0,Full Service,,SUV,AWD,34.0,NY,25336,57
Audi,A6,2024,Petrol,Automatic,,100,156.0,156.0,1,0.0,Full Service,Blue,Sedan,FWD,,TX,52937,33
Nissan,Rogue,2010,Petrol,Automatic,,276117,,181.0,3,1.0,,Green,SUV,FWD,,MI,500,201
Mercedes-Benz,GLE,2005,Diesel,Automatic,2.7,162206,202.0,190.0,4,1.0,Full Service,Gray,SUV,AWD,31.0,GA,3548,261
Honda,Civic,2018,Electric,Automatic,0.0,37342,320.0,352.0,2,0.0,,Gray,Sedan,FWD,112.0,MI,10287,105
Nissan,Sentra,2019,Hybrid,Automatic,2.5,15435,210.0,205.0,2,0.0,Full Service,Silver,Sedan,FWD,38.0,MI,12097,93
Nissan,Rogue,2008,Petrol,Automatic,,244270,263.0,252.0,4,0.0,Partial Service,,SUV,AWD,26.0,,500,225
Nissan,Sentra,2018,Hybrid,Automatic,2.3,45970,205.0,212.0,2,0.0,Partial Service,,Sedan,FWD,49.0,TX,10394,105
Mercedes-Benz,E-Class,2006,Petrol,,2.0,195735,167.0,146.0,2,0.0,,,Sedan,AWD,34.0,GA,2851,249
Audi,Q5,2006,Petrol,,2.5,294797,200.0,175.0,4,,Partial Service,Red,SUV,AWD,23.0,TX,500,249
Nissan,Sentra,2010,Petrol,Manual,1.8,148590,161.0,152.0,3,0.0,No Service,,Sedan,FWD,36.0,GA,500,201
Mercedes-Benz,GLC,2014,Petrol,Automatic,2.2,96668,167.0,149.0,2,0.0,Partial Service,White,SUV,RWD,35.0,NC,16551,153
Chevrolet,Malibu,2024,Petrol,Automatic,2.3,3295,174.0,167.0,1,0.0,Full Service,White,Sedan,FWD,33.0,,24114,33
BMW,X5,2024,Diesel,Automatic,3.1,100,234.0,219.0,1,,Partial Service,,SUV,RWD,29.0,GA,60139,33
BMW,X5,2007,Petrol,Automatic,3.0,205459,,232.0,5,0.0,Partial Service,,SUV,AWD,28.0,PA,3959,237
Chevrolet,Tahoe,2010,Petrol,Automatic,,211948,185.0,,4,0.0,Partial Service,Blue,SUV,AWD,,MI,4978,201
Ford,Explorer,2011,Petrol,Manual,2.4,350513,,183.0,4,0.0,Partial Service,Red,SUV,RWD,33.0,,500,189
Chevrolet,Tahoe,2014,Petrol,Automatic,,207000,236.0,,4,0.0,No Service,Silver,SUV,FWD,28.0,NY,9938,153
Chevrolet,Tahoe,2021,Petrol,Automatic,2.7,85294,187.0,,1,1.0,Partial Service,Blue,SUV,AWD,24.0,IL,29823,69
Hyundai,Elantra,2005,Petrol,Automatic,2.4,344257,186.0,171.0,5,1.0,Partial Service,Blue,Sedan,FWD,33.0,,500,261
Toyota,Highlander,2021,Diesel,Automatic,2.4,100,191.0,175.0,1,0.0,Partial Service,Blue,SUV,FWD,31.0,NC,26209,69
Honda,Accord,2005,Diesel,Automatic,1.9,123315,138.0,137.0,5,1.0,Partial Service,Gray,Sedan,FWD,38.0,NC,500,261
Nissan,Sentra,2008,Petrol,Manual,1.8,165722,,128.0,3,1.0,No Service,Red,Sedan,AWD,34.0,NC,500,225
Chevrolet,Tahoe,2021,Petrol,,2.3,42580,200.0,191.0,1,1.0,No Service,Green,SUV,AWD,26.0,TX,29375,69
Toyota,RAV4,2019,Hybrid,,2.4,40710,,167.0,1,0.0,No Service,Silver,SUV,FWD,55.0,,13882,93
Ford,Explorer,2007,Petrol,,2.7,279854,221.0,194.0,4,,No Service,Brown,SUV,FWD,30.0,CA,500,237
Chevrolet,Tahoe,2008,Diesel,Automatic,2.8,358679,,218.0,3,1.0,Full Service,Brown,SUV,AWD,26.0,PA,500,225
Volkswagen,Passat,2021,Hybrid,,1.4,36593,111.0,104.0,1,0.0,Full Service,,Sedan,FWD,48.0,CA,20531,69
Volkswagen,Atlas,2006,Petrol,Automatic,2.2,265581,173.0,172.0,5,0.0,Full Service,Brown,SUV,AWD,,FL,500,249
Ford,Escape,2011,Hybrid,Manual,2.1,123848,179.0,153.0,4,1.0,,,SUV,AWD,44.0,FL,2084,189
Chevrolet,Malibu,2015,Petrol,Automatic,2.5,119301,,176.0,2,0.0,Full Service,Green,Sedan,FWD,,IL,4956,141
Honda,Civic,2021,Hybrid,Automatic,2.2,27153,182.0,166.0,1,0.0,Full Service,,Sedan,FWD,42.0,CA,16631,69
Toyota,Camry,2005,Petrol,Manual,2.4,254500,213.0,198.0,5,1.0,Full Service,Red,Sedan,FWD,31.0,GA,500,261
Hyundai,Elantra,2014,Petrol,Automatic,,194161,160.0,168.0,2,0.0,No Service,Green,Sedan,FWD,,GA,500,153
Nissan,Pathfinder,2011,Petrol,Manual,,100,181.0,164.0,4,0.0,Full Service,Brown,SUV,AWD,30.0,OH,11362,189
Volkswagen,Passat,2012,Petrol,Automatic,1.6,79452,123.0,108.0,2,0.0,Full Service,Red,Sedan,FWD,35.0,MI,6021,177
Mercedes-Benz,GLE,2024,Petrol,Automatic,3.4,100,250.0,234.0,1,0.0,Partial Service,Red,SUV,AWD,27.0,NY,57157,33
Chevrolet,Malibu,2009,Petrol,,,65555,165.0,158.0,3,,Partial Service,Brown,Sedan,FWD,37.0,GA,3443,213
Nissan,Sentra,2024,Hybrid,Automatic,2.2,100,170.0,151.0,1,0.0,Partial Service,Blue,Sedan,AWD,54.0,,19354,33
Chevrolet,Malibu,2016,Petrol,Automatic,,142031,141.0,139.0,3,0.0,,Red,Sedan,FWD,34.0,OH,4251,129
Toyota,Corolla,2009,Petrol,Automatic,1.4,175936,102.0,93.0,4,0.0,,Gray,Sedan,AWD,40.0,PA,500,213
Nissan,Rogue,2018,Electric,Automatic,,102858,357.0,392.0,2,1.0,Partial Service,,SUV,AWD,95.0,TX,8770,105
Nissan,Sentra,2020,Petrol,Automatic,,100,154.0,157.0,2,0.0,Full Service,Brown,Sedan,AWD,,NY,13196,81
Volkswagen,Golf,2011,Petrol,Automatic,2.0,247096,158.0,152.0,4,1.0,,,Hatchback,FWD,28.0,NY,500,189
Hyundai,Elantra,2015,Petrol,Automatic,,175542,181.0,169.0,2,0.0,No Service,,Sedan,FWD,29.0,NC,604,141
Toyota,RAV4,2019,Petrol,Automatic,2.2,5838,170.0,,1,0.0,Full Service,Red,SUV,AWD,29.0,CA,18363,93
Ford,Explorer,2020,Petrol,,2.1,32654,167.0,156.0,2,0.0,Full Service,Gray,SUV,AWD,30.0,OH,24874,81
Hyundai,Tucson,2011,Petrol,Automatic,3.1,238228,228.0,197.0,3,0.0,Full Service,Gray,SUV,AWD,,CA,500,189
Chevrolet,Equinox,2019,Petrol,Automatic,2.8,37672,207.0,202.0,2,0.0,Partial Service,Silver,SUV,AWD,31.0,MI,16692,93
Ford,Mustang,2019,Hybrid,Manual,,41157,298.0,272.0,2,0.0,No Service,,Coupe,RWD,44.0,,14065,93
Volkswagen,Golf,2023,Petrol,Automatic,,100,174.0,172.0,1,0.0,,Black,Hatchback,FWD,34.0,NY,21987,45
Honda,Pilot,2005,Petrol,Automatic,2.8,204123,210.0,205.0,4,1.0,Full Service,,SUV,AWD,28.0,IL,500,261
Volkswagen,Golf,2010,Petrol,Automatic,2.1,217691,182.0,,3,1.0,Full Service,Green,Hatchback,FWD,33.0,IL,500,201
Ford,Explorer,2012,Petrol,Automatic,2.9,96659,217.0,211.0,3,1.0,Full Service,Green,SUV,RWD,24.0,,6837,177
BMW,3 Series,2020,Hybrid,Automatic,2.0,60337,145.0,149.0,1,0.0,Partial Service,White,Sedan,FWD,,PA,24614,81
Ford,F-150,2018,Electric,Automatic,0.0,56989,340.0,374.0,2,0.0,Full Service,Gray,Truck,4WD,108.0,PA,17705,105
Ford,Escape,2024,Diesel,Automatic,2.0,3902,159.0,149.0,1,0.0,Partial Service,Red,SUV,AWD,35.0,CA,25306,33
Hyundai,Sonata,2017,Hybrid,Automatic,2.0,288,152.0,140.0,2,0.0,Full Service,White,Sedan,FWD,49.0,FL,12985,117
Ford,Explorer,2007,Petrol,Automatic,2.5,50924,181.0,153.0,3,,Partial Service,Gray,SUV,AWD,,CA,4903,237
Volkswagen,Golf,2013,Petrol,Automatic,2.0,89013,,,3,1.0,Partial Service,Red,Hatchback,FWD,,CA,3911,165
BMW,X5,2014,Petrol,Automatic,2.9,47939,194.0,182.0,2,1.0,Full Service,Green,SUV,AWD,25.0,,20990,153
Volkswagen,Golf,2023,Petrol,Automatic,,896,130.0,137.0,1,0.0,No Service,Gray,Hatchback,FWD,36.0,NC,19921,45
Volkswagen,Passat,2011,Petrol,Automatic,1.8,156303,137.0,131.0,3,0.0,,Red,Sedan,FWD,40.0,PA,1133,189
Mercedes-Benz,GLE,2012,Petrol,,3.0,132985,244.0,236.0,3,1.0,Partial Service,Silver,SUV,AWD,25.0,CA,12450,177
Nissan,Altima,2009,Hybrid,,2.2,181131,168.0,156.0,3,,Full Service,Black,Sedan,FWD,47.0,MI,500,213
Audi,Q5,2018,Petrol,,2.1,82360,168.0,169.0,2,0.0,,Brown,SUV,AWD,35.0,,23408,105
Nissan,Altima,2017,Petrol,Automatic,2.2,133872,173.0,174.0,2,0.0,Partial Service,Black,Sedan,FWD,32.0,OH,6208,117
Nissan,Sentra,2021,Petrol,Automatic,1.5,14060,123.0,103.0,1,0.0,Full Service,Gray,Sedan,FWD,38.0,OH,15282,69
Chevrolet,Equinox,2010,Petrol,Manual,2.8,115328,221.0,202.0,4,0.0,Full Service,Gray,SUV,AWD,29.0,PA,2541,201
Ford,F-150,2018,Hybrid,,4.3,122954,339.0,325.0,1,1.0,Partial Service,Green,Truck,4WD,24.0,NY,11857,105
Ford,Escape,2010,Petrol,Automatic,3.1,163902,236.0,227.0,4,1.0,No Service,,SUV,AWD,27.0,OH,500,201
Volkswagen,Atlas,2008,Petrol,Automatic,2.6,263958,198.0,188.0,3,1.0,Full Service,Black,SUV,AWD,37.0,FL,500,225
Hyundai,Sonata,2009,Diesel,,2.2,259567,177.0,,5,1.0,Partial Service,White,Sedan,FWD,32.0,TX,500,213
Toyota,Corolla,2009,Petrol,Manual,2.3,221064,184.0,189.0,4,1.0,,Silver,Sedan,FWD,32.0,FL,500,213
Mercedes-Benz,E-Class,2009,Diesel,Manual,2.4,100,180.0,180.0,4,0.0,Full Service,Red,Sedan,FWD,36.0,TX,15934,213
Nissan,Rogue,2011,Petrol,Automatic,2.5,163618,194.0,,2,1.0,,Gray,SUV,FWD,31.0,MI,761,189
Ford,Explorer,2006,Petrol,Automatic,2.5,309130,186.0,168.0,5,,Partial Service,Black,SUV,AWD,32.0,TX,500,249
Volkswagen,Atlas,2012,Petrol,Automatic,3.0,158390,218.0,235.0,2,0.0,Full Service,Blue,SUV,AWD,29.0,CA,5285,177
Hyundai,Santa Fe,2016,Petrol,Automatic,2.2,154743,158.0,142.0,2,0.0,Partial Service,Red,SUV,FWD,,,8212,129
Chevrolet,Tahoe,2006,Petrol,Manual,,349275,,243.0,4,1.0,No Service,Black,SUV,AWD,23.0,TX,500,249
Mercedes-Benz,C-Class,2013,Hybrid,Automatic,2.4,40161,194.0,188.0,3,0.0,Full Service,Brown,Sedan,FWD,,OH,13859,165
Toyota,Camry,2005,Diesel,Automatic,1.8,125310,,157.0,5,1.0,Partial Service,Green,Sedan,FWD,35.0,CA,500,261
Nissan,Altima,2011,Petrol,,2.4,160942,182.0,171.0,3,1.0,Partial Service,White,Sedan,FWD,,IL,500,189
Toyota,Corolla,2024,Hybrid,Automatic,2.2,3779,174.0,164.0,1,0.0,Partial Service,Red,Sedan,AWD,38.0,CA,20452,33
Volkswagen,Atlas,2016,Petrol,Automatic,2.9,56038,,205.0,2,,Partial Service,White,SUV,AWD,,FL,15355,129
Mercedes-Benz,E-Class,2018,Petrol,Automatic,1.7,35083,137.0,128.0,3,0.0,,Green,Sedan,FWD,35.0,NY,28142,105
Toyota,Corolla,2016,Petrol,Automatic,1.6,79634,127.0,101.0,1,0.0,Full Service,Silver,Sedan,FWD,37.0,CA,6437,129
Audi,Q5,2020,Diesel,Automatic,2.4,73119,186.0,198.0,1,0.0,Partial Service,Silver,SUV,FWD,31.0,TX,27132,81
Honda,Accord,2019,Diesel,,1.4,53802,121.0,112.0,3,0.0,Partial Service,Black,Sedan,FWD,40.0,TX,13025,93
Ford,Mustang,2017,Petrol,Automatic,4.3,63542,319.0,293.0,3,0.0,Full Service,Red,Coupe,RWD,,MI,11694,117
Nissan,Altima,2019,Petrol,Automatic,1.6,11460,129.0,122.0,1,0.0,Partial Service,Green,Sedan,FWD,36.0,CA,16310,93
BMW,X5,2020,Petrol,,2.5,23832,179.0,172.0,2,0.0,Partial Service,,SUV,FWD,,,42294,81
Audi,Q7,2014,Diesel,Automatic,2.8,82375,216.0,,2,0.0,,,SUV,AWD,,GA,20084,153
Toyota,Highlander,2009,Petrol,Automatic,2.6,7952,205.0,190.0,4,0.0,No Service,Blue,SUV,AWD,29.0,TX,7662,213
Ford,Explorer,2012,Petrol,Automatic,2.5,119011,204.0,,4,1.0,No Service,Black,SUV,AWD,32.0,PA,4572,177
BMW,X5,2010,Petrol,Automatic,2.3,196392,186.0,172.0,1,1.0,Full Service,Brown,SUV,AWD,34.0,TX,7443,201
Audi,A4,2015,Petrol,,,153388,142.0,156.0,2,1.0,Partial Service,Green,Sedan,FWD,39.0,,8952,141
Ford,Escape,2024,Diesel,Automatic,,1804,251.0,234.0,1,0.0,,Blue,SUV,AWD,31.0,NC,28556,33
Nissan,Pathfinder,2023,Hybrid,Automatic,3.4,2230,259.0,252.0,1,0.0,Full Service,Silver,SUV,AWD,37.0,OH,31378,45
Volkswagen,Tiguan,2017,Petrol,Automatic,3.3,69671,260.0,249.0,2,0.0,No Service,White,SUV,AWD,23.0,PA,10013,117
Ford,F-150,2010,Diesel,Automatic,,172435,384.0,,3,0.0,Partial Service,Brown,Truck,4WD,10.0,GA,1238,201
Hyundai,Elantra,2008,Petrol,Automatic,,284052,179.0,184.0,3,1.0,Full Service,Gray,Sedan,FWD,34.0,TX,500,225
Audi,A4,2023,Petrol,Automatic,2.4,21165,,193.0,1,,,Black,Sedan,FWD,32.0,GA,32446,45
Audi,Q5,2019,Hybrid,Automatic,2.0,60084,173.0,153.0,2,0.0,Partial Service,Silver,SUV,AWD,47.0,FL,12166,93
Nissan,Altima,2012,Diesel,Automatic,1.9,129238,151.0,161.0,3,1.0,Partial Service,,Sedan,FWD,38.0,GA,1992,177
Hyundai,Elantra,2012,Petrol,Automatic,1.8,101572,148.0,132.0,3,,No Service,,Sedan,FWD,35.0,IL,2119,177
Audi,A4,2022,Petrol,,2.0,26837,150.0,152.0,1,0.0,,Silver,Sedan,FWD,35.0,NC,30645,57
Ford,Mustang,2007,Petrol,Manual,2.8,77625,225.0,208.0,5,1.0,Full Service,Brown,Coupe,RWD,27.0,CA,2264,237
Toyota,Highlander,2017,Petrol,,,64965,193.0,180.0,2,0.0,Partial Service,Silver,SUV,FWD,32.0,OH,16313,117
Ford,Escape,2019,Petrol,Automatic,2.1,96194,167.0,177.0,2,1.0,Partial Service,White,SUV,AWD,35.0,GA,10838,93
Toyota,RAV4,2021,Petrol,Automatic,2.3,35787,163.0,178.0,1,1.0,Full Service,Brown,SUV,AWD,,GA,17364,69
Toyota,Highlander,2007,Petrol,Manual,2.1,98073,185.0,172.0,4,0.0,Partial Service,Brown,SUV,FWD,,TX,3385,237
Ford,Escape,2015,Petrol,Automatic,3.1,5622,,240.0,1,0.0,Partial Service,Silver,SUV,AWD,28.0,TX,12011,141
Volkswagen,Tiguan,2005,Petrol,Manual,2.9,181431,232.0,227.0,5,,Full Service,Red,SUV,AWD,24.0,FL,500,261
Nissan,Sentra,2017,Hybrid,Automatic,2.5,130293,201.0,186.0,3,,No Service,Gray,Sedan,FWD,52.0,NY,3913,117
Honda,Civic,2017,Petrol,Automatic,1.6,65615,121.0,109.0,3,1.0,Partial Service,Green,Sedan,FWD,36.0,FL,6863,117
Honda,Pilot,2010,Petrol,Automatic,3.3,139041,,219.0,2,1.0,Partial Service,Blue,SUV,AWD,28.0,IL,3520,201
Honda,CR-V,2016,Petrol,,2.9,114889,214.0,211.0,1,1.0,Partial Service,Black,SUV,AWD,26.0,PA,7166,129
Hyundai,Elantra,2010,Petrol,Automatic,2.0,68356,159.0,154.0,2,1.0,Partial Service,Silver,Sedan,FWD,38.0,MI,2269,201
Ford,F-150,2015,Petrol,Automatic,4.5,107135,330.0,321.0,2,0.0,Full Service,Gray,Truck,4WD,18.0,OH,10477,141
Nissan,Sentra,2022,Diesel,Automatic,2.1,10910,171.0,151.0,1,,Full Service,Black,Sedan,FWD,30.0,,16636,57
Ford,Escape,2006,Petrol,Manual,2.6,243560,211.0,196.0,4,1.0,Full Service,Gray,SUV,AWD,,IL,500,249
Toyota,Camry,2014,Petrol,Automatic,2.4,173438,177.0,151.0,2,,,Silver,Sedan,FWD,,NY,2061,153
Audi,Q7,2014,Petrol,,,156247,249.0,247.0,2,,,,SUV,FWD,28.0,NY,17190,153
Volkswagen,Passat,2009,Petrol,,1.5,207178,110.0,96.0,4,0.0,Full Service,Red,Sedan,FWD,40.0,PA,500,213
Audi,Q7,2019,Petrol,,3.3,137617,264.0,255.0,1,0.0,No Service,Black,SUV,AWD,24.0,NY,27529,93
Nissan,Sentra,2007,Petrol,,2.4,131834,167.0,154.0,4,1.0,Partial Service,Red,Sedan,AWD,33.0,MI,500,237
Hyundai,Sonata,2021,Petrol,Automatic,,50481,203.0,200.0,1,0.0,Full Service,White,Sedan,FWD,30.0,NY,16474,69
Honda,Civic,2018,Hybrid,Automatic,,65348,114.0,130.0,2,0.0,Full Service,Red,Sedan,FWD,,TX,9047,105
Honda,CR-V,2013,Petrol,Automatic,2.1,90474,170.0,162.0,3,1.0,Partial Service,Silver,SUV,AWD,33.0,GA,6047,165
Volkswagen,Passat,2020,Petrol,Automatic,1.7,43638,,111.0,2,,Full Service,White,Sedan,FWD,,IL,17768,81
Chevrolet,Silverado,2008,Hybrid,Automatic,5.5,173074,417.0,396.0,5,0.0,,Green,Truck,4WD,22.0,NC,500,225
BMW,X3,2007,Petrol,Automatic,2.6,179350,,217.0,3,1.0,No Service,,SUV,AWD,30.0,OH,1249,237
Nissan,Altima,2011,Petrol,Automatic,1.4,254068,106.0,107.0,2,,Partial Service,Blue,Sedan,FWD,37.0,OH,500,189
Mercedes-Benz,C-Class,2014,Petrol,Automatic,1.6,208382,128.0,133.0,2,1.0,Full Service,Green,Sedan,FWD,36.0,MI,6769,153
Honda,Pilot,2021,Petrol,Automatic,2.2,17772,177.0,158.0,1,,Partial Service,Red,SUV,AWD,36.0,TX,27359,69
Ford,Explorer,2005,Petrol,Automatic,,340297,205.0,208.0,5,1.0,No Service,Brown,SUV,AWD,29.0,FL,500,261
Hyundai,Santa Fe,2007,Petrol,Manual,,183997,267.0,239.0,3,,Partial Service,Gray,SUV,FWD,25.0,IL,500,237
Ford,F-150,2013,Petrol,Automatic,3.9,196172,,,3,1.0,Partial Service,Green,Truck,4WD,18.0,OH,2256,165
Audi,Q5,2021,Hybrid,,,27038,244.0,,1,0.0,Full Service,Silver,SUV,AWD,30.0,MI,33691,69
Hyundai,Tucson,2023,Petrol,Automatic,2.3,31805,,155.0,1,,Full Service,,SUV,FWD,27.0,NC,26499,45
Volkswagen,Passat,2006,Petrol,Manual,1.8,77782,149.0,141.0,4,1.0,No Service,Blue,Sedan,FWD,38.0,MI,1582,249
Chevrolet,Silverado,2017,Diesel,Automatic,5.5,124940,416.0,389.0,2,0.0,Full Service,White,Truck,4WD,12.0,PA,12635,117
Audi,A6,2017,Petrol,Automatic,2.2,115810,176.0,,2,0.0,Partial Service,,Sedan,FWD,29.0,NC,24584,117
Audi,A4,2023,Petrol,Automatic,2.3,18405,172.0,173.0,1,0.0,Full Service,Blue,Sedan,AWD,35.0,GA,39113,45
Toyota,Highlander,2005,Petrol,Automatic,,242038,200.0,,4,1.0,Full Service,Brown,SUV,AWD,35.0,MI,500,261
Nissan,Sentra,2014,Petrol,,1.8,158234,144.0,155.0,3,0.0,,Gray,Sedan,FWD,38.0,FL,738,153
Audi,A6,2015,Petrol,Automatic,1.7,191395,130.0,112.0,3,1.0,Partial Service,Brown,Sedan,FWD,,PA,11468,141
Honda,Civic,2005,Petrol,Manual,1.8,267758,148.0,150.0,4,0.0,Full Service,Green,Sedan,FWD,,MI,500,261
Ford,F-150,2015,Petrol,Automatic,,34360,379.0,375.0,2,1.0,,Brown,Truck,RWD,10.0,OH,11377,141
Volkswagen,Tiguan,2005,Petrol,Automatic,3.0,345297,225.0,219.0,5,1.0,Full Service,Brown,SUV,AWD,26.0,IL,500,261
Mercedes-Benz,GLC,2006,Petrol,Automatic,3.1,191251,245.0,223.0,3,0.0,Full Service,Silver,SUV,FWD,23.0,OH,710,249
Mercedes-Benz,E-Class,2009,Petrol,Manual,,46787,122.0,109.0,2,0.0,No Service,Red,Sedan,FWD,41.0,IL,12235,213
Ford,Mustang,2022,Petrol,Automatic,2.8,26452,205.0,,1,,Full Service,Blue,Coupe,RWD,30.0,PA,23052,57
Honda,Civic,2019,Petrol,Automatic,2.2,42434,182.0,177.0,2,,Partial Service,Blue,Sedan,AWD,31.0,PA,11504,93
Volkswagen,Tiguan,2023,Petrol,Automatic,2.6,32347,210.0,207.0,1,1.0,No Service,Blue,SUV,AWD,34.0,CA,18949,45
Volkswagen,Tiguan,2021,Petrol,Automatic,,56272,185.0,187.0,1,0.0,Partial Service,Green,SUV,AWD,30.0,MI,19719,69
Mercedes-Benz,E-Class,2022,Petrol,Automatic,2.1,31648,158.0,122.0,1,0.0,No Service,Brown,Sedan,FWD,34.0,MI,43028,57
Volkswagen,Passat,2024,Petrol,Automatic,1.6,376,143.0,,1,0.0,Partial Service,Gray,Sedan,FWD,36.0,CA,26593,33
Audi,A6,2022,Diesel,Automatic,1.9,49113,156.0,178.0,1,0.0,Full Service,Blue,Sedan,FWD,38.0,GA,47118,57
Mercedes-Benz,GLC,2005,Petrol,Manual,,324476,238.0,223.0,3,1.0,Full Service,White,SUV,FWD,25.0,GA,500,261
Chevrolet,Silverado,2007,Petrol,Automatic,3.3,185070,249.0,242.0,4,1.0,No Service,Silver,Truck,RWD,23.0,NY,500,237
Toyota,Corolla,2006,Petrol,,,187566,154.0,159.0,4,1.0,Full Service,Black,Sedan,AWD,37.0,IL,500,249
Nissan,Sentra,2005,Petrol,Automatic,1.8,295196,145.0,133.0,5,0.0,No Service,Black,Sedan,FWD,37.0,NY,500,261
Nissan,Sentra,2021,Petrol,,2.4,86670,197.0,197.0,1,0.0,Full Service,,Sedan,FWD,,PA,11047,69
Toyota,Camry,2020,Diesel,Automatic,1.5,49934,118.0,109.0,1,0.0,Full Service,Green,Sedan,FWD,35.0,CA,16007,81
Chevrolet,Equinox,2009,Petrol,Automatic,2.9,199813,211.0,191.0,3,0.0,,Green,SUV,AWD,30.0,,500,213
BMW,X3,2010,Petrol,Automatic,2.6,178364,183.0,186.0,3,0.0,Full Service,Black,SUV,AWD,30.0,MI,4851,201
Nissan,Pathfinder,2020,Diesel,Automatic,3.5,33715,264.0,,1,0.0,Partial Service,,SUV,FWD,26.0,GA,23737,81
Audi,Q5,2015,Diesel,Automatic,2.2,152839,160.0,148.0,2,,Full Service,,SUV,AWD,41.0,TX,11400,141
Mercedes-Benz,C-Class,2023,Petrol,Automatic,2.2,33126,182.0,176.0,1,,No Service,Silver,Sedan,FWD,34.0,IL,34018,45
Nissan,Rogue,2009,Petrol,Automatic,2.6,137183,,195.0,4,,Full Service,,SUV,AWD,32.0,CA,836,213
Ford,F-150,2023,Electric,Automatic,,6143,249.0,273.0,1,0.0,Partial Service,Green,Truck,4WD,109.0,,30525,45
Hyundai,Elantra,2008,Petrol,,1.4,139083,122.0,121.0,4,1.0,,Gray,Sedan,FWD,32.0,NC,500,225
Chevrolet,Malibu,2015,Petrol,Automatic,1.8,72477,,107.0,2,0.0,Partial Service,Blue,Sedan,FWD,37.0,IL,7080,141
Hyundai,Elantra,2009,Hybrid,Automatic,1.9,22756,148.0,142.0,4,,Full Service,Red,Sedan,FWD,57.0,NY,3452,213
Nissan,Rogue,2006,Petrol,Automatic,2.1,227855,144.0,144.0,4,1.0,Full Service,White,SUV,AWD,27.0,TX,500,249
Hyundai,Sonata,2006,Petrol,Automatic,1.8,318295,132.0,133.0,4,1.0,,Red,Sedan,FWD,44.0,OH,500,249
Hyundai,Elantra,2010,Petrol,Automatic,1.5,286215,144.0,,4,,,White,Sedan,FWD,,CA,500,201
Honda,Pilot,2006,Petrol,Automatic,2.5,223379,187.0,183.0,5,0.0,,Green,SUV,FWD,31.0,IL,500,249
Chevrolet,Silverado,2019,Petrol,Automatic,,73840,296.0,272.0,1,0.0,,Brown,Truck,4WD,17.0,OH,18925,93
Honda,CR-V,2024,Hybrid,Automatic,3.0,3730,230.0,221.0,1,0.0,Partial Service,Black,SUV,AWD,42.0,TX,27604,33
Hyundai,Santa Fe,2013,Petrol,Automatic,,185411,240.0,,2,0.0,Partial Service,Green,SUV,AWD,22.0,NY,3333,165
Volkswagen,Atlas,2022,Petrol,Automatic,2.9,21287,215.0,181.0,1,0.0,Full Service,Gray,SUV,AWD,26.0,IL,28535,57
BMW,X5,2023,Petrol,Automatic,3.2,38342,251.0,235.0,1,,,Brown,SUV,FWD,30.0,GA,52202,45
Chevrolet,Silverado,2018,Petrol,Automatic,3.7,123125,295.0,253.0,2,0.0,Partial Service,,Truck,4WD,15.0,,14507,105
Honda,Accord,2023,Petrol,Automatic,1.6,14280,118.0,111.0,1,0.0,Partial Service,,Sedan,FWD,39.0,TX,22258,45
Audi,Q5,2023,Petrol,Automatic,2.6,8837,195.0,189.0,1,0.0,Full Service,Brown,SUV,AWD,30.0,MI,41862,45
Ford,Mustang,2016,Petrol,Manual,3.5,79128,268.0,271.0,2,0.0,Full Service,,Coupe,RWD,21.0,OH,9824,129
Mercedes-Benz,GLE,2013,Petrol,Automatic,3.1,123106,242.0,232.0,4,1.0,Full Service,Brown,SUV,AWD,22.0,CA,15874,165
Volkswagen,Passat,2015,Petrol,Automatic,1.6,117834,119.0,101.0,2,,No Service,White,Sedan,AWD,43.0,PA,5014,141
Volkswagen,Golf,2022,Petrol,Automatic,2.1,22614,,135.0,1,1.0,No Service,Red,Hatchback,FWD,35.0,CA,13473,57
Toyota,Highlander,2021,Electric,,0.0,40543,281.0,309.0,1,,No Service,Gray,SUV,AWD,114.0,NC,21421,69
Mercedes-Benz,GLC,2020,Petrol,Automatic,3.2,65126,250.0,,1,1.0,Partial Service,,SUV,AWD,34.0,,24514,81
BMW,3 Series,2011,Diesel,Automatic,1.9,220635,136.0,125.0,2,,No Service,,Sedan,FWD,36.0,IL,2824,189
Mercedes-Benz,GLE,2013,Petrol,,,116950,199.0,,3,1.0,No Service,Brown,SUV,AWD,27.0,,14483,165
BMW,5 Series,2024,Petrol,Automatic,2.2,100,,150.0,1,0.0,Full Service,,Sedan,FWD,34.0,NC,58973,33
Chevrolet,Tahoe,2009,Petrol,Automatic,3.2,133953,239.0,236.0,3,,Full Service,White,SUV,AWD,25.0,GA,12114,213
Chevrolet,Equinox,2013,Petrol,Automatic,3.2,157777,246.0,,3,1.0,No Service,Green,SUV,AWD,26.0,NY,1817,165
Toyota,RAV4,2019,Petrol,Automatic,2.1,85637,168.0,161.0,2,,Partial Service,Green,SUV,AWD,33.0,NY,13992,93
Audi,A6,2011,Petrol,Automatic,2.4,190046,183.0,,2,0.0,,,Sedan,FWD,35.0,NY,9721,189
Mercedes-Benz,E-Class,2008,Petrol,Automatic,1.9,186798,159.0,144.0,5,1.0,,Blue,Sedan,AWD,40.0,,4157,225
Honda,CR-V,2013,Petrol,Automatic,2.6,105890,,183.0,3,1.0,Full Service,Blue,SUV,FWD,,GA,4613,165
Toyota,Camry,2020,Petrol,Automatic,2.3,61080,196.0,192.0,1,1.0,Full Service,Gray,Sedan,FWD,,NY,13181,81
BMW,3 Series,2011,Petrol,Automatic,2.2,239761,165.0,170.0,5,,,Black,Sedan,AWD,34.0,IL,1611,189
Toyota,Highlander,2016,Petrol,Automatic,3.3,72350,237.0,224.0,1,0.0,Partial Service,Brown,SUV,AWD,,IL,14469,129
Hyundai,Santa Fe,2017,Diesel,,2.9,70725,,203.0,2,1.0,Partial Service,Black,SUV,AWD,21.0,MI,12100,117
Nissan,Rogue,2009,Petrol,Automatic,3.2,62197,235.0,227.0,3,0.0,Partial Service,Brown,SUV,RWD,26.0,MI,4182,213
Volkswagen,Passat,2022,Hybrid,Automatic,1.6,14798,116.0,110.0,1,0.0,,Silver,Sedan,FWD,53.0,GA,19558,57
BMW,X3,2024,Diesel,Automatic,2.3,100,184.0,162.0,1,0.0,Full Service,Blue,SUV,FWD,29.0,IL,46684,33
Toyota,Corolla,2012,Petrol,Automatic,1.6,227341,,125.0,4,1.0,,Red,Sedan,AWD,37.0,IL,500,177
BMW,X5,2018,Petrol,,2.6,74677,201.0,,1,0.0,Full Service,Black,SUV,FWD,32.0,NC,33557,105
Ford,Escape,2022,Petrol,Automatic,2.5,14301,200.0,179.0,1,0.0,No Service,,SUV,AWD,25.0,PA,19877,57
Nissan,Rogue,2012,Diesel,Automatic,2.6,174984,212.0,204.0,1,,No Service,Brown,SUV,AWD,32.0,MI,1012,177
Mercedes-Benz,E-Class,2015,Electric,Automatic,0.0,113345,330.0,363.0,2,0.0,Partial Service,Gray,Sedan,FWD,121.0,IL,21401,141
Mercedes-Benz,GLC,2009,Petrol,Automatic,3.4,126046,251.0,,3,0.0,No Service,Red,SUV,AWD,26.0,OH,5764,213
Hyundai,Tucson,2024,Petrol,Automatic,2.7,2660,,219.0,1,0.0,Full Service,Red,SUV,AWD,28.0,IL,26685,33
BMW,3 Series,2012,Petrol,Automatic,2.3,187472,169.0,164.0,2,1.0,Partial Service,Gray,Sedan,FWD,33.0,TX,5330,177
Honda,CR-V,2006,Petrol,,2.6,211576,211.0,222.0,5,0.0,Partial Service,Black,SUV,FWD,29.0,,500,249
BMW,X3,2018,Petrol,Automatic,3.4,104717,,250.0,2,,Partial Service,White,SUV,AWD,22.0,IL,21404,105
Hyundai,Tucson,2011,Petrol,Automatic,,163483,251.0,223.0,4,,Partial Service,Gray,SUV,AWD,23.0,PA,539,189
Hyundai,Elantra,2006,Diesel,,1.4,348622,127.0,,3,0.0,Partial Service,Gray,Sedan,FWD,42.0,OH,500,249
Chevrolet,Malibu,2013,Petrol,Automatic,2.5,120490,198.0,204.0,3,1.0,Partial Service,Blue,Sedan,FWD,31.0,PA,2622,165
Hyundai,Sonata,2019,Petrol,Automatic,1.8,52537,139.0,126.0,2,0.0,No Service,Black,Sedan,FWD,,FL,11375,93
BMW,3 Series,2020,Diesel,Automatic,2.0,64519,159.0,152.0,2,0.0,Full Service,Brown,Sedan,FWD,,,26481,81
BMW,3 Series,2016,Petrol,Automatic,1.5,134560,134.0,126.0,1,0.0,,,Sedan,AWD,38.0,,13523,129
Chevrolet,Silverado,2022,Petrol,Automatic,5.4,8707,407.0,397.0,1,0.0,Partial Service,,Truck,4WD,10.0,MI,29728,57
Toyota,Highlander,2008,Petrol,Automatic,2.7,261500,203.0,201.0,5,1.0,,Gray,SUV,RWD,33.0,NC,500,225
BMW,3 Series,2005,Petrol,Automatic,1.7,146442,155.0,156.0,5,1.0,Partial Service,,Sedan,FWD,37.0,TX,1048,261
Audi,A4,2023,Petrol,Automatic,2.2,6231,,136.0,1,0.0,,White,Sedan,AWD,33.0,,34528,45
Chevrolet,Equinox,2021,Petrol,Automatic,3.1,70695,226.0,231.0,1,0.0,Partial Service,Black,SUV,AWD,19.0,FL,17258,69
Mercedes-Benz,C-Class,2022,Petrol,Automatic,2.3,7971,194.0,,1,0.0,,Black,Sedan,AWD,27.0,PA,35928,57
Volkswagen,Passat,2013,Petrol,Automatic,1.5,331133,120.0,121.0,4,1.0,,Green,Sedan,FWD,38.0,CA,500,165
Volkswagen,Tiguan,2019,Diesel,Automatic,3.5,111030,283.0,261.0,2,0.0,Partial Service,,SUV,AWD,18.0,PA,12256,93
Honda,Pilot,2019,Electric,,0.0,70920,298.0,327.0,2,,,Silver,SUV,AWD,141.0,IL,21249,93
Ford,Explorer,2014,Petrol,Automatic,3.3,97081,249.0,230.0,1,1.0,,Green,SUV,AWD,22.0,CA,8739,153
BMW,X5,2023,Petrol,Automatic,3.1,12100,234.0,219.0,1,0.0,Partial Service,,SUV,AWD,,GA,52651,45
Honda,CR-V,2014,Petrol,Automatic,,152016,211.0,195.0,3,0.0,,,SUV,AWD,28.0,PA,4091,153
Hyundai,Santa Fe,2007,Petrol,,3.3,92572,241.0,246.0,4,0.0,Full Service,Blue,SUV,AWD,25.0,OH,2840,237
Toyota,Corolla,2018,Hybrid,Automatic,2.1,108997,145.0,140.0,3,0.0,,Brown,Sedan,AWD,,NY,5552,105
Toyota,Camry,2022,Electric,Automatic,0.0,36012,304.0,,1,0.0,Partial Service,White,Sedan,FWD,102.0,NC,9546,57
Honda,CR-V,2019,Hybrid,Automatic,2.9,46245,,216.0,2,1.0,Partial Service,Gray,SUV,AWD,53.0,,13406,93
Mercedes-Benz,GLE,2022,Petrol,Automatic,2.2,28078,170.0,175.0,1,0.0,Full Service,White,SUV,AWD,34.0,TX,47531,57
BMW,3 Series,2018,Petrol,Automatic,2.1,46361,166.0,157.0,2,1.0,,,Sedan,FWD,39.0,PA,19217,105
Hyundai,Tucson,2011,Diesel,Manual,2.1,268825,181.0,163.0,3,,Partial Service,White,SUV,AWD,39.0,NC,500,189
Honda,Civic,2006,Petrol,Automatic,2.0,110473,,149.0,3,1.0,Full Service,,Sedan,FWD,30.0,NC,500,249
Nissan,Pathfinder,2009,Petrol,Automatic,2.8,323422,228.0,218.0,4,1.0,Partial Service,,SUV,AWD,26.0,IL,500,213
BMW,X3,2017,Hybrid,Automatic,3.0,21097,,222.0,2,0.0,,Black,SUV,FWD,48.0,TX,26770,117
Audi,A4,2018,Petrol,Automatic,2.3,48889,179.0,182.0,2,0.0,Full Service,Black,Sedan,FWD,34.0,,23154,105
Hyundai,Santa Fe,2020,Petrol,Automatic,2.5,60385,185.0,,2,1.0,,Red,SUV,FWD,29.0,,17211,81
Chevrolet,Tahoe,2011,Petrol,Automatic,3.4,106387,251.0,237.0,3,1.0,Partial Service,Brown,SUV,AWD,28.0,FL,9799,189
Volkswagen,Passat,2019,Petrol,Automatic,1.9,29990,146.0,148.0,2,,Partial Service,White,Sedan,FWD,31.0,NY,16502,93
Toyota,Highlander,2010,Petrol,Automatic,3.4,121692,259.0,,4,,Partial Service,Gray,SUV,FWD,21.0,FL,3698,201
Audi,Q7,2009,Petrol,Automatic,3.3,67005,,243.0,4,0.0,Full Service,White,SUV,AWD,23.0,FL,11673,213
Chevrolet,Tahoe,2010,Petrol,Automatic,,200160,244.0,225.0,4,1.0,Partial Service,White,SUV,AWD,24.0,,4684,201
Volkswagen,Passat,2014,Petrol,Automatic,,224844,198.0,172.0,3,1.0,Full Service,Brown,Sedan,FWD,32.0,NY,500,153
BMW,5 Series,2013,Petrol,Automatic,2.2,197964,,,4,0.0,No Service,Gray,Sedan,FWD,34.0,GA,9720,165
Audi,Q7,2023,Petrol,Automatic,3.1,4566,232.0,219.0,1,,Partial Service,Blue,SUV,AWD,29.0,FL,51787,45
Mercedes-Benz,E-Class,2021,Hybrid,Automatic,2.3,5594,186.0,185.0,1,0.0,Full Service,Blue,Sedan,FWD,37.0,TX,45618,69
Volkswagen,Passat,2021,Hybrid,Automatic,2.5,43578,166.0,155.0,1,0.0,,Gray,Sedan,AWD,54.0,TX,19740,69
Volkswagen,Tiguan,2021,Petrol,Automatic,2.7,2797,226.0,199.0,1,0.0,Full Service,Green,SUV,AWD,27.0,NY,22287,69
Volkswagen,Golf,2018,Petrol,,2.0,26251,133.0,128.0,3,0.0,Partial Service,Gray,Hatchback,FWD,37.0,,12522,105
Ford,Explorer,2017,Hybrid,,,67877,247.0,233.0,3,0.0,,,SUV,AWD,35.0,PA,13385,117
Chevrolet,Silverado,2016,Petrol,Automatic,3.7,141515,,270.0,2,1.0,Full Service,Red,Truck,4WD,26.0,NY,8619,129
Hyundai,Elantra,2019,Hybrid,Automatic,1.6,92764,144.0,141.0,1,0.0,No Service,Silver,Sedan,AWD,53.0,NC,7400,93
Ford,Explorer,2021,Petrol,Automatic,2.4,48502,191.0,176.0,1,0.0,Partial Service,Blue,SUV,AWD,34.0,,25546,69
Chevrolet,Tahoe,2018,Petrol,Automatic,3.3,49611,250.0,233.0,2,0.0,Partial Service,White,SUV,FWD,14.0,GA,25982,105
Volkswagen,Golf,2009,Petrol,Automatic,2.1,195275,158.0,145.0,2,1.0,Partial Service,Red,Hatchback,FWD,26.0,,500,213
Audi,A6,2019,Petrol,Automatic,2.3,106579,173.0,168.0,1,0.0,Partial Service,Black,Sedan,FWD,32.0,GA,29212,93
BMW,3 Series,2005,Petrol,Automatic,2.1,243763,138.0,127.0,3,0.0,No Service,Green,Sedan,FWD,34.0,FL,500,261
Volkswagen,Tiguan,2005,Petrol,Automatic,,331985,157.0,149.0,4,0.0,Full Service,Red,SUV,AWD,34.0,PA,500,261
Toyota,Highlander,2007,Petrol,Manual,2.3,128175,185.0,187.0,5,,Full Service,Red,SUV,FWD,34.0,NY,1955,237
Nissan,Sentra,2022,Petrol,,2.5,39826,201.0,196.0,1,0.0,Full Service,Blue,Sedan,AWD,26.0,TX,15527,57
Chevrolet,Equinox,2008,Petrol,Manual,,83759,,259.0,4,0.0,No Service,White,SUV,AWD,19.0,FL,2358,225
Hyundai,Santa Fe,2014,Petrol,Automatic,3.0,95113,214.0,204.0,3,,Full Service,White,SUV,RWD,32.0,MI,7829,153
Ford,Mustang,2011,Hybrid,,3.9,165532,298.0,284.0,4,1.0,No Service,Red,Coupe,RWD,34.0,,648,189
Chevrolet,Equinox,2010,Petrol,Automatic,2.1,130235,153.0,143.0,3,0.0,Partial Service,Blue,SUV,FWD,,MI,1573,201
Ford,F-150,2021,Hybrid,Automatic,4.6,9966,,309.0,1,0.0,Full Service,,Truck,4WD,35.0,GA,23944,69
Mercedes-Benz,GLC,2007,Petrol,Automatic,2.2,122839,161.0,,4,0.0,Full Service,White,SUV,FWD,,CA,5073,237
Mercedes-Benz,C-Class,2008,Petrol,Automatic,1.9,298382,,122.0,3,0.0,Partial Service,,Sedan,FWD,31.0,,500,225
BMW,5 Series,2014,Petrol,Automatic,1.9,164991,152.0,144.0,1,0.0,No Service,Gray,Sedan,FWD,36.0,FL,15007,153
Ford,Mustang,2016,Petrol,Manual,3.3,92626,255.0,234.0,2,0.0,Full Service,,Coupe,RWD,29.0,GA,9279,129
Toyota,Corolla,2021,Diesel,Automatic,,64079,156.0,167.0,1,1.0,Full Service,Brown,Sedan,FWD,,PA,10707,69
Honda,Civic,2016,Hybrid,,,189948,183.0,178.0,1,1.0,,Black,Sedan,AWD,54.0,PA,1095,129
Honda,Accord,2006,Petrol,Manual,1.6,92440,132.0,115.0,4,0.0,Full Service,Brown,Sedan,FWD,39.0,GA,1241,249
Ford,F-150,2022,Diesel,Automatic,,19738,226.0,,1,0.0,Partial Service,,Truck,4WD,,TX,25915,57
BMW,5 Series,2020,Petrol,Automatic,1.5,58459,109.0,100.0,1,0.0,,,Sedan,AWD,39.0,,36370,81
Honda,CR-V,2018,Hybrid,Automatic,3.3,81567,251.0,229.0,1,1.0,Full Service,Blue,SUV,AWD,42.0,,11551,105
Honda,Pilot,2010,Petrol,Automatic,2.4,95740,169.0,146.0,2,,Partial Service,Black,SUV,AWD,29.0,TX,6312,201
Ford,Mustang,2018,Petrol,Manual,3.8,102344,,297.0,1,,Full Service,White,Coupe,RWD,19.0,,11596,105
Nissan,Altima,2012,Petrol,Automatic,2.3,201799,181.0,172.0,2,1.0,Partial Service,Blue,Sedan,FWD,36.0,PA,500,177
Audi,Q5,2021,Petrol,Automatic,3.4,42024,267.0,262.0,1,,No Service,Red,SUV,AWD,27.0,TX,28938,69
Ford,F-150,2006,Petrol,Manual,5.3,196590,,,3,1.0,Partial Service,Silver,Truck,4WD,12.0,OH,500,249
BMW,3 Series,2014,Petrol,Automatic,2.3,58630,171.0,,2,,,Green,Sedan,FWD,31.0,TX,13925,153
Mercedes-Benz,GLE,2017,Petrol,,2.4,53349,163.0,162.0,2,0.0,Full Service,,SUV,AWD,31.0,NY,33427,117
Hyundai,Elantra,2023,Petrol,Automatic,1.7,100,149.0,138.0,1,0.0,Full Service,Red,Sedan,FWD,38.0,CA,18264,45
Nissan,Sentra,2011,Petrol,Manual,1.4,210549,110.0,104.0,2,1.0,Full Service,Black,Sedan,FWD,42.0,NY,500,189
Toyota,Camry,2019,Hybrid,Automatic,1.7,66865,132.0,125.0,1,0.0,Partial Service,Green,Sedan,FWD,51.0,PA,12793,93
Nissan,Pathfinder,2014,Petrol,Automatic,2.2,80543,170.0,,2,,Full Service,Red,SUV,FWD,34.0,OH,8964,153
BMW,3 Series,2009,Petrol,Automatic,2.1,151126,155.0,141.0,4,1.0,Partial Service,Blue,Sedan,AWD,32.0,TX,3490,213
Volkswagen,Tiguan,2016,Petrol,Automatic,2.4,120138,,169.0,3,0.0,No Service,Green,SUV,AWD,29.0,NY,6512,129
Volkswagen,Passat,2022,Petrol,Automatic,2.3,42636,178.0,173.0,1,0.0,Full Service,Green,Sedan,FWD,33.0,,22904,57
Audi,A4,2007,Petrol,,2.0,198490,161.0,148.0,4,1.0,Partial Service,Black,Sedan,FWD,,NC,500,237
Honda,Pilot,2019,Petrol,Automatic,2.6,39121,220.0,214.0,2,0.0,Partial Service,Red,SUV,FWD,,OH,22361,93
Honda,Pilot,2020,Petrol,Automatic,2.8,19245,232.0,219.0,1,0.0,No Service,Green,SUV,AWD,25.0,CA,21316,81
Nissan,Rogue,2012,Petrol,Automatic,2.3,66297,200.0,176.0,2,0.0,Full Service,White,SUV,FWD,33.0,GA,7371,177
BMW,X3,2022,Petrol,Automatic,3.4,1531,263.0,,1,0.0,No Service,Blue,SUV,FWD,25.0,NC,31750,57
Audi,Q5,2018,Petrol,Automatic,3.2,101715,242.0,,1,0.0,Full Service,Brown,SUV,FWD,28.0,NY,22039,105
Nissan,Pathfinder,2005,Petrol,Automatic,2.3,213166,196.0,175.0,4,1.0,,Blue,SUV,FWD,27.0,NY,500,261
Hyundai,Sonata,2016,Hybrid,Automatic,1.6,133357,,111.0,2,,Full Service,White,Sedan,FWD,63.0,TX,5207,129
Volkswagen,Passat,2014,Petrol,Automatic,1.9,132867,159.0,148.0,2,0.0,Full Service,Blue,Sedan,AWD,40.0,NC,5151,153
Toyota,Corolla,2005,Hybrid,Automatic,2.2,86893,161.0,137.0,5,1.0,Full Service,Brown,Sedan,FWD,45.0,CA,500,261
Volkswagen,Tiguan,2024,Petrol,Automatic,2.3,2813,170.0,178.0,1,0.0,No Service,Blue,SUV,AWD,,TX,25906,33
BMW,5 Series,2010,Petrol,,1.9,231624,,158.0,3,1.0,Partial Service,Green,Sedan,FWD,32.0,NC,4371,201
Volkswagen,Tiguan,2024,Petrol,Automatic,2.3,100,186.0,174.0,1,0.0,Full Service,Brown,SUV,FWD,30.0,IL,30858,33
Ford,Explorer,2010,Petrol,Automatic,2.9,38472,204.0,180.0,3,0.0,Partial Service,White,SUV,AWD,26.0,CA,8154,201
Toyota,RAV4,2010,Petrol,Manual,2.6,46982,204.0,186.0,3,1.0,No Service,,SUV,AWD,29.0,,4862,201
Honda,Pilot,2016,Hybrid,Automatic,3.2,100,,236.0,2,0.0,Partial Service,Gray,SUV,AWD,34.0,CA,17835,129
Mercedes-Benz,E-Class,2022,Petrol,Automatic,,7771,177.0,176.0,1,0.0,Partial Service,Green,Sedan,FWD,37.0,OH,47387,57
Toyota,Camry,2018,Petrol,Automatic,1.7,104933,139.0,,2,,,Blue,Sedan,FWD,,,7751,105
Mercedes-Benz,GLE,2024,Petrol,,2.9,5406,218.0,,1,0.0,No Service,Red,SUV,RWD,25.0,GA,56518,33
Audi,Q7,2015,Petrol,Automatic,2.4,160100,189.0,180.0,2,0.0,Full Service,Gray,SUV,AWD,36.0,GA,20451,141
Mercedes-Benz,E-Class,2015,Petrol,Automatic,,73828,159.0,,3,0.0,Partial Service,Silver,Sedan,FWD,34.0,CA,22357,141
Mercedes-Benz,E-Class,2024,Petrol,Automatic,,100,143.0,139.0,1,0.0,Partial Service,Gray,Sedan,FWD,,CA,54340,33
Chevrolet,Silverado,2021,Hybrid,Automatic,4.4,9676,317.0,302.0,1,,No Service,,Truck,4WD,31.0,NC,23376,69
Hyundai,Tucson,2010,Petrol,Automatic,2.8,105832,202.0,226.0,2,1.0,Partial Service,Red,SUV,RWD,,MI,2214,201
BMW,5 Series,2022,Petrol,Automatic,1.5,17983,117.0,112.0,1,,Full Service,Red,Sedan,FWD,37.0,OH,38486,57
Ford,F-150,2015,Petrol,Automatic,3.5,144188,254.0,236.0,2,0.0,Full Service,Green,Truck,RWD,20.0,FL,7068,141
Ford,Escape,2014,Petrol,,2.3,132615,180.0,166.0,2,0.0,Full Service,Blue,SUV,AWD,30.0,OH,5066,153
BMW,3 Series,2016,Petrol,Automatic,2.1,52699,167.0,142.0,3,0.0,Full Service,Red,Sedan,AWD,36.0,PA,19931,129
Chevrolet,Equinox,2024,Petrol,Automatic,2.2,3641,184.0,,1,0.0,Full Service,Green,SUV,AWD,,NY,26776,33
Ford,Explorer,2021,Diesel,Automatic,2.3,43560,175.0,155.0,1,0.0,No Service,Blue,SUV,AWD,33.0,FL,20892,69
Chevrolet,Malibu,2016,Hybrid,Automatic,2.2,155002,171.0,163.0,3,1.0,No Service,Brown,Sedan,FWD,43.0,,2813,129
Hyundai,Sonata,2005,Petrol,Automatic,,68228,181.0,177.0,4,1.0,Full Service,,Sedan,AWD,,OH,1229,261
Honda,Pilot,2014,Petrol,Automatic,3.0,121611,240.0,231.0,3,0.0,,Silver,SUV,AWD,22.0,CA,9952,153
Honda,Accord,2018,Hybrid,Automatic,2.4,94747,183.0,169.0,1,0.0,Partial Service,Green,Sedan,AWD,45.0,OH,12223,105
Ford,Explorer,2021,Diesel,Automatic,2.0,17601,165.0,150.0,1,,Full Service,,SUV,AWD,,IL,28213,69
Chevrolet,Silverado,2006,Hybrid,Automatic,,121856,317.0,288.0,4,1.0,No Service,Black,Truck,4WD,35.0,MI,1099,249
Hyundai,Elantra,2007,Petrol,Automatic,1.9,97229,178.0,162.0,3,1.0,Full Service,,Sedan,FWD,33.0,IL,500,237
Ford,Escape,2022,Petrol,Automatic,3.1,56865,251.0,248.0,1,0.0,Partial Service,Green,SUV,AWD,29.0,NC,18162,57
Audi,Q5,2022,Hybrid,Automatic,3.0,23771,216.0,,1,,Full Service,Green,SUV,AWD,45.0,FL,35769,57
Volkswagen,Passat,2007,Petrol,Manual,2.4,82452,,186.0,5,1.0,Full Service,Red,Sedan,FWD,27.0,PA,1959,237
Mercedes-Benz,GLE,2008,Petrol,Manual,3.5,57000,256.0,225.0,4,0.0,Partial Service,Silver,SUV,AWD,29.0,NC,11930,225
Toyota,Corolla,2018,Petrol,Automatic,1.6,61260,130.0,,2,1.0,Partial Service,Brown,Sedan,FWD,29.0,OH,7407,105
Audi,Q7,2014,Petrol,Automatic,2.3,215705,,178.0,4,0.0,Partial Service,White,SUV,AWD,,,13271,153
Hyundai,Tucson,2006,Petrol,Automatic,2.9,123113,228.0,213.0,4,0.0,Full Service,Red,SUV,AWD,,IL,500,249
Honda,Accord,2017,Petrol,Automatic,2.4,102878,189.0,180.0,1,0.0,,Green,Sedan,FWD,31.0,MI,9049,117
BMW,5 Series,2011,Petrol,Manual,1.7,139914,137.0,104.0,3,1.0,No Service,Blue,Sedan,FWD,40.0,NC,8090,189
Nissan,Pathfinder,2010,Petrol,Automatic,,241150,263.0,241.0,4,0.0,No Service,White,SUV,AWD,26.0,PA,500,201
Ford,F-150,2014,Hybrid,Automatic,,32397,,,3,0.0,Full Service,Gray,Truck,4WD,29.0,,13777,153
Ford,Escape,2022,Petrol,,2.4,2935,189.0,176.0,1,1.0,Partial Service,Silver,SUV,AWD,,NC,17080,57
Hyundai,Sonata,2020,Diesel,Automatic,1.7,10192,135.0,,2,0.0,No Service,Gray,Sedan,AWD,33.0,GA,15922,81
Toyota,Highlander,2020,Petrol,Automatic,2.0,60054,170.0,163.0,1,,Full Service,Silver,SUV,AWD,29.0,CA,21369,81
Hyundai,Elantra,2012,Petrol,Automatic,1.9,100,151.0,154.0,2,0.0,Partial Service,Blue,Sedan,FWD,,FL,7463,177
Volkswagen,Tiguan,2009,Petrol,Manual,2.9,65680,219.0,203.0,3,1.0,,Blue,SUV,AWD,27.0,,3485,213
Audi,Q7,2016,Petrol,Automatic,2.0,111147,165.0,168.0,3,0.0,Partial Service,Gray,SUV,AWD,,,24056,129
Nissan,Pathfinder,2015,Hybrid,,,141124,216.0,190.0,3,0.0,Partial Service,,SUV,FWD,49.0,,8286,141
Chevrolet,Equinox,2011,Petrol,Manual,,187937,177.0,168.0,2,,Full Service,Black,SUV,AWD,36.0,IL,500,189
Honda,Pilot,2008,Petrol,Automatic,2.0,104905,161.0,149.0,4,0.0,Full Service,Gray,SUV,AWD,38.0,OH,4611,225
Mercedes-Benz,GLE,2014,Petrol,Automatic,2.6,122086,207.0,190.0,2,0.0,No Service,,SUV,AWD,32.0,OH,17608,153
Volkswagen,Passat,2013,Petrol,Automatic,2.1,160002,193.0,,3,1.0,Partial Service,Black,Sedan,FWD,35.0,TX,2297,165
Volkswagen,Passat,2007,Diesel,Manual,,148339,192.0,179.0,5,1.0,Partial Service,White,Sedan,AWD,34.0,TX,500,237
Hyundai,Sonata,2012,Diesel,Automatic,2.1,143256,194.0,180.0,3,0.0,Partial Service,Gray,Sedan,FWD,36.0,IL,1591,177
Volkswagen,Atlas,2006,Petrol,Manual,,20493,219.0,213.0,5,0.0,,Blue,SUV,AWD,27.0,OH,5797,249
Hyundai,Tucson,2007,Petrol,Automatic,3.3,230887,243.0,243.0,2,0.0,,Blue,SUV,AWD,23.0,OH,500,237
Nissan,Rogue,2019,Petrol,Automatic,3.0,17606,237.0,227.0,1,0.0,Full Service,Black,SUV,FWD,23.0,NC,18803,93
Audi,A4,2017,Hybrid,Automatic,2.4,78027,193.0,185.0,2,0.0,Full Service,Silver,Sedan,FWD,47.0,NC,19421,117
Nissan,Pathfinder,2024,Hybrid,Automatic,2.1,2536,145.0,,1,0.0,,Green,SUV,RWD,48.0,CA,33565,33
Nissan,Rogue,2014,Petrol,Automatic,,101625,257.0,232.0,2,1.0,,Silver,SUV,AWD,,FL,5915,153
Honda,Pilot,2008,Petrol,Automatic,,245459,263.0,255.0,4,1.0,,Gray,SUV,AWD,28.0,,500,225
BMW,3 Series,2021,Diesel,Automatic,2.3,32068,191.0,182.0,1,0.0,Full Service,White,Sedan,FWD,37.0,MI,30956,69
Volkswagen,Atlas,2022,Petrol,Automatic,,30750,,198.0,1,1.0,,Blue,SUV,AWD,,FL,22603,57
Ford,F-150,2008,Petrol,Automatic,4.2,259741,,297.0,4,1.0,,Brown,Truck,4WD,19.0,,500,225
Hyundai,Elantra,2012,Petrol,Automatic,2.1,80412,160.0,164.0,4,,Full Service,Gray,Sedan,FWD,32.0,,3582,177
Chevrolet,Malibu,2014,Petrol,Automatic,2.5,282847,203.0,192.0,2,1.0,Full Service,,Sedan,FWD,27.0,NY,500,153
Hyundai,Tucson,2023,Hybrid,Automatic,3.2,5277,,255.0,1,0.0,No Service,Silver,SUV,AWD,38.0,GA,20755,45
Honda,Accord,2024,Petrol,Automatic,2.0,100,155.0,120.0,1,0.0,Partial Service,Black,Sedan,FWD,29.0,TX,24235,33
Nissan,Rogue,2005,Petrol,Manual,3.2,230400,237.0,214.0,4,0.0,Partial Service,Silver,SUV,RWD,,NC,500,261
BMW,X3,2020,Petrol,Automatic,2.6,76956,210.0,200.0,2,0.0,,Brown,SUV,AWD,24.0,,27479,81
Mercedes-Benz,GLC,2012,Petrol,,3.0,97055,221.0,220.0,3,1.0,,Blue,SUV,FWD,24.0,FL,10382,177
Chevrolet,Equinox,2008,Petrol,Manual,3.0,273822,,228.0,3,1.0,Partial Service,Silver,SUV,AWD,29.0,PA,500,225
Toyota,RAV4,2006,Petrol,,2.2,228747,175.0,161.0,4,1.0,Partial Service,White,SUV,AWD,32.0,,500,249
Toyota,Highlander,2012,Petrol,,2.3,121773,,167.0,3,,Partial Service,Black,SUV,AWD,26.0,PA,5629,177
BMW,5 Series,2015,Petrol,Automatic,1.6,77316,124.0,,4,1.0,Partial Service,Brown,Sedan,AWD,36.0,TX,17100,141
Nissan,Sentra,2013,Diesel,Automatic,,48270,191.0,180.0,2,1.0,No Service,Silver,Sedan,FWD,28.0,,4311,165
Volkswagen,Passat,2021,Petrol,Automatic,1.9,50153,149.0,136.0,1,0.0,Full Service,Black,Sedan,FWD,36.0,NC,19478,69
Chevrolet,Malibu,2010,Petrol,Automatic,1.6,312175,144.0,142.0,3,0.0,Partial Service,Red,Sedan,AWD,32.0,TX,500,201
Honda,Accord,2006,Petrol,Automatic,,139972,138.0,107.0,4,1.0,No Service,White,Sedan,FWD,34.0,GA,500,249
Nissan,Rogue,2010,Petrol,Manual,2.1,148632,176.0,164.0,3,1.0,Full Service,,SUV,AWD,,TX,863,201
Ford,Explorer,2011,Petrol,Manual,3.3,256811,,249.0,5,1.0,Partial Service,Silver,SUV,AWD,,PA,500,189
Hyundai,Elantra,2015,Petrol,Automatic,1.4,133229,124.0,123.0,2,0.0,No Service,White,Sedan,FWD,32.0,OH,2357,141
Toyota,RAV4,2012,Petrol,,2.4,119917,196.0,185.0,3,1.0,,Green,SUV,FWD,38.0,OH,3530,177
Mercedes-Benz,E-Class,2011,Petrol,Automatic,2.0,208167,139.0,,4,1.0,No Service,Green,Sedan,FWD,34.0,FL,6543,189
Chevrolet,Silverado,2012,Petrol,Automatic,3.8,128852,296.0,271.0,4,1.0,Full Service,,Truck,RWD,17.0,,4818,177
Ford,Mustang,2006,Petrol,Automatic,2.8,280850,221.0,,4,1.0,Full Service,Black,Coupe,AWD,31.0,IL,500,249
Mercedes-Benz,GLE,2005,Petrol,,3.2,332791,249.0,240.0,5,0.0,Partial Service,Green,SUV,AWD,29.0,MI,500,261
BMW,5 Series,2021,Petrol,Automatic,,22712,139.0,126.0,1,0.0,,Green,Sedan,FWD,,NY,45184,69
Ford,Explorer,2021,Petrol,Automatic,2.5,1597,,193.0,1,0.0,Partial Service,,SUV,AWD,25.0,PA,26571,69
Hyundai,Tucson,2015,Petrol,Automatic,3.3,101788,264.0,240.0,1,1.0,No Service,White,SUV,AWD,26.0,PA,5735,141
Volkswagen,Golf,2012,Petrol,Automatic,2.5,225624,,141.0,3,0.0,Partial Service,White,Hatchback,AWD,31.0,,500,177
Honda,Pilot,2019,Petrol,Automatic,3.4,79115,264.0,243.0,2,0.0,Partial Service,Brown,SUV,AWD,22.0,MI,19532,93
Nissan,Sentra,2007,Petrol,Automatic,2.3,109580,,163.0,4,0.0,Partial Service,Silver,Sedan,FWD,37.0,FL,500,237
Volkswagen,Passat,2017,Petrol,Automatic,1.6,68647,145.0,134.0,3,1.0,Partial Service,Red,Sedan,FWD,39.0,NY,9330,117
Mercedes-Benz,E-Class,2005,Petrol,Automatic,2.1,197454,175.0,,4,0.0,Partial Service,White,Sedan,FWD,38.0,FL,1515,261
Nissan,Altima,2009,Petrol,Manual,1.6,339532,134.0,123.0,5,1.0,Partial Service,Brown,Sedan,AWD,37.0,GA,500,213
Honda,Pilot,2017,Diesel,Automatic,3.4,67421,260.0,,3,0.0,Partial Service,Black,SUV,FWD,23.0,FL,15473,117
Ford,Mustang,2019,Petrol,Automatic,,66921,,344.0,3,,No Service,Black,Coupe,RWD,15.0,,12196,93
Audi,Q5,2008,Petrol,Automatic,,151231,216.0,210.0,4,,Partial Service,Green,SUV,AWD,26.0,GA,5662,225
BMW,3 Series,2019,Petrol,Automatic,1.4,85598,111.0,116.0,1,0.0,No Service,,Sedan,FWD,45.0,,19979,93
Audi,A6,2009,Petrol,Manual,1.7,229670,154.0,126.0,4,1.0,No Service,Red,Sedan,FWD,34.0,CA,3109,213
Volkswagen,Tiguan,2015,Petrol,Automatic,2.9,126977,227.0,232.0,3,1.0,Partial Service,Brown,SUV,AWD,31.0,NY,5631,141
Volkswagen,Tiguan,2017,Petrol,,2.9,120299,223.0,217.0,2,0.0,Partial Service,Brown,SUV,FWD,34.0,,4856,117
BMW,5 Series,2008,Petrol,Automatic,2.2,112969,181.0,167.0,3,1.0,,Gray,Sedan,FWD,36.0,PA,7556,225
Honda,CR-V,2013,Hybrid,Automatic,3.4,234636,263.0,272.0,1,0.0,Partial Service,Gray,SUV,AWD,40.0,FL,500,165
Toyota,Camry,2015,Electric,Automatic,0.0,109471,,,3,1.0,Full Service,Brown,Sedan,AWD,106.0,PA,5820,141
Ford,F-150,2023,Petrol,,3.5,13980,263.0,275.0,1,1.0,Full Service,Green,Truck,4WD,20.0,MI,25324,45
Hyundai,Elantra,2024,Petrol,,2.2,8010,177.0,,1,0.0,Full Service,Blue,Sedan,FWD,32.0,GA,21765,33
Nissan,Altima,2020,Petrol,Automatic,1.7,44314,142.0,156.0,1,0.0,,Black,Sedan,FWD,36.0,TX,13680,81
Honda,Civic,2019,Hybrid,Automatic,,34892,166.0,,1,0.0,Full Service,White,Sedan,FWD,45.0,,11901,93
Audi,A6,2018,Petrol,Automatic,1.8,46002,150.0,133.0,2,1.0,Full Service,Gray,Sedan,AWD,37.0,PA,26073,105
Volkswagen,Passat,2019,Diesel,Automatic,2.4,93250,,183.0,2,0.0,Full Service,Gray,Sedan,FWD,32.0,PA,13427,93
Mercedes-Benz,E-Class,2023,Petrol,Automatic,2.2,19326,163.0,151.0,1,0.0,Partial Service,Black,Sedan,FWD,28.0,IL,49589,45
Chevrolet,Tahoe,2014,Petrol,Automatic,2.8,130571,232.0,210.0,3,0.0,Partial Service,Red,SUV,AWD,29.0,GA,15299,153
Chevrolet,Malibu,2024,Hybrid,,1.5,100,120.0,105.0,1,0.0,No Service,,Sedan,FWD,55.0,,20193,33
BMW,X3,2007,Petrol,,2.2,233184,171.0,152.0,3,,Full Service,Gray,SUV,AWD,34.0,NY,500,237
Toyota,Corolla,2012,Hybrid,Automatic,1.7,213663,140.0,147.0,3,,,Black,Sedan,FWD,,FL,500,177
Chevrolet,Tahoe,2006,Petrol,,3.0,326193,227.0,219.0,5,0.0,Full Service,Green,SUV,AWD,30.0,TX,500,249
BMW,X3,2009,Hybrid,Automatic,3.1,144341,,220.0,3,,Partial Service,Green,SUV,FWD,45.0,,5103,213
Hyundai,Elantra,2008,Petrol,Manual,2.4,203710,177.0,174.0,4,0.0,Full Service,White,Sedan,FWD,32.0,MI,500,225
Mercedes-Benz,GLC,2007,Petrol,Automatic,3.2,100,242.0,225.0,4,0.0,Partial Service,Red,SUV,AWD,,,10205,237
Audi,Q7,2018,Hybrid,Automatic,2.7,80097,223.0,218.0,2,0.0,Partial Service,,SUV,AWD,37.0,MI,29331,105
BMW,X5,2022,Electric,Automatic,0.0,8375,359.0,394.0,1,0.0,Full Service,Gray,SUV,AWD,133.0,NY,53948,57
Mercedes-Benz,GLE,2015,Petrol,Automatic,3.4,68791,263.0,,2,1.0,Full Service,White,SUV,AWD,19.0,,24184,141
Audi,A4,2008,Petrol,Manual,2.2,103406,168.0,161.0,3,0.0,Partial Service,Gray,Sedan,FWD,36.0,,4868,225
Audi,A6,2020,Diesel,Automatic,1.6,63531,113.0,101.0,1,0.0,No Service,,Sedan,FWD,38.0,IL,36448,81
BMW,X5,2016,Petrol,Automatic,2.1,128012,162.0,,3,1.0,Partial Service,Red,SUV,AWD,36.0,FL,19344,129
Volkswagen,Atlas,2022,Petrol,Automatic,3.1,28426,246.0,251.0,1,0.0,Full Service,White,SUV,FWD,30.0,GA,30652,57
Hyundai,Santa Fe,2016,Petrol,,3.2,61639,227.0,211.0,2,1.0,Full Service,White,SUV,FWD,27.0,PA,11073,129
BMW,5 Series,2005,Petrol,Automatic,1.7,180451,132.0,134.0,5,1.0,Partial Service,Brown,Sedan,AWD,34.0,,1810,261
Hyundai,Elantra,2016,Hybrid,Automatic,2.0,161432,151.0,138.0,1,1.0,Full Service,Green,Sedan,FWD,,CA,1898,129
Nissan,Sentra,2018,Electric,Automatic,0.0,28104,384.0,422.0,1,1.0,,Brown,Sedan,FWD,116.0,FL,9258,105
Ford,Mustang,2018,Petrol,Manual,,53834,,281.0,1,0.0,Full Service,Green,Coupe,RWD,20.0,,14710,105
Mercedes-Benz,GLE,2006,Petrol,Automatic,2.5,192199,205.0,192.0,2,0.0,Full Service,Gray,SUV,AWD,31.0,PA,4208,249
BMW,5 Series,2021,Petrol,Automatic,1.7,6158,,,1,0.0,,Green,Sedan,AWD,35.0,MI,43946,69
Ford,Explorer,2024,Hybrid,Automatic,2.2,100,169.0,166.0,1,0.0,Partial Service,,SUV,FWD,53.0,TX,31598,33
BMW,5 Series,2009,Petrol,,2.3,100256,168.0,151.0,3,1.0,Full Service,Green,Sedan,FWD,32.0,,8514,213
Nissan,Pathfinder,2012,Petrol,Automatic,,58291,177.0,176.0,3,1.0,Full Service,Blue,SUV,AWD,39.0,GA,7396,177
Hyundai,Tucson,2005,Petrol,Automatic,2.7,356862,217.0,220.0,5,0.0,Full Service,Gray,SUV,FWD,31.0,NC,500,261
Chevrolet,Silverado,2010,Petrol,,4.4,177533,336.0,320.0,3,1.0,No Service,Red,Truck,4WD,19.0,NY,1175,201
Hyundai,Elantra,2017,Hybrid,Automatic,2.4,85165,182.0,180.0,2,0.0,,Black,Sedan,FWD,43.0,MI,6573,117
Audi,Q7,2024,Petrol,Automatic,3.0,100,244.0,228.0,1,0.0,Partial Service,Green,SUV,RWD,28.0,IL,59636,33
Chevrolet,Silverado,2018,Hybrid,Automatic,5.2,96845,377.0,,2,0.0,Full Service,White,Truck,4WD,27.0,FL,15183,105
Honda,Civic,2016,Petrol,Automatic,1.6,7668,132.0,109.0,1,1.0,,Black,Sedan,FWD,42.0,MI,7917,129
Hyundai,Tucson,2007,Petrol,Automatic,2.0,199248,166.0,,3,1.0,Full Service,,SUV,AWD,,TX,500,237
Nissan,Rogue,2023,Petrol,,,17895,271.0,252.0,1,0.0,No Service,,SUV,FWD,,GA,21764,45
Chevrolet,Malibu,2014,Petrol,Automatic,2.2,100,203.0,195.0,3,,,,Sedan,FWD,34.0,FL,10022,153
Mercedes-Benz,GLE,2017,Petrol,Automatic,2.8,122372,217.0,198.0,2,0.0,Full Service,Gray,SUV,AWD,,FL,29595,117
Nissan,Sentra,2021,Diesel,Automatic,2.3,25698,179.0,159.0,1,0.0,Partial Service,Gray,Sedan,FWD,31.0,TX,14918,69
Honda,CR-V,2009,Petrol,Automatic,2.8,298131,236.0,224.0,4,0.0,Full Service,,SUV,AWD,30.0,OH,500,213
Volkswagen,Tiguan,2022,Petrol,Automatic,2.1,43275,,136.0,1,0.0,Full Service,Red,SUV,AWD,34.0,OH,23873,57
Toyota,Highlander,2023,Diesel,Automatic,,100,211.0,206.0,1,1.0,No Service,Gray,SUV,AWD,27.0,FL,23783,45
Honda,Accord,2013,Petrol,Automatic,1.7,192524,145.0,137.0,3,1.0,No Service,Black,Sedan,FWD,36.0,PA,571,165
Toyota,Camry,2011,Petrol,,1.8,97437,,160.0,4,0.0,Partial Service,Silver,Sedan,FWD,34.0,PA,3261,189
Toyota,Highlander,2014,Petrol,Automatic,2.8,60717,209.0,192.0,2,,Partial Service,,SUV,AWD,28.0,,10609,153
Hyundai,Elantra,2012,Petrol,Automatic,1.5,167559,127.0,128.0,3,1.0,No Service,Green,Sedan,FWD,40.0,,500,177
Toyota,Corolla,2013,Petrol,Automatic,1.4,32307,151.0,135.0,4,,Full Service,,Sedan,AWD,35.0,GA,6049,165
Volkswagen,Golf,2024,Diesel,,1.9,100,169.0,164.0,1,0.0,No Service,Blue,Hatchback,FWD,32.0,GA,20893,33
Audi,Q5,2019,Petrol,Automatic,3.2,71958,253.0,,1,1.0,Full Service,,SUV,AWD,24.0,CA,21395,93
Ford,Mustang,2014,Petrol,,,194944,281.0,269.0,2,1.0,,Green,Coupe,RWD,13.0,GA,1360,153
Honda,Pilot,2024,Hybrid,Automatic,3.1,100,,212.0,1,0.0,Full Service,Black,SUV,FWD,34.0,IL,36959,33
Mercedes-Benz,GLE,2006,Petrol,Automatic,3.4,274557,254.0,238.0,5,0.0,Partial Service,Brown,SUV,FWD,,IL,500,249
Chevrolet,Tahoe,2010,Petrol,Automatic,2.9,35170,215.0,198.0,2,0.0,Full Service,,SUV,AWD,34.0,NY,13693,201
Ford,Mustang,2006,Diesel,Automatic,3.9,151543,292.0,276.0,4,1.0,Full Service,Black,Coupe,RWD,18.0,,500,249
Ford,F-150,2008,Petrol,Automatic,5.1,280129,,336.0,5,1.0,Partial Service,,Truck,RWD,13.0,TX,500,225
Toyota,Camry,2023,Petrol,Automatic,1.7,8156,137.0,145.0,1,0.0,No Service,Gray,Sedan,AWD,34.0,OH,18475,45
Hyundai,Santa Fe,2009,Petrol,Automatic,2.5,125975,,169.0,3,1.0,Full Service,Brown,SUV,AWD,34.0,PA,2395,213
Honda,Pilot,2023,Petrol,Automatic,3.4,100,251.0,243.0,1,0.0,Full Service,Gray,SUV,AWD,,FL,37666,45
Ford,Explorer,2010,Petrol,Manual,,191424,216.0,207.0,4,1.0,,Brown,SUV,AWD,27.0,PA,750,201
Volkswagen,Golf,2007,Petrol,,2.0,127386,170.0,170.0,3,,Full Service,Blue,Hatchback,FWD,37.0,NC,500,237
Honda,CR-V,2009,Petrol,Automatic,3.1,262098,,229.0,3,0.0,Full Service,White,SUV,AWD,,MI,500,213
Volkswagen,Passat,2011,Petrol,Manual,1.9,193077,147.0,138.0,4,0.0,Full Service,Black,Sedan,FWD,32.0,OH,500,189
Hyundai,Santa Fe,2019,Petrol,Automatic,2.8,71932,217.0,,1,0.0,Full Service,Brown,SUV,AWD,,NC,17689,93
Honda,Accord,2021,Hybrid,Automatic,1.5,56238,108.0,,1,1.0,Full Service,Green,Sedan,FWD,50.0,PA,15291,69
Hyundai,Sonata,2021,Petrol,Automatic,2.3,34882,,181.0,1,0.0,Partial Service,Red,Sedan,FWD,32.0,CA,17008,69
Audi,A4,2015,Diesel,Automatic,1.4,46144,116.0,110.0,2,1.0,Full Service,White,Sedan,FWD,42.0,TX,14308,141
Audi,Q7,2014,Petrol,Automatic,3.1,44887,237.0,212.0,1,0.0,Full Service,Black,SUV,AWD,25.0,NC,22658,153
Nissan,Altima,2014,Petrol,Automatic,1.9,109883,141.0,151.0,4,0.0,Full Service,Red,Sedan,FWD,38.0,NY,4695,153
BMW,3 Series,2008,Petrol,Automatic,2.5,231727,190.0,192.0,3,1.0,Partial Service,Brown,Sedan,FWD,38.0,PA,500,225
BMW,X5,2008,Hybrid,Automatic,,84603,174.0,,5,0.0,Partial Service,,SUV,FWD,52.0,OH,10444,225
Hyundai,Santa Fe,2012,Petrol,Automatic,3.0,180596,238.0,218.0,3,0.0,Full Service,,SUV,AWD,28.0,FL,2647,177
Ford,Explorer,2024,Petrol,Automatic,,4542,194.0,175.0,1,0.0,No Service,Brown,SUV,AWD,31.0,CA,30342,33
Chevrolet,Malibu,2018,Petrol,Automatic,2.3,106971,,172.0,2,0.0,Partial Service,White,Sedan,FWD,35.0,OH,9438,105
Nissan,Rogue,2021,Diesel,Automatic,2.4,39831,182.0,162.0,1,0.0,,Red,SUV,AWD,30.0,OH,19972,69
Mercedes-Benz,GLC,2009,Petrol,Automatic,2.3,218904,185.0,,4,1.0,Full Service,White,SUV,AWD,29.0,PA,1625,213
Toyota,RAV4,2020,Petrol,Automatic,3.3,53471,260.0,252.0,2,0.0,Partial Service,Black,SUV,FWD,20.0,NC,17409,81
Hyundai,Sonata,2019,Petrol,Automatic,,100,172.0,175.0,2,,Partial Service,Red,Sedan,FWD,35.0,IL,16126,93
Mercedes-Benz,C-Class,2023,Petrol,Automatic,2.0,25127,173.0,166.0,1,0.0,Partial Service,White,Sedan,FWD,32.0,OH,34035,45
Honda,CR-V,2010,Petrol,Automatic,,111646,282.0,257.0,4,1.0,,Green,SUV,AWD,23.0,TX,2674,201
Ford,Escape,2018,Petrol,Automatic,2.9,43899,,217.0,2,0.0,,White,SUV,RWD,27.0,NY,14243,105
Nissan,Pathfinder,2018,Petrol,Automatic,2.2,96157,143.0,130.0,1,0.0,No Service,,SUV,AWD,25.0,NC,13950,105
Nissan,Rogue,2008,Petrol,Automatic,,284420,236.0,209.0,3,,No Service,Black,SUV,AWD,24.0,TX,500,225
Mercedes-Benz,GLC,2012,Petrol,Automatic,,55959,,,3,,Full Service,Silver,SUV,AWD,22.0,MI,14702,177
BMW,3 Series,2010,Petrol,Automatic,2.1,279617,168.0,160.0,4,0.0,,White,Sedan,FWD,32.0,PA,500,201
Hyundai,Sonata,2016,Petrol,Automatic,,104514,,,3,0.0,Full Service,Blue,Sedan,AWD,29.0,GA,7608,129
Nissan,Sentra,2006,Petrol,Automatic,1.7,96374,141.0,127.0,5,0.0,,,Sedan,FWD,33.0,,500,249
Honda,CR-V,2024,Hybrid,Automatic,3.1,100,238.0,220.0,1,0.0,Full Service,,SUV,AWD,50.0,PA,28341,33
Hyundai,Sonata,2011,Petrol,,1.8,153583,128.0,105.0,4,0.0,Full Service,Gray,Sedan,FWD,33.0,NY,500,189
Ford,Mustang,2006,Petrol,Manual,3.0,156416,246.0,216.0,5,,Partial Service,Brown,Coupe,AWD,30.0,GA,500,249
BMW,3 Series,2023,Petrol,,1.5,10906,115.0,,1,0.0,Partial Service,Black,Sedan,FWD,37.0,OH,37655,45
Honda,Pilot,2009,Petrol,Automatic,3.0,208141,227.0,203.0,3,1.0,Full Service,,SUV,AWD,27.0,PA,500,213
Honda,Accord,2008,Petrol,Automatic,1.7,204089,,144.0,4,1.0,Partial Service,,Sedan,FWD,35.0,GA,500,225
Honda,Accord,2009,Petrol,Automatic,1.9,222123,141.0,141.0,4,1.0,Partial Service,Gray,Sedan,FWD,33.0,TX,500,213
Ford,F-150,2005,Petrol,Automatic,4.8,155312,355.0,355.0,4,0.0,No Service,Brown,Truck,RWD,15.0,OH,500,261
Chevrolet,Silverado,2021,Petrol,Automatic,4.4,100,342.0,332.0,1,0.0,Full Service,Brown,Truck,4WD,,CA,29236,69
Audi,A4,2018,Electric,Automatic,0.0,63300,311.0,342.0,2,0.0,Full Service,,Sedan,AWD,,MI,21831,105
Toyota,RAV4,2005,Petrol,Automatic,2.1,257745,159.0,132.0,4,0.0,Partial Service,Red,SUV,AWD,36.0,TX,500,261
Chevrolet,Tahoe,2012,Petrol,Automatic,2.9,143565,230.0,201.0,3,0.0,,,SUV,AWD,33.0,,10021,177
Hyundai,Elantra,2011,Petrol,Automatic,,8768,165.0,145.0,3,1.0,Full Service,,Sedan,FWD,36.0,,5427,189
Nissan,Sentra,2018,Petrol,,2.3,46231,169.0,172.0,2,1.0,Full Service,Red,Sedan,FWD,37.0,,8813,105
Toyota,RAV4,2007,Petrol,Automatic,2.0,149291,154.0,150.0,4,0.0,Full Service,Green,SUV,FWD,34.0,NC,500,237
Audi,A6,2016,Petrol,Automatic,2.0,56101,167.0,169.0,3,0.0,,Gray,Sedan,FWD,33.0,TX,24828,129
Chevrolet,Malibu,2024,Diesel,Automatic,1.5,100,122.0,109.0,1,0.0,No Service,Red,Sedan,FWD,,NY,21209,33
Ford,Explorer,2016,Petrol,Automatic,2.4,60700,191.0,183.0,2,,Full Service,,SUV,AWD,27.0,OH,13713,129
Toyota,Camry,2014,Petrol,Automatic,2.0,8679,163.0,135.0,2,0.0,No Service,Green,Sedan,AWD,36.0,NC,9390,153
Nissan,Rogue,2014,Petrol,Automatic,3.2,76950,236.0,213.0,2,1.0,No Service,Gray,SUV,FWD,25.0,IL,6134,153
Hyundai,Sonata,2014,Petrol,Automatic,2.1,111157,161.0,155.0,1,1.0,Full Service,Brown,Sedan,FWD,34.0,CA,4510,153
Ford,Explorer,2022,Petrol,Automatic,2.8,51516,209.0,203.0,1,0.0,No Service,White,SUV,AWD,29.0,NC,25204,57
Nissan,Rogue,2014,Petrol,,2.1,137069,160.0,149.0,3,1.0,No Service,Brown,SUV,AWD,37.0,,3421,153
Ford,Escape,2006,Petrol,Manual,3.0,168778,249.0,228.0,4,1.0,No Service,Green,SUV,FWD,24.0,CA,500,249
BMW,5 Series,2006,Petrol,Automatic,2.5,171767,196.0,188.0,5,1.0,Partial Service,Red,Sedan,FWD,29.0,NY,2758,249
Volkswagen,Passat,2005,Petrol,,1.9,365236,,144.0,5,1.0,No Service,Blue,Sedan,AWD,,IL,500,261
Volkswagen,Golf,2022,Electric,Automatic,0.0,25852,274.0,301.0,1,0.0,Partial Service,Silver,Hatchback,FWD,111.0,,17114,57
Hyundai,Sonata,2008,Petrol,Automatic,2.3,303487,174.0,165.0,4,1.0,Partial Service,White,Sedan,FWD,29.0,GA,500,225
Audi,Q7,2022,Electric,Automatic,0.0,22016,,233.0,1,,No Service,Green,SUV,AWD,119.0,,42539,57
Volkswagen,Tiguan,2019,Hybrid,,2.7,123064,201.0,,1,0.0,,Brown,SUV,AWD,45.0,,11409,93
Audi,A4,2014,Petrol,Automatic,1.8,153374,161.0,144.0,3,1.0,,Black,Sedan,FWD,33.0,PA,7521,153
Nissan,Sentra,2021,Petrol,Automatic,1.7,11985,147.0,,1,0.0,Partial Service,,Sedan,FWD,33.0,NC,14902,69
Chevrolet,Malibu,2012,Diesel,Automatic,2.2,145151,168.0,161.0,3,0.0,Full Service,Black,Sedan,FWD,34.0,CA,1247,177
Chevrolet,Equinox,2009,Diesel,Manual,3.1,112849,,216.0,3,0.0,Full Service,,SUV,RWD,25.0,GA,1804,213
Hyundai,Tucson,2007,Diesel,Automatic,3.5,110795,273.0,,3,0.0,Partial Service,Black,SUV,FWD,23.0,MI,720,237
Mercedes-Benz,GLE,2019,Diesel,Automatic,2.7,82959,219.0,201.0,1,0.0,No Service,Blue,SUV,FWD,,GA,29584,93
Chevrolet,Equinox,2021,Hybrid,Automatic,,8779,248.0,244.0,1,1.0,Partial Service,,SUV,AWD,44.0,GA,17715,69
Ford,Escape,2006,Petrol,,,274383,249.0,244.0,4,1.0,Partial Service,Gray,SUV,AWD,21.0,TX,500,249
Volkswagen,Passat,2014,Petrol,Automatic,,47730,176.0,184.0,3,1.0,Partial Service,Blue,Sedan,AWD,33.0,MI,8290,153
Toyota,Camry,2019,Petrol,Automatic,1.9,83311,124.0,117.0,3,1.0,No Service,Gray,Sedan,AWD,33.0,PA,9581,93
Volkswagen,Atlas,2017,Petrol,,2.7,130796,218.0,215.0,1,1.0,No Service,Gray,SUV,AWD,28.0,PA,9826,117
Hyundai,Tucson,2017,Petrol,Automatic,,154402,180.0,168.0,1,1.0,No Service,White,SUV,FWD,31.0,IL,5287,117
Hyundai,Tucson,2014,Petrol,Automatic,3.2,89147,231.0,223.0,1,,Partial Service,Silver,SUV,AWD,27.0,FL,5753,153
Ford,Explorer,2010,Petrol,Automatic,2.2,273080,168.0,178.0,3,1.0,,Black,SUV,AWD,31.0,TX,500,201
Volkswagen,Tiguan,2008,Petrol,,2.0,205676,178.0,,3,0.0,,,SUV,AWD,36.0,TX,500,225
Honda,CR-V,2022,Petrol,Automatic,,15208,227.0,,1,0.0,Full Service,White,SUV,AWD,29.0,CA,22047,57
Mercedes-Benz,E-Class,2005,Petrol,Automatic,1.9,216746,164.0,152.0,3,1.0,Partial Service,,Sedan,AWD,36.0,,535,261
Toyota,Camry,2017,Hybrid,Automatic,2.2,76763,176.0,156.0,2,0.0,No Service,Red,Sedan,FWD,36.0,NY,8357,117
Ford,Escape,2010,Petrol,Manual,2.2,165820,160.0,164.0,3,1.0,No Service,,SUV,AWD,,GA,500,201
Nissan,Pathfinder,2011,Petrol,Automatic,,160229,196.0,207.0,4,1.0,Partial Service,Gray,SUV,AWD,,TX,2581,189
Honda,Pilot,2022,Petrol,Automatic,,42314,,216.0,1,0.0,Full Service,White,SUV,AWD,23.0,CA,30792,57
Nissan,Sentra,2010,Petrol,Manual,1.9,94448,,139.0,3,1.0,Partial Service,Gray,Sedan,AWD,36.0,GA,1252,201
Chevrolet,Equinox,2023,Petrol,,,13782,188.0,173.0,1,0.0,,,SUV,AWD,31.0,CA,22522,45
Honda,Accord,2013,Petrol,Automatic,2.5,200671,176.0,176.0,3,0.0,Full Service,Red,Sedan,FWD,32.0,TX,500,165
Chevrolet,Malibu,2009,Petrol,Automatic,1.6,268823,123.0,105.0,5,1.0,Full Service,Brown,Sedan,FWD,42.0,OH,500,213
Nissan,Rogue,2011,Petrol,Automatic,2.7,207436,198.0,178.0,4,1.0,Full Service,Black,SUV,RWD,28.0,NY,500,189
Volkswagen,Tiguan,2014,Petrol,Automatic,3.2,90337,,,4,1.0,Full Service,White,SUV,FWD,,GA,6383,153
Toyota,Camry,2005,Petrol,Automatic,1.8,194109,128.0,,3,1.0,Full Service,Blue,Sedan,FWD,36.0,CA,500,261
Honda,CR-V,2005,Petrol,Automatic,,324831,263.0,254.0,2,1.0,Full Service,Red,SUV,AWD,26.0,,500,261
Volkswagen,Atlas,2022,Petrol,Automatic,2.2,32950,174.0,166.0,1,0.0,No Service,Black,SUV,FWD,39.0,PA,22722,57
Nissan,Rogue,2017,Hybrid,Automatic,2.1,128649,152.0,144.0,2,1.0,Full Service,Brown,SUV,FWD,51.0,OH,7913,117
Mercedes-Benz,GLC,2024,Diesel,Automatic,2.6,100,195.0,174.0,1,0.0,,Brown,SUV,AWD,35.0,TX,49752,33
Toyota,Highlander,2015,Hybrid,,2.4,174161,195.0,187.0,1,1.0,Partial Service,Green,SUV,AWD,39.0,NC,6946,141
Honda,CR-V,2011,Petrol,Automatic,3.0,183644,214.0,209.0,1,,,Brown,SUV,AWD,25.0,OH,500,189
BMW,5 Series,2007,Petrol,Automatic,,228136,,147.0,5,0.0,,Red,Sedan,FWD,31.0,PA,2005,237
BMW,5 Series,2021,Petrol,Automatic,2.3,8500,192.0,187.0,1,1.0,Full Service,Red,Sedan,FWD,36.0,NC,38888,69
Honda,Accord,2007,Petrol,,2.0,84935,141.0,,4,0.0,,Blue,Sedan,FWD,34.0,NY,1979,237
Toyota,Highlander,2023,Petrol,Automatic,2.8,20534,212.0,206.0,1,1.0,Full Service,Brown,SUV,AWD,30.0,,26141,45
Audi,Q5,2005,Petrol,,2.9,216420,223.0,234.0,4,1.0,Partial Service,,SUV,FWD,,GA,500,261
Chevrolet,Tahoe,2012,Petrol,Automatic,2.5,191331,,,2,1.0,Partial Service,Green,SUV,FWD,32.0,NY,7074,177
Nissan,Altima,2006,Petrol,,2.4,279892,181.0,,4,1.0,Partial Service,Brown,Sedan,AWD,,GA,500,249
Nissan,Altima,2005,Petrol,Automatic,2.2,262463,164.0,162.0,4,1.0,,Black,Sedan,AWD,34.0,NC,500,261
Mercedes-Benz,E-Class,2014,Petrol,Automatic,,150915,,126.0,2,1.0,No Service,Gray,Sedan,FWD,,MI,12562,153
Hyundai,Tucson,2020,Diesel,Automatic,2.6,100,190.0,182.0,1,0.0,Full Service,Gray,SUV,FWD,27.0,GA,20948,81
Toyota,RAV4,2011,Petrol,Manual,2.9,127984,234.0,235.0,3,0.0,,Gray,SUV,AWD,,NC,2648,189
Chevrolet,Tahoe,2020,Petrol,Automatic,2.7,79035,215.0,189.0,1,0.0,No Service,,SUV,AWD,30.0,,30397,81
Hyundai,Sonata,2007,Petrol,Automatic,2.4,124452,189.0,190.0,5,1.0,Partial Service,,Sedan,FWD,31.0,,500,237
BMW,X3,2006,Petrol,Automatic,,193540,242.0,225.0,4,1.0,Partial Service,Silver,SUV,FWD,27.0,,500,249
Volkswagen,Passat,2006,Petrol,Manual,,211649,171.0,152.0,5,1.0,Full Service,Green,Sedan,FWD,,TX,500,249
Hyundai,Santa Fe,2010,Petrol,Automatic,,178208,219.0,239.0,5,,Partial Service,Brown,SUV,AWD,,MI,960,201
Honda,CR-V,2013,Petrol,Automatic,3.4,228099,257.0,244.0,5,0.0,Full Service,Gray,SUV,AWD,23.0,IL,500,165
Volkswagen,Atlas,2013,Petrol,,3.0,135675,230.0,222.0,2,0.0,Partial Service,White,SUV,AWD,28.0,TX,6580,165
Ford,Mustang,2023,Petrol,Manual,4.2,7804,315.0,295.0,1,1.0,Partial Service,Brown,Coupe,RWD,15.0,,22138,45
Mercedes-Benz,E-Class,2018,Petrol,Automatic,2.1,63637,170.0,163.0,2,,No Service,Gray,Sedan,FWD,33.0,,22177,105
Hyundai,Tucson,2010,Petrol,,2.1,191937,168.0,,4,1.0,Partial Service,Green,SUV,AWD,27.0,PA,500,201
Mercedes-Benz,GLE,2008,Petrol,Manual,3.3,318940,248.0,242.0,5,1.0,,Silver,SUV,AWD,29.0,OH,500,225
Mercedes-Benz,E-Class,2016,Petrol,Automatic,2.1,36176,,149.0,3,0.0,Full Service,Green,Sedan,FWD,40.0,IL,26431,129
Audi,Q7,2014,Diesel,Automatic,3.3,200813,,239.0,2,1.0,,Brown,SUV,AWD,27.0,CA,13338,153
Volkswagen,Tiguan,2005,Diesel,Manual,2.8,217174,217.0,214.0,4,0.0,,Black,SUV,AWD,29.0,NC,500,261
Chevrolet,Tahoe,2015,Petrol,Automatic,2.7,242662,,190.0,2,0.0,Full Service,Red,SUV,AWD,31.0,GA,11515,141
Volkswagen,Tiguan,2005,Petrol,,3.0,314282,,216.0,5,1.0,Partial Service,Gray,SUV,RWD,22.0,GA,500,261
Hyundai,Sonata,2008,Petrol,Automatic,1.6,215391,130.0,120.0,3,1.0,Partial Service,,Sedan,FWD,,GA,500,225
Volkswagen,Tiguan,2008,Petrol,Automatic,3.5,342247,,222.0,3,0.0,Full Service,White,SUV,AWD,23.0,PA,500,225
Honda,CR-V,2024,Hybrid,Automatic,2.0,6503,142.0,138.0,1,,Partial Service,Gray,SUV,AWD,54.0,PA,27293,33
Toyota,Highlander,2011,Petrol,,3.4,224020,255.0,237.0,4,1.0,Full Service,White,SUV,AWD,21.0,PA,523,189
Mercedes-Benz,E-Class,2022,Petrol,Automatic,2.0,6993,153.0,140.0,1,0.0,No Service,Black,Sedan,FWD,,NC,44594,57
Volkswagen,Atlas,2017,Petrol,Automatic,3.0,61188,229.0,,2,0.0,Full Service,Red,SUV,FWD,24.0,FL,17038,117
Honda,Civic,2009,Petrol,Manual,1.7,209666,134.0,119.0,4,1.0,,,Sedan,FWD,33.0,TX,500,213
Honda,Pilot,2019,Petrol,Automatic,2.1,38967,162.0,143.0,3,0.0,,Black,SUV,FWD,34.0,,18275,93
Audi,Q5,2009,Petrol,Automatic,2.0,193410,155.0,154.0,4,,Full Service,Silver,SUV,AWD,39.0,GA,2663,213
Volkswagen,Atlas,2024,Petrol,Automatic,2.5,4601,209.0,186.0,1,0.0,No Service,,SUV,AWD,,MI,27777,33
Hyundai,Tucson,2013,Petrol,,3.3,153442,224.0,213.0,4,1.0,Partial Service,Gray,SUV,AWD,23.0,,2219,165
Chevrolet,Silverado,2017,Petrol,Automatic,,112719,393.0,,2,0.0,Full Service,White,Truck,4WD,,,14080,117
BMW,3 Series,2015,Petrol,Automatic,2.1,35118,159.0,165.0,3,1.0,Full Service,,Sedan,FWD,32.0,,16030,141
Nissan,Sentra,2007,Petrol,Automatic,2.0,322867,161.0,158.0,5,0.0,Partial Service,White,Sedan,AWD,37.0,PA,500,237
Volkswagen,Tiguan,2020,Petrol,Automatic,2.2,43136,,,2,1.0,Partial Service,Green,SUV,RWD,36.0,PA,14421,81
Audi,A6,2014,Petrol,Automatic,2.2,258358,167.0,162.0,2,,Partial Service,,Sedan,AWD,32.0,,9052,153
Honda,CR-V,2021,Hybrid,Automatic,,21675,178.0,162.0,1,,No Service,,SUV,AWD,45.0,,18799,69
Ford,Mustang,2014,Petrol,Manual,4.9,100313,352.0,338.0,2,0.0,Full Service,Red,Coupe,RWD,18.0,,6689,153
Hyundai,Sonata,2007,Petrol,Automatic,2.1,208970,155.0,142.0,3,0.0,Partial Service,Red,Sedan,FWD,32.0,TX,500,237
Mercedes-Benz,E-Class,2017,Petrol,Automatic,1.8,116413,154.0,149.0,2,1.0,Full Service,White,Sedan,FWD,35.0,NY,21982,117
Audi,Q5,2006,Petrol,Automatic,2.4,177889,198.0,,2,1.0,Full Service,,SUV,AWD,34.0,IL,748,249
Audi,Q7,2009,Petrol,Automatic,2.9,166602,221.0,,4,0.0,Partial Service,Gray,SUV,AWD,31.0,NC,7567,213
Nissan,Altima,2006,Petrol,Automatic,1.4,192167,125.0,,4,1.0,Full Service,White,Sedan,FWD,43.0,NC,500,249
Audi,A4,2009,Petrol,,,336264,151.0,154.0,2,1.0,,Brown,Sedan,FWD,36.0,CA,500,213
Honda,Civic,2014,Petrol,Automatic,1.5,154687,121.0,,3,1.0,Partial Service,Gray,Sedan,FWD,38.0,NC,1079,153
Honda,Pilot,2012,Petrol,Automatic,2.1,126446,154.0,139.0,4,,Partial Service,White,SUV,AWD,31.0,,5719,177
Ford,Explorer,2022,Petrol,Automatic,2.3,17770,188.0,181.0,1,,Partial Service,Red,SUV,AWD,29.0,CA,28630,57
Nissan,Rogue,2021,Petrol,Automatic,3.3,15914,,253.0,1,0.0,Full Service,,SUV,AWD,28.0,FL,21304,69
Hyundai,Elantra,2014,Petrol,Automatic,2.0,47576,164.0,,2,0.0,,Black,Sedan,FWD,33.0,GA,5536,153
BMW,X3,2013,Petrol,,3.2,116310,255.0,231.0,3,0.0,,Red,SUV,AWD,,PA,10443,165
Chevrolet,Tahoe,2021,Petrol,Automatic,2.1,43912,182.0,172.0,1,0.0,Full Service,Green,SUV,AWD,36.0,GA,36006,69
Mercedes-Benz,E-Class,2018,Petrol,Automatic,2.4,80013,185.0,169.0,3,0.0,Partial Service,Blue,Sedan,AWD,30.0,IL,28153,105
Mercedes-Benz,GLE,2019,Petrol,Automatic,,46390,205.0,184.0,2,1.0,No Service,Gray,SUV,AWD,26.0,NC,26512,93
Hyundai,Elantra,2020,Hybrid,Automatic,2.1,47437,175.0,161.0,1,,Full Service,White,Sedan,FWD,49.0,IL,12478,81
Toyota,RAV4,2020,Petrol,Automatic,3.3,20871,236.0,224.0,2,0.0,Full Service,,SUV,RWD,27.0,NC,19704,81
Volkswagen,Passat,2011,Petrol,Manual,1.8,213041,,138.0,2,1.0,Partial Service,Silver,Sedan,AWD,37.0,,500,189
BMW,5 Series,2016,Petrol,Automatic,,144599,134.0,124.0,1,0.0,Full Service,Black,Sedan,FWD,36.0,MI,21908,129
Mercedes-Benz,GLC,2023,Petrol,,,1533,175.0,164.0,1,,Full Service,Green,SUV,FWD,29.0,CA,42347,45
Nissan,Sentra,2022,Petrol,Automatic,1.7,31567,,133.0,1,0.0,Full Service,Green,Sedan,FWD,39.0,,15848,57
BMW,X5,2010,Petrol,Automatic,2.2,155330,,163.0,3,,Full Service,Green,SUV,AWD,36.0,PA,9164,201
Hyundai,Sonata,2024,Petrol,Automatic,,100,137.0,,1,0.0,Full Service,,Sedan,FWD,38.0,MI,24104,33
Chevrolet,Equinox,2022,Electric,Automatic,0.0,24926,244.0,,1,0.0,Partial Service,Gray,SUV,AWD,108.0,PA,20409,57
Chevrolet,Tahoe,2018,Petrol,Automatic,2.8,46643,226.0,217.0,2,0.0,Partial Service,Red,SUV,AWD,30.0,FL,26190,105
Mercedes-Benz,GLE,2008,Petrol,Automatic,3.4,157448,245.0,230.0,4,1.0,Full Service,White,SUV,AWD,26.0,,6958,225
Ford,Escape,2018,Hybrid,Automatic,2.6,100,185.0,,1,0.0,No Service,Brown,SUV,AWD,56.0,NY,14082,105
Mercedes-Benz,GLC,2024,Petrol,Automatic,3.4,4568,263.0,239.0,1,0.0,Full Service,Green,SUV,AWD,20.0,GA,48655,33
Toyota,Corolla,2014,Petrol,Automatic,1.6,148710,129.0,,2,,No Service,Brown,Sedan,FWD,,MI,933,153
Toyota,Camry,2021,Petrol,Automatic,1.5,4502,,113.0,1,,,White,Sedan,FWD,37.0,NY,20737,69
Honda,CR-V,2009,Petrol,Manual,,230086,204.0,178.0,4,0.0,Full Service,Blue,SUV,AWD,23.0,NY,500,213
Ford,Mustang,2006,Petrol,Manual,3.5,192338,248.0,229.0,5,1.0,,Red,Coupe,RWD,24.0,OH,500,249
Audi,A4,2017,Petrol,Automatic,1.5,87986,133.0,123.0,3,0.0,Full Service,Silver,Sedan,FWD,41.0,MI,19470,117
Ford,Escape,2021,Petrol,Automatic,3.3,36944,,203.0,1,,Full Service,Blue,SUV,FWD,22.0,GA,19118,69
Toyota,Highlander,2022,Electric,Automatic,0.0,38409,328.0,360.0,1,0.0,Partial Service,Brown,SUV,AWD,114.0,CA,25710,57
Volkswagen,Tiguan,2011,Petrol,Manual,,107639,189.0,190.0,3,1.0,,Red,SUV,FWD,33.0,PA,3515,189
Honda,CR-V,2010,Petrol,Automatic,2.1,256077,172.0,168.0,4,1.0,Partial Service,Brown,SUV,AWD,,GA,500,201
Hyundai,Santa Fe,2017,Hybrid,Automatic,,58934,,209.0,1,0.0,Full Service,Gray,SUV,FWD,41.0,CA,15951,117
Chevrolet,Malibu,2008,Hybrid,Automatic,1.4,246490,110.0,100.0,4,1.0,,Blue,Sedan,FWD,56.0,MI,500,225
Ford,F-150,2013,Petrol,,4.7,195621,347.0,332.0,2,1.0,No Service,White,Truck,4WD,15.0,NC,2159,165
Mercedes-Benz,C-Class,2023,Diesel,Automatic,1.9,19629,140.0,142.0,1,0.0,Partial Service,Brown,Sedan,FWD,35.0,NY,35372,45
Toyota,Camry,2018,Hybrid,Automatic,1.9,56500,162.0,153.0,2,0.0,Partial Service,Red,Sedan,FWD,,PA,12298,105
Nissan,Altima,2010,Petrol,,1.8,84662,142.0,,3,1.0,No Service,,Sedan,FWD,39.0,MI,2309,201
Audi,A4,2023,Petrol,Automatic,2.0,15310,158.0,,1,0.0,Full Service,Gray,Sedan,FWD,36.0,MI,39890,45
Volkswagen,Golf,2010,Petrol,Automatic,2.4,164652,197.0,187.0,3,1.0,Full Service,Gray,Hatchback,FWD,31.0,GA,500,201
Honda,CR-V,2013,Petrol,Automatic,2.4,48518,190.0,188.0,3,1.0,Partial Service,Blue,SUV,AWD,,CA,7370,165
Toyota,RAV4,2022,Petrol,Automatic,2.6,41169,,199.0,1,,Partial Service,Green,SUV,AWD,32.0,,22345,57
BMW,3 Series,2019,Petrol,Automatic,1.7,54825,132.0,112.0,1,0.0,Partial Service,Silver,Sedan,AWD,40.0,PA,24899,93
Ford,Mustang,2012,Diesel,Automatic,5.0,134452,377.0,338.0,1,,Full Service,Red,Coupe,RWD,13.0,,3120,177
Mercedes-Benz,GLE,2008,Petrol,Manual,2.3,231512,179.0,183.0,4,1.0,Full Service,,SUV,AWD,31.0,NC,3855,225
Mercedes-Benz,GLE,2021,Petrol,Automatic,2.4,53293,173.0,158.0,1,0.0,No Service,Silver,SUV,AWD,30.0,MI,39649,69
Ford,Mustang,2013,Petrol,Manual,,189374,304.0,,3,,No Service,Gray,Coupe,RWD,19.0,CA,1264,165
Audi,Q7,2017,Petrol,Automatic,2.8,153164,,,1,0.0,Full Service,Blue,SUV,AWD,31.0,OH,27179,117
Chevrolet,Silverado,2006,Petrol,Automatic,5.4,182108,416.0,404.0,5,0.0,Partial Service,Gray,Truck,4WD,10.0,,500,249
Mercedes-Benz,C-Class,2010,Petrol,Automatic,,286125,140.0,120.0,4,1.0,Full Service,Blue,Sedan,FWD,34.0,IL,500,201
Hyundai,Sonata,2019,Petrol,Automatic,1.6,66556,128.0,107.0,2,0.0,Full Service,Red,Sedan,FWD,39.0,GA,12302,93
Volkswagen,Atlas,2013,Petrol,,,138899,,162.0,3,0.0,Partial Service,,SUV,RWD,32.0,OH,6024,165
Ford,Explorer,2005,Petrol,Automatic,2.3,140587,189.0,171.0,4,1.0,Partial Service,Brown,SUV,AWD,26.0,,500,261
Mercedes-Benz,GLE,2010,Petrol,Manual,2.6,235548,185.0,166.0,3,1.0,Partial Service,Green,SUV,AWD,29.0,PA,5944,201
Mercedes-Benz,E-Class,2005,Petrol,Manual,,148110,142.0,149.0,4,1.0,,Blue,Sedan,FWD,,,2968,261
Toyota,Camry,2007,Petrol,Automatic,2.2,107637,159.0,138.0,2,1.0,Full Service,Gray,Sedan,AWD,,GA,602,237
Chevrolet,Equinox,2016,Diesel,,3.4,10940,266.0,262.0,3,1.0,Full Service,Red,SUV,AWD,28.0,NC,11505,129
Mercedes-Benz,E-Class,2008,Petrol,,1.4,161173,131.0,128.0,5,1.0,Partial Service,,Sedan,FWD,34.0,NY,5179,225
Volkswagen,Atlas,2019,Petrol,Automatic,,52627,193.0,171.0,2,0.0,Partial Service,Red,SUV,FWD,33.0,MI,19588,93
Ford,Explorer,2005,Petrol,Automatic,2.6,340067,209.0,,4,1.0,Full Service,Black,SUV,AWD,,GA,500,261
Toyota,Camry,2021,Petrol,Automatic,2.1,57629,172.0,167.0,1,0.0,Partial Service,Green,Sedan,FWD,36.0,OH,15912,69
Mercedes-Benz,GLE,2016,Diesel,Automatic,3.4,161889,269.0,253.0,2,1.0,Partial Service,Green,SUV,AWD,26.0,NY,18443,129
Hyundai,Tucson,2011,Petrol,Manual,3.5,203389,272.0,240.0,3,0.0,No Service,Green,SUV,AWD,23.0,NY,500,189
Honda,Pilot,2016,Electric,,0.0,195148,,364.0,2,1.0,Partial Service,Green,SUV,AWD,122.0,,7117,129
Chevrolet,Equinox,2008,Petrol,Manual,2.8,291291,,198.0,4,1.0,Partial Service,Gray,SUV,AWD,30.0,IL,500,225
BMW,5 Series,2017,Hybrid,Automatic,2.3,75892,173.0,,1,,Partial Service,Silver,Sedan,AWD,43.0,FL,21930,117
Chevrolet,Malibu,2023,Petrol,Automatic,2.3,13779,190.0,172.0,1,0.0,No Service,Brown,Sedan,AWD,33.0,OH,17957,45
Mercedes-Benz,GLE,2020,Petrol,Automatic,2.4,28025,176.0,172.0,1,0.0,Partial Service,Red,SUV,AWD,32.0,GA,41047,81
Honda,Civic,2021,Petrol,Automatic,1.5,39417,128.0,94.0,1,,No Service,Brown,Sedan,FWD,,OH,12005,69
Volkswagen,Golf,2013,Petrol,Automatic,1.7,97256,146.0,146.0,4,0.0,Full Service,Gray,Hatchback,FWD,37.0,CA,4502,165
Volkswagen,Atlas,2008,Petrol,Automatic,3.0,293242,221.0,206.0,3,1.0,,Brown,SUV,FWD,24.0,NC,500,225
Volkswagen,Passat,2005,Petrol,Manual,2.4,118608,182.0,165.0,4,1.0,Full Service,White,Sedan,FWD,30.0,TX,500,261
Hyundai,Sonata,2019,Petrol,,2.1,121635,182.0,155.0,3,1.0,Partial Service,Brown,Sedan,FWD,30.0,,7729,93
Toyota,Corolla,2006,Petrol,,2.0,77058,169.0,160.0,3,0.0,Full Service,Gray,Sedan,FWD,33.0,,642,249
Honda,Pilot,2005,Petrol,Automatic,2.3,246295,202.0,201.0,4,1.0,Partial Service,Black,SUV,AWD,33.0,,500,261
BMW,5 Series,2021,Petrol,Automatic,1.9,23108,146.0,126.0,1,0.0,Partial Service,Gray,Sedan,FWD,39.0,GA,40642,69
Audi,Q5,2012,Petrol,Automatic,3.3,147099,251.0,236.0,3,1.0,Full Service,Green,SUV,AWD,23.0,NY,7416,177
Chevrolet,Silverado,2016,Petrol,,,72773,335.0,328.0,1,0.0,Partial Service,Gray,Truck,4WD,18.0,,14154,129
Chevrolet,Tahoe,2008,Petrol,Automatic,2.5,27991,,189.0,3,,,Green,SUV,AWD,27.0,TX,9943,225
Toyota,Camry,2009,Petrol,Manual,1.5,361201,120.0,104.0,5,1.0,No Service,Blue,Sedan,FWD,37.0,IL,500,213
Audi,A4,2024,Petrol,Automatic,2.1,6548,152.0,146.0,1,0.0,Partial Service,Green,Sedan,FWD,36.0,TX,40900,33
BMW,X5,2010,Petrol,Automatic,2.2,40242,165.0,143.0,3,1.0,Partial Service,Blue,SUV,AWD,33.0,PA,12891,201
Hyundai,Santa Fe,2020,Diesel,,2.7,35972,215.0,,1,0.0,Partial Service,Red,SUV,AWD,,MI,23014,81
Ford,F-150,2016,Petrol,Automatic,4.4,160431,344.0,,2,,,Gray,Truck,4WD,13.0,FL,8038,129
Mercedes-Benz,GLC,2023,Hybrid,Automatic,2.2,11106,188.0,174.0,1,0.0,Partial Service,Brown,SUV,FWD,,OH,40542,45
Toyota,RAV4,2008,Petrol,Manual,2.9,100,232.0,231.0,3,,Full Service,,SUV,FWD,28.0,MI,6291,225
Hyundai,Santa Fe,2023,Hybrid,Automatic,3.4,22298,244.0,,1,0.0,Partial Service,White,SUV,AWD,36.0,TX,22714,45
Ford,F-150,2021,Petrol,Automatic,4.8,68927,356.0,330.0,1,0.0,,White,Truck,4WD,15.0,TX,21853,69
Audi,Q5,2019,Petrol,Automatic,2.6,46361,206.0,,1,0.0,Full Service,,SUV,AWD,,CA,27272,93
Audi,A6,2021,Petrol,Automatic,2.3,1784,199.0,,1,0.0,No Service,Gray,Sedan,FWD,33.0,GA,38523,69
Toyota,RAV4,2009,Petrol,,3.0,71417,,,5,0.0,Full Service,White,SUV,FWD,25.0,NY,4186,213
Chevrolet,Malibu,2005,Petrol,Automatic,1.7,116324,121.0,122.0,5,1.0,Partial Service,Green,Sedan,FWD,32.0,IL,500,261
Chevrolet,Malibu,2015,Petrol,Automatic,1.9,51725,153.0,137.0,4,1.0,Full Service,Gray,Sedan,FWD,37.0,TX,7208,141
Volkswagen,Passat,2020,Petrol,Automatic,,79007,144.0,150.0,1,,,,Sedan,FWD,37.0,GA,14320,81
Mercedes-Benz,E-Class,2014,Petrol,,,134519,175.0,168.0,3,,,Blue,Sedan,FWD,36.0,PA,17675,153
Hyundai,Santa Fe,2015,Petrol,Automatic,2.5,142684,202.0,195.0,1,0.0,Partial Service,White,SUV,AWD,31.0,GA,8120,141
Mercedes-Benz,GLE,2007,Hybrid,Automatic,3.3,43000,258.0,246.0,2,1.0,No Service,Green,SUV,AWD,30.0,NY,9494,237
Hyundai,Sonata,2023,Petrol,,2.0,4171,150.0,129.0,1,0.0,Full Service,Gray,Sedan,FWD,37.0,OH,22875,45
Volkswagen,Golf,2018,Petrol,Automatic,,135779,,118.0,2,1.0,Partial Service,,Hatchback,FWD,39.0,CA,6298,105
BMW,3 Series,2009,Petrol,Automatic,1.5,286292,111.0,121.0,4,0.0,Full Service,Gray,Sedan,AWD,40.0,GA,500,213
Toyota,Camry,2023,Petrol,,2.0,8561,165.0,154.0,1,0.0,Full Service,Black,Sedan,FWD,,GA,24951,45
Toyota,Corolla,2016,Hybrid,Automatic,2.1,52550,155.0,150.0,3,1.0,No Service,Brown,Sedan,FWD,38.0,,5508,129
Toyota,Corolla,2012,Petrol,Automatic,2.3,280375,168.0,151.0,2,0.0,Partial Service,Gray,Sedan,FWD,31.0,FL,500,177
Toyota,Highlander,2021,Petrol,Automatic,2.5,57851,176.0,161.0,1,0.0,Full Service,Red,SUV,AWD,28.0,PA,27651,69
Hyundai,Tucson,2013,Petrol,Automatic,2.2,173306,164.0,144.0,3,,,,SUV,AWD,,OH,1611,165
Mercedes-Benz,C-Class,2013,Petrol,Automatic,1.9,96737,171.0,167.0,4,1.0,Partial Service,Brown,Sedan,FWD,,,10367,165
Chevrolet,Tahoe,2013,Petrol,Automatic,,117179,198.0,189.0,2,1.0,Full Service,White,SUV,FWD,37.0,,12248,165
Chevrolet,Equinox,2021,Petrol,Automatic,2.6,86467,189.0,,1,0.0,Partial Service,,SUV,AWD,,NY,16104,69
Volkswagen,Atlas,2008,Petrol,Manual,3.4,353528,258.0,238.0,3,0.0,,,SUV,FWD,,IL,500,225
Audi,A6,2006,Petrol,Manual,2.3,290570,181.0,172.0,4,1.0,Partial Service,Gray,Sedan,FWD,33.0,,500,249
Volkswagen,Passat,2016,Petrol,,2.3,83363,175.0,,3,0.0,Full Service,Black,Sedan,FWD,34.0,CA,9575,129
Hyundai,Elantra,2024,Petrol,Automatic,1.8,4956,,144.0,1,0.0,Full Service,,Sedan,FWD,34.0,NY,19982,33
Mercedes-Benz,C-Class,2021,Petrol,Automatic,1.6,51165,158.0,158.0,1,0.0,Full Service,Black,Sedan,FWD,33.0,IL,31450,69
Volkswagen,Tiguan,2013,Petrol,Automatic,,97094,247.0,232.0,3,1.0,No Service,,SUV,AWD,28.0,IL,4597,165
Audi,A6,2006,Petrol,,1.4,93349,117.0,113.0,4,1.0,,Gray,Sedan,FWD,46.0,CA,6087,249
Mercedes-Benz,C-Class,2014,Petrol,Automatic,2.2,55521,165.0,147.0,2,0.0,No Service,,Sedan,FWD,32.0,GA,14287,153
BMW,3 Series,2023,Petrol,Automatic,,2430,173.0,162.0,1,0.0,Partial Service,Silver,Sedan,FWD,,TX,38968,45
Volkswagen,Tiguan,2016,Petrol,Automatic,2.8,127810,218.0,222.0,1,0.0,,Gray,SUV,AWD,34.0,IL,7580,129
Toyota,Highlander,2015,Diesel,Automatic,2.2,106431,165.0,,2,1.0,Partial Service,White,SUV,AWD,36.0,MI,9530,141
Mercedes-Benz,E-Class,2019,Petrol,Automatic,1.4,88062,98.0,79.0,2,0.0,,Red,Sedan,FWD,34.0,PA,34768,93
BMW,5 Series,2013,Petrol,Automatic,2.4,106354,181.0,174.0,3,1.0,No Service,Red,Sedan,FWD,35.0,OH,12645,165
Ford,Mustang,2012,Petrol,Manual,4.0,134774,308.0,,2,1.0,Partial Service,Gray,Coupe,RWD,20.0,CA,2777,177
Audi,Q5,2005,Petrol,Automatic,2.4,177309,189.0,177.0,5,,Partial Service,Brown,SUV,AWD,34.0,OH,500,261
Hyundai,Tucson,2023,Petrol,Automatic,3.4,4375,230.0,217.0,1,0.0,,Silver,SUV,RWD,23.0,,22455,45
Toyota,Corolla,2006,Petrol,Automatic,1.5,50779,125.0,114.0,4,,Full Service,White,Sedan,FWD,,,1873,249
Hyundai,Elantra,2018,Hybrid,Automatic,1.9,87052,142.0,125.0,1,,Full Service,Green,Sedan,AWD,49.0,TX,8089,105
Mercedes-Benz,GLE,2009,Petrol,Manual,,55848,,,4,1.0,Full Service,Gray,SUV,AWD,37.0,IL,12721,213
Hyundai,Elantra,2006,Petrol,Automatic,,340533,122.0,128.0,4,,Partial Service,Black,Sedan,AWD,36.0,NY,500,249
Chevrolet,Silverado,2005,Petrol,Manual,4.1,227425,307.0,,5,1.0,Full Service,Brown,Truck,4WD,,IL,500,261
Audi,A6,2018,Petrol,Automatic,2.0,61517,179.0,164.0,1,0.0,Partial Service,,Sedan,FWD,33.0,TX,28311,105
Nissan,Sentra,2007,Petrol,Automatic,,266871,192.0,180.0,3,1.0,Partial Service,Brown,Sedan,FWD,27.0,IL,500,237
Ford,F-150,2018,Petrol,,3.5,43233,259.0,254.0,1,1.0,Full Service,Green,Truck,4WD,24.0,CA,15170,105
Hyundai,Elantra,2011,Petrol,Automatic,1.7,153111,136.0,121.0,4,1.0,Partial Service,Silver,Sedan,FWD,40.0,CA,500,189
Nissan,Pathfinder,2012,Petrol,Automatic,,215483,183.0,172.0,2,,No Service,Silver,SUV,AWD,31.0,MI,1187,177
Chevrolet,Malibu,2012,Petrol,Automatic,1.8,146730,159.0,172.0,2,,,,Sedan,FWD,,NC,772,177
BMW,X3,2022,Petrol,Automatic,3.4,34382,261.0,,1,1.0,Full Service,Silver,SUV,FWD,26.0,GA,33271,57
Hyundai,Tucson,2008,Petrol,,3.5,203028,,263.0,4,1.0,Partial Service,Blue,SUV,AWD,22.0,,500,225
Volkswagen,Tiguan,2022,Hybrid,,2.5,100,201.0,193.0,1,0.0,No Service,Black,SUV,AWD,47.0,MI,20350,57
Mercedes-Benz,C-Class,2017,Hybrid,Automatic,,87921,,145.0,2,1.0,No Service,Blue,Sedan,FWD,41.0,GA,14590,117
Audi,A6,2024,Diesel,Automatic,,3120,156.0,159.0,1,0.0,,Gray,Sedan,FWD,35.0,MI,54412,33
Nissan,Altima,2007,Hybrid,,1.5,269745,134.0,135.0,4,0.0,Partial Service,Brown,Sedan,FWD,55.0,MI,500,237
Hyundai,Santa Fe,2015,Diesel,,,143637,225.0,202.0,2,0.0,Full Service,Blue,SUV,AWD,25.0,CA,7996,141
Honda,Accord,2020,Petrol,Automatic,2.4,36232,184.0,188.0,2,0.0,Partial Service,Silver,Sedan,AWD,31.0,NC,15210,81
Nissan,Altima,2023,Petrol,Automatic,1.4,7470,108.0,104.0,1,0.0,Full Service,White,Sedan,FWD,40.0,OH,11111,45
Honda,Civic,2005,Petrol,,1.7,325155,141.0,129.0,4,0.0,,,Sedan,AWD,40.0,NC,500,261
Chevrolet,Malibu,2024,Petrol,Automatic,2.4,100,180.0,,1,0.0,Full Service,Blue,Sedan,FWD,38.0,,23999,33
Hyundai,Santa Fe,2021,Hybrid,Automatic,3.2,29462,,,1,0.0,Partial Service,Red,SUV,AWD,39.0,NC,24109,69
Honda,Civic,2016,Petrol,Automatic,2.5,58151,174.0,177.0,3,0.0,,Brown,Sedan,AWD,33.0,NC,7480,129
Audi,A4,2024,Diesel,Automatic,2.0,3573,161.0,167.0,1,0.0,No Service,Black,Sedan,FWD,33.0,CA,37686,33
BMW,5 Series,2014,Petrol,Automatic,1.9,123890,119.0,125.0,3,1.0,,Blue,Sedan,FWD,30.0,,15600,153
Ford,Explorer,2018,Hybrid,,2.1,56064,,158.0,1,0.0,Partial Service,Black,SUV,FWD,45.0,TX,17656,105
Volkswagen,Passat,2023,Petrol,Automatic,1.9,5214,,150.0,1,0.0,Full Service,,Sedan,FWD,35.0,OH,23651,45
Nissan,Altima,2011,Diesel,,1.9,262176,156.0,148.0,5,1.0,Partial Service,Black,Sedan,AWD,34.0,,500,189
Toyota,Highlander,2006,Petrol,Automatic,2.7,237812,200.0,193.0,3,1.0,No Service,Blue,SUV,AWD,31.0,NC,500,249
Ford,Mustang,2010,Petrol,Manual,,117507,260.0,259.0,4,1.0,Partial Service,Silver,Coupe,RWD,17.0,CA,2055,201
Honda,Pilot,2010,Petrol,Automatic,3.3,65624,259.0,251.0,3,1.0,Partial Service,Red,SUV,AWD,26.0,FL,7054,201
Hyundai,Sonata,2019,Petrol,Automatic,2.2,74931,168.0,169.0,1,0.0,Partial Service,Green,Sedan,FWD,34.0,PA,13549,93
BMW,X3,2013,Petrol,Automatic,2.7,172853,199.0,187.0,3,,Partial Service,Silver,SUV,AWD,28.0,FL,9141,165
BMW,5 Series,2010,Petrol,Automatic,2.0,260987,155.0,144.0,3,0.0,Partial Service,Blue,Sedan,FWD,31.0,NY,3893,201
Chevrolet,Tahoe,2023,Petrol,Automatic,2.3,12470,176.0,156.0,1,0.0,Full Service,Blue,SUV,AWD,33.0,PA,45526,45
Ford,Explorer,2024,Petrol,,,816,162.0,164.0,1,0.0,Full Service,Blue,SUV,RWD,35.0,NY,37817,33
Nissan,Pathfinder,2006,Petrol,Automatic,,184446,234.0,212.0,4,0.0,Partial Service,,SUV,AWD,24.0,IL,500,249
Ford,Mustang,2007,Hybrid,Manual,3.1,220223,234.0,234.0,3,1.0,Full Service,Silver,Coupe,RWD,44.0,PA,500,237
Volkswagen,Passat,2014,Petrol,Automatic,1.7,123714,155.0,,3,0.0,,,Sedan,FWD,,PA,5693,153
Hyundai,Tucson,2014,Petrol,,2.6,155766,,178.0,3,1.0,,,SUV,AWD,34.0,FL,3065,153
BMW,5 Series,2009,Petrol,,1.4,183758,111.0,119.0,3,0.0,,,Sedan,FWD,37.0,OH,6322,213
Chevrolet,Malibu,2015,Petrol,Automatic,,108750,182.0,,2,0.0,No Service,White,Sedan,FWD,,,4981,141
Volkswagen,Tiguan,2005,Petrol,Automatic,3.0,153945,235.0,214.0,3,0.0,Full Service,Silver,SUV,AWD,23.0,FL,500,261
Nissan,Sentra,2010,Petrol,,2.1,157236,161.0,152.0,4,1.0,,,Sedan,FWD,34.0,,500,201
Ford,Explorer,2018,Petrol,,,131227,232.0,224.0,3,1.0,No Service,Blue,SUV,FWD,27.0,FL,10303,105
Audi,Q7,2018,Petrol,Automatic,2.4,74177,,180.0,3,0.0,,Blue,SUV,FWD,31.0,GA,31094,105
Nissan,Altima,2020,Petrol,Automatic,2.2,37782,164.0,173.0,3,0.0,Full Service,Gray,Sedan,FWD,29.0,GA,16343,81
Honda,CR-V,2005,Petrol,Automatic,3.1,274679,236.0,235.0,4,1.0,Partial Service,Red,SUV,FWD,24.0,PA,500,261
Nissan,Pathfinder,2011,Diesel,Automatic,2.4,151337,165.0,156.0,3,1.0,,Brown,SUV,RWD,32.0,GA,3368,189
Toyota,Corolla,2006,Petrol,Manual,2.5,143681,198.0,180.0,4,0.0,Partial Service,,Sedan,FWD,34.0,GA,500,249
Ford,Explorer,2018,Hybrid,Automatic,,72028,189.0,170.0,2,1.0,Full Service,Gray,SUV,FWD,35.0,NY,15027,105
BMW,X3,2010,Petrol,,3.3,207577,263.0,,4,1.0,Full Service,Brown,SUV,AWD,32.0,GA,3433,201
Mercedes-Benz,C-Class,2013,Petrol,Automatic,,103430,181.0,180.0,1,1.0,Partial Service,Blue,Sedan,FWD,,IL,10267,165
Ford,F-150,2020,Petrol,Automatic,5.6,38543,420.0,393.0,2,0.0,,Black,Truck,4WD,10.0,TX,22849,81
Mercedes-Benz,GLC,2022,Hybrid,Automatic,3.0,55618,238.0,,1,0.0,No Service,Red,SUV,AWD,,FL,30181,57
Mercedes-Benz,GLE,2009,Petrol,,3.1,215467,,,5,,Full Service,Brown,SUV,RWD,29.0,CA,6463,213
Toyota,Corolla,2006,Petrol,Manual,1.8,241423,168.0,164.0,5,1.0,,Silver,Sedan,FWD,36.0,OH,500,249
Toyota,Corolla,2016,Petrol,Automatic,1.8,80721,137.0,125.0,1,0.0,Partial Service,Gray,Sedan,FWD,40.0,OH,6900,129
BMW,5 Series,2015,Hybrid,Automatic,1.5,90166,136.0,,3,1.0,Full Service,Gray,Sedan,AWD,59.0,,19715,141
Volkswagen,Golf,2017,Petrol,Automatic,1.5,59727,140.0,123.0,2,,No Service,Blue,Hatchback,FWD,,MI,9200,117
Audi,Q7,2012,Petrol,Automatic,,120083,223.0,,3,0.0,Partial Service,Green,SUV,FWD,28.0,FL,14393,177
Chevrolet,Equinox,2013,Petrol,Automatic,2.9,138168,,224.0,3,1.0,No Service,Silver,SUV,AWD,,PA,2525,165
Hyundai,Santa Fe,2016,Petrol,Automatic,,122892,174.0,173.0,3,0.0,Full Service,Silver,SUV,AWD,33.0,OH,9789,129
Volkswagen,Golf,2020,Petrol,Automatic,1.6,25742,143.0,142.0,1,0.0,Full Service,Brown,Hatchback,FWD,40.0,OH,16266,81
Toyota,RAV4,2020,Petrol,,2.8,91902,229.0,214.0,1,0.0,Partial Service,Blue,SUV,AWD,28.0,TX,15283,81
Nissan,Pathfinder,2014,Petrol,Automatic,2.5,98959,218.0,205.0,3,0.0,Full Service,Green,SUV,FWD,33.0,IL,10065,153
Hyundai,Sonata,2023,Petrol,Automatic,1.7,100,132.0,138.0,1,0.0,,Blue,Sedan,FWD,34.0,OH,20799,45
Volkswagen,Passat,2011,Petrol,Automatic,,106722,146.0,,3,1.0,Partial Service,Blue,Sedan,FWD,38.0,PA,2993,189
Hyundai,Santa Fe,2017,Diesel,Automatic,2.3,72443,181.0,187.0,2,1.0,Full Service,Brown,SUV,AWD,32.0,OH,13397,117
Audi,A6,2016,Petrol,Automatic,,130164,147.0,150.0,2,0.0,Full Service,Green,Sedan,AWD,42.0,OH,22349,129
Volkswagen,Tiguan,2006,Petrol,Automatic,,177068,242.0,226.0,3,1.0,Partial Service,Black,SUV,AWD,23.0,CA,500,249
Chevrolet,Silverado,2005,Petrol,,5.4,163839,407.0,376.0,3,0.0,Partial Service,,Truck,4WD,10.0,NC,500,261
Ford,Mustang,2013,Diesel,Automatic,2.6,36432,200.0,195.0,2,1.0,Full Service,White,Coupe,RWD,34.0,GA,8505,165
Hyundai,Santa Fe,2022,Petrol,Automatic,2.5,13159,,193.0,1,0.0,Full Service,Silver,SUV,AWD,27.0,IL,26552,57
Volkswagen,Golf,2008,Petrol,,1.8,136270,146.0,152.0,4,1.0,,,Hatchback,FWD,38.0,FL,500,225
Chevrolet,Tahoe,2008,Petrol,Automatic,3.3,187149,258.0,250.0,2,0.0,Full Service,Blue,SUV,FWD,28.0,IL,4358,225
Audi,A6,2012,Petrol,Automatic,2.3,209463,177.0,166.0,2,1.0,Full Service,Silver,Sedan,AWD,31.0,TX,9384,177
Chevrolet,Tahoe,2009,Petrol,Automatic,3.1,219357,218.0,218.0,4,1.0,Full Service,Brown,SUV,AWD,25.0,GA,2836,213
Honda,Accord,2013,Petrol,Automatic,2.3,114897,169.0,148.0,3,0.0,Full Service,Blue,Sedan,AWD,33.0,MI,4547,165
Nissan,Rogue,2022,Petrol,Automatic,2.8,100,,204.0,1,0.0,Full Service,Red,SUV,RWD,32.0,MI,24692,57
Hyundai,Santa Fe,2005,Petrol,Automatic,2.5,214364,198.0,179.0,5,1.0,Partial Service,,SUV,AWD,27.0,CA,500,261
Audi,Q7,2024,Hybrid,Automatic,2.4,100,179.0,165.0,1,0.0,Full Service,,SUV,FWD,48.0,GA,61686,33
Nissan,Sentra,2018,Petrol,Automatic,2.1,118662,174.0,145.0,4,1.0,,White,Sedan,FWD,32.0,CA,4828,105
Nissan,Pathfinder,2012,Petrol,Automatic,3.3,175877,245.0,229.0,4,,Full Service,Green,SUV,AWD,26.0,NC,3182,177
Ford,Escape,2015,Petrol,Automatic,3.0,61344,236.0,197.0,3,0.0,Partial Service,Gray,SUV,FWD,23.0,IL,9488,141
Audi,Q5,2014,Petrol,Automatic,2.5,104097,196.0,180.0,2,0.0,Partial Service,Black,SUV,FWD,37.0,MI,13372,153
Mercedes-Benz,C-Class,2008,Petrol,Automatic,2.5,109941,189.0,,3,,Full Service,Silver,Sedan,AWD,30.0,GA,6920,225
Honda,Civic,2007,Petrol,Automatic,1.5,126995,131.0,135.0,5,1.0,Partial Service,Black,Sedan,FWD,39.0,NY,500,237
Mercedes-Benz,GLC,2008,Petrol,Automatic,,187824,198.0,,5,0.0,Full Service,Green,SUV,FWD,31.0,IL,2745,225
Toyota,Highlander,2010,Petrol,Automatic,2.1,161820,168.0,144.0,2,,Partial Service,Red,SUV,AWD,,,2530,201
Mercedes-Benz,GLC,2006,Petrol,Automatic,3.0,413569,229.0,186.0,5,0.0,Partial Service,Gray,SUV,FWD,,TX,500,249
Nissan,Rogue,2006,Petrol,Automatic,2.7,320346,203.0,191.0,4,0.0,Partial Service,Blue,SUV,AWD,25.0,,500,249
Audi,A4,2023,Petrol,,1.6,1857,137.0,,1,,,Red,Sedan,AWD,,PA,39126,45
Nissan,Sentra,2013,Petrol,,1.8,77777,127.0,132.0,2,1.0,Partial Service,Silver,Sedan,FWD,35.0,GA,3334,165
Mercedes-Benz,C-Class,2012,Petrol,Automatic,2.1,310054,160.0,,2,1.0,Partial Service,,Sedan,FWD,31.0,CA,500,177
Nissan,Pathfinder,2021,Petrol,Automatic,2.0,62743,149.0,137.0,1,0.0,Partial Service,Brown,SUV,AWD,,IL,23708,69
Hyundai,Santa Fe,2022,Electric,Automatic,0.0,14237,261.0,287.0,1,0.0,Full Service,Gray,SUV,AWD,106.0,IL,26560,57
Honda,CR-V,2014,Petrol,Automatic,2.1,10834,148.0,138.0,3,1.0,Full Service,Green,SUV,AWD,36.0,NC,10346,153
Nissan,Rogue,2012,Diesel,,2.4,250696,201.0,187.0,3,1.0,,Green,SUV,AWD,32.0,FL,500,177
Volkswagen,Golf,2014,Petrol,Automatic,2.1,206917,169.0,159.0,3,,Full Service,,Hatchback,FWD,30.0,NY,500,153
Toyota,Camry,2016,Petrol,Automatic,2.2,56837,171.0,169.0,3,0.0,Partial Service,,Sedan,FWD,36.0,IL,9689,129
Nissan,Pathfinder,2023,Petrol,Automatic,,30538,221.0,198.0,1,0.0,Full Service,Silver,SUV,AWD,27.0,NY,33001,45
BMW,X5,2019,Hybrid,Automatic,2.9,35719,214.0,200.0,2,1.0,Full Service,Black,SUV,FWD,42.0,TX,33917,93
Honda,Civic,2011,Petrol,Manual,2.4,98914,183.0,,4,0.0,No Service,Silver,Sedan,FWD,38.0,TX,1754,189
Volkswagen,Atlas,2023,Petrol,,3.0,1332,232.0,,1,,Full Service,Gray,SUV,AWD,23.0,NY,31522,45
Ford,F-150,2022,Petrol,Automatic,5.3,27301,,388.0,1,0.0,Full Service,Green,Truck,4WD,10.0,CA,26714,57
Volkswagen,Atlas,2010,Petrol,,2.5,122751,196.0,190.0,4,0.0,Full Service,Gray,SUV,AWD,31.0,IL,4481,201
Ford,Mustang,2008,Hybrid,,4.4,95578,341.0,328.0,4,0.0,,Brown,Coupe,RWD,28.0,PA,2449,225
Honda,CR-V,2014,Petrol,Automatic,3.2,18592,,207.0,2,1.0,Full Service,Green,SUV,AWD,23.0,FL,9463,153
Chevrolet,Malibu,2007,Hybrid,,,29019,192.0,177.0,2,0.0,Full Service,Gray,Sedan,AWD,39.0,NY,4185,237
Honda,Civic,2014,Petrol,Automatic,,99892,169.0,150.0,3,0.0,,Silver,Sedan,FWD,,OH,4276,153
BMW,3 Series,2022,Petrol,Automatic,2.0,35230,,156.0,1,0.0,,Brown,Sedan,FWD,,FL,33702,57
BMW,3 Series,2006,Petrol,,1.9,328191,143.0,118.0,4,1.0,No Service,Silver,Sedan,FWD,38.0,MI,500,249
Volkswagen,Atlas,2006,Petrol,Automatic,2.2,180887,174.0,146.0,3,1.0,Partial Service,White,SUV,AWD,31.0,NC,500,249
Toyota,Highlander,2020,Hybrid,Automatic,3.2,71324,248.0,243.0,2,1.0,Partial Service,Blue,SUV,FWD,47.0,FL,17334,81
BMW,3 Series,2020,Petrol,Automatic,2.3,73990,170.0,156.0,1,0.0,Partial Service,Red,Sedan,FWD,34.0,NC,25936,81
Volkswagen,Golf,2023,Petrol,,2.4,22153,198.0,172.0,1,0.0,Full Service,Silver,Hatchback,FWD,35.0,OH,19886,45
Volkswagen,Passat,2011,Petrol,Automatic,2.3,195047,175.0,158.0,3,1.0,Partial Service,Blue,Sedan,AWD,27.0,FL,500,189
Audi,Q5,2014,Petrol,Automatic,3.3,26313,,237.0,3,1.0,Full Service,Brown,SUV,AWD,26.0,NY,14150,153
BMW,X5,2019,Petrol,Automatic,2.9,82515,207.0,219.0,2,0.0,No Service,Green,SUV,AWD,,NC,32418,93
Honda,Civic,2013,Petrol,Automatic,2.4,77910,,187.0,3,,Partial Service,Blue,Sedan,FWD,36.0,OH,3954,165
Toyota,Highlander,2017,Petrol,Automatic,2.8,84375,220.0,201.0,2,0.0,Partial Service,Green,SUV,AWD,27.0,,13594,117
Honda,Accord,2005,Diesel,Manual,1.6,51637,145.0,132.0,4,0.0,Partial Service,,Sedan,FWD,36.0,PA,2578,261
BMW,X5,2018,Hybrid,Automatic,3.1,31442,224.0,222.0,2,,Partial Service,White,SUV,FWD,,IL,35309,105
Honda,CR-V,2016,Petrol,Automatic,3.3,93796,271.0,,2,,No Service,Black,SUV,AWD,25.0,NC,8772,129
Ford,Escape,2016,Petrol,Automatic,,136222,201.0,203.0,1,0.0,Partial Service,Brown,SUV,AWD,,NC,6291,129
Ford,Explorer,2024,Hybrid,Automatic,2.5,5386,197.0,176.0,1,0.0,Partial Service,Gray,SUV,AWD,37.0,OH,36335,33
Volkswagen,Golf,2005,Petrol,Automatic,2.1,267609,163.0,144.0,4,1.0,,Green,Hatchback,FWD,31.0,OH,500,261
Honda,Accord,2019,Diesel,Automatic,2.2,62397,169.0,150.0,3,1.0,Partial Service,Red,Sedan,FWD,33.0,MI,11616,93
Ford,Escape,2017,Petrol,Automatic,3.0,91077,226.0,208.0,1,,No Service,White,SUV,AWD,29.0,FL,9903,117
BMW,3 Series,2019,Diesel,Automatic,1.9,36692,158.0,,1,1.0,Full Service,,Sedan,FWD,36.0,NC,24163,93
Honda,Accord,2018,Electric,Automatic,0.0,93205,188.0,206.0,2,0.0,Full Service,Red,Sedan,FWD,104.0,MI,11134,105
BMW,X5,2009,Petrol,Automatic,3.4,171429,263.0,268.0,3,1.0,No Service,Silver,SUV,FWD,27.0,NY,5772,213
Toyota,Highlander,2011,Petrol,Manual,3.1,63386,260.0,223.0,2,1.0,Full Service,Green,SUV,AWD,21.0,NC,7819,189
Honda,CR-V,2011,Petrol,Automatic,3.5,75098,254.0,249.0,3,0.0,Full Service,Black,SUV,FWD,23.0,IL,6221,189
Audi,A4,2006,Petrol,Automatic,1.9,193774,142.0,127.0,4,,,Green,Sedan,FWD,39.0,IL,500,249
Volkswagen,Passat,2017,Diesel,,2.0,50000,163.0,159.0,2,,,Black,Sedan,FWD,31.0,PA,12722,117
Chevrolet,Silverado,2019,Petrol,Automatic,5.7,44888,421.0,,1,1.0,No Service,White,Truck,RWD,10.0,TX,16511,93
Hyundai,Elantra,2021,Electric,Automatic,0.0,12529,,360.0,1,,Partial Service,,Sedan,FWD,,,15627,69
Nissan,Altima,2022,Petrol,Automatic,1.5,100,,132.0,1,,Full Service,Brown,Sedan,FWD,40.0,NY,20528,57
Mercedes-Benz,C-Class,2015,Diesel,Automatic,1.8,26949,131.0,133.0,3,,,White,Sedan,AWD,36.0,GA,7813,141
BMW,X3,2020,Electric,Automatic,0.0,55383,371.0,,1,0.0,Full Service,Black,SUV,AWD,108.0,NC,29433,81
Toyota,Camry,2018,Petrol,Automatic,,91598,189.0,173.0,1,1.0,No Service,,Sedan,FWD,,CA,8099,105
Nissan,Rogue,2009,Petrol,Automatic,,161214,158.0,141.0,4,1.0,Partial Service,Black,SUV,AWD,28.0,NY,500,213
Chevrolet,Silverado,2020,Petrol,Automatic,3.6,41967,271.0,249.0,2,,Partial Service,Black,Truck,4WD,27.0,OH,18244,81
Toyota,Corolla,2020,Petrol,,1.9,100,,129.0,1,0.0,No Service,Silver,Sedan,FWD,36.0,PA,13166,81
Ford,F-150,2019,Diesel,Automatic,5.1,44527,387.0,357.0,2,0.0,Partial Service,,Truck,RWD,10.0,NC,18182,93
Toyota,Camry,2009,Petrol,Automatic,1.5,246420,,117.0,3,0.0,Full Service,Gray,Sedan,FWD,37.0,IL,500,213
Ford,F-150,2017,Diesel,Automatic,3.4,71688,260.0,252.0,3,0.0,No Service,Red,Truck,4WD,24.0,NY,11437,117
Chevrolet,Tahoe,2013,Diesel,,2.5,72092,186.0,159.0,1,0.0,,Red,SUV,AWD,,NC,15045,165
Audi,Q7,2005,Petrol,Automatic,2.9,131212,203.0,,4,1.0,Full Service,Red,SUV,AWD,26.0,,2130,261
Nissan,Altima,2013,Petrol,Automatic,,87334,177.0,181.0,3,1.0,Full Service,Blue,Sedan,FWD,28.0,CA,4702,165
Chevrolet,Equinox,2005,Petrol,Automatic,2.6,154518,210.0,182.0,5,0.0,Full Service,Gray,SUV,AWD,,NY,500,261
Toyota,RAV4,2021,Petrol,,,23346,195.0,,1,,Partial Service,,SUV,FWD,32.0,PA,16447,69
Honda,CR-V,2010,Petrol,Automatic,3.1,246344,242.0,233.0,2,1.0,Partial Service,,SUV,AWD,28.0,NY,500,201
Honda,CR-V,2022,Petrol,Automatic,2.4,20696,191.0,202.0,1,0.0,Partial Service,Red,SUV,AWD,32.0,NY,23364,57
Mercedes-Benz,C-Class,2012,Petrol,Automatic,1.9,178749,168.0,176.0,3,0.0,No Service,White,Sedan,FWD,,GA,8996,177
Nissan,Rogue,2008,Petrol,Automatic,3.1,103846,,,4,1.0,Full Service,Green,SUV,AWD,27.0,NC,1546,225
Hyundai,Elantra,2009,Hybrid,Automatic,1.7,102662,131.0,130.0,4,1.0,,Blue,Sedan,AWD,56.0,PA,500,213
Volkswagen,Passat,2015,Hybrid,Automatic,2.3,60623,165.0,128.0,3,0.0,,Red,Sedan,FWD,51.0,MI,9045,141
Nissan,Pathfinder,2013,Petrol,Automatic,3.0,62786,,,3,1.0,,,SUV,AWD,32.0,,8747,165
Audi,Q7,2006,Petrol,Automatic,,240385,191.0,206.0,4,0.0,No Service,,SUV,AWD,35.0,NC,725,249
Toyota,Corolla,2014,Petrol,Automatic,1.8,84635,,144.0,3,0.0,Full Service,,Sedan,FWD,34.0,IL,4541,153
Hyundai,Santa Fe,2008,Petrol,Automatic,2.4,78330,189.0,180.0,5,0.0,Full Service,,SUV,FWD,33.0,MI,4359,225
Toyota,Highlander,2009,Petrol,Automatic,,33676,195.0,176.0,3,0.0,Partial Service,Brown,SUV,AWD,26.0,,7395,213
Volkswagen,Passat,2005,Petrol,Automatic,2.2,188540,,161.0,5,0.0,No Service,Black,Sedan,FWD,28.0,NC,500,261
Ford,Mustang,2012,Petrol,Manual,,163794,315.0,287.0,2,0.0,Partial Service,,Coupe,RWD,15.0,FL,1586,177
Mercedes-Benz,GLE,2021,Petrol,Automatic,2.4,100,,187.0,1,1.0,Full Service,Silver,SUV,AWD,25.0,OH,42986,69
BMW,X3,2006,Petrol,Automatic,3.0,198504,227.0,194.0,3,0.0,Full Service,Gray,SUV,RWD,25.0,GA,500,249
Ford,Mustang,2023,Petrol,Automatic,4.4,27804,329.0,319.0,1,0.0,Full Service,Brown,Coupe,RWD,,MI,24925,45
Nissan,Rogue,2011,Petrol,Automatic,3.0,121904,207.0,189.0,3,1.0,No Service,White,SUV,RWD,27.0,FL,2330,189
Hyundai,Elantra,2021,Petrol,Automatic,1.7,23018,144.0,,1,,No Service,White,Sedan,FWD,36.0,CA,13043,69
Chevrolet,Silverado,2017,Diesel,Automatic,3.0,134868,226.0,233.0,3,0.0,Partial Service,Silver,Truck,RWD,,IL,10853,117
Nissan,Pathfinder,2013,Petrol,Automatic,2.3,166415,187.0,175.0,3,1.0,Full Service,Gray,SUV,AWD,37.0,MI,4526,165
Toyota,Corolla,2015,Hybrid,Automatic,2.0,118988,168.0,154.0,2,,,Black,Sedan,FWD,,CA,2716,141
Volkswagen,Golf,2019,Hybrid,Automatic,,9608,204.0,186.0,1,0.0,Partial Service,Gray,Hatchback,FWD,38.0,PA,13508,93
Volkswagen,Atlas,2016,Diesel,Automatic,2.5,79692,199.0,184.0,2,1.0,,Brown,SUV,AWD,,FL,12865,129
Nissan,Rogue,2005,Petrol,Automatic,2.9,263930,235.0,227.0,5,0.0,Full Service,,SUV,AWD,28.0,OH,500,261
Ford,Explorer,2010,Petrol,Automatic,3.0,4652,,220.0,4,,No Service,Black,SUV,FWD,23.0,GA,7207,201
Toyota,RAV4,2017,Diesel,Automatic,2.7,56193,202.0,206.0,1,,,,SUV,AWD,28.0,IL,12437,117
Audi,Q5,2005,Petrol,,2.8,172746,226.0,206.0,4,1.0,,Brown,SUV,AWD,28.0,CA,500,261
Honda,Pilot,2007,Petrol,Manual,,206952,207.0,197.0,5,1.0,Partial Service,Gray,SUV,AWD,,IL,500,237
Volkswagen,Tiguan,2015,Hybrid,Automatic,2.9,121425,220.0,193.0,2,1.0,,Black,SUV,AWD,43.0,TX,6429,141
Toyota,Corolla,2020,Hybrid,Automatic,2.3,1022,190.0,189.0,2,0.0,Full Service,Black,Sedan,FWD,46.0,TX,14531,81
Volkswagen,Golf,2011,Petrol,Automatic,1.5,156923,127.0,,1,1.0,Partial Service,Gray,Hatchback,FWD,40.0,NY,500,189
Nissan,Rogue,2010,Hybrid,Automatic,2.5,176456,197.0,196.0,5,0.0,Partial Service,Blue,SUV,AWD,44.0,TX,500,201
Toyota,Highlander,2024,Petrol,Automatic,,653,238.0,221.0,1,0.0,Full Service,,SUV,FWD,29.0,IL,33699,33
Mercedes-Benz,C-Class,2010,Petrol,Automatic,,25495,150.0,137.0,4,,Full Service,Blue,Sedan,FWD,37.0,MI,9895,201
Chevrolet,Malibu,2019,Petrol,,1.6,80842,,108.0,1,0.0,No Service,Black,Sedan,FWD,39.0,MI,9400,93
Honda,CR-V,2009,Petrol,Manual,2.9,238974,228.0,229.0,3,1.0,Full Service,Silver,SUV,FWD,28.0,CA,500,213
Honda,Civic,2019,Petrol,,1.5,49078,129.0,132.0,1,0.0,No Service,Gray,Sedan,AWD,39.0,PA,10693,93
Hyundai,Sonata,2007,Petrol,Automatic,1.4,89909,106.0,93.0,4,1.0,Partial Service,Green,Sedan,FWD,,MI,1061,237
Audi,Q7,2016,Petrol,Automatic,,135823,239.0,205.0,2,,Full Service,Gray,SUV,RWD,25.0,GA,22005,129
Toyota,Corolla,2014,Petrol,,1.8,163366,134.0,124.0,2,0.0,No Service,White,Sedan,FWD,36.0,OH,500,153
Volkswagen,Tiguan,2010,Petrol,Automatic,3.3,209033,234.0,,3,1.0,No Service,White,SUV,AWD,24.0,FL,500,201
Toyota,Highlander,2018,Petrol,,2.7,56743,200.0,,2,1.0,,Red,SUV,FWD,,NC,16939,105
Honda,Pilot,2013,Petrol,Automatic,3.4,121727,246.0,,4,,Partial Service,,SUV,AWD,,FL,6732,165
Hyundai,Sonata,2006,Petrol,Automatic,,222036,179.0,188.0,4,0.0,,Blue,Sedan,FWD,36.0,GA,500,249
Nissan,Pathfinder,2014,Petrol,Automatic,,89381,273.0,250.0,3,1.0,Partial Service,Brown,SUV,AWD,,NC,8051,153
Ford,Explorer,2014,Diesel,Automatic,2.8,141826,209.0,194.0,4,1.0,No Service,,SUV,FWD,29.0,MI,5322,153
Toyota,Highlander,2009,Petrol,Manual,3.3,214461,243.0,,4,1.0,Full Service,Green,SUV,AWD,24.0,NC,500,213
Nissan,Pathfinder,2024,Petrol,Automatic,,100,261.0,245.0,1,0.0,Full Service,,SUV,AWD,20.0,NC,35868,33
Ford,Mustang,2014,Petrol,,3.2,31476,237.0,219.0,3,1.0,,Red,Coupe,RWD,25.0,CA,7902,153
Volkswagen,Tiguan,2015,Petrol,Automatic,2.9,125804,221.0,,4,0.0,Partial Service,Green,SUV,AWD,27.0,IL,6299,141
Hyundai,Santa Fe,2013,Petrol,Automatic,2.3,78527,172.0,,2,0.0,Full Service,,SUV,FWD,33.0,GA,9509,165
Volkswagen,Golf,2016,Electric,Automatic,0.0,191279,312.0,343.0,2,,No Service,Black,Hatchback,FWD,109.0,MI,1646,129
Chevrolet,Malibu,2006,Petrol,Manual,2.3,306013,,178.0,5,0.0,Partial Service,Green,Sedan,FWD,27.0,NY,500,249
Audi,Q7,2007,Petrol,Automatic,2.6,209956,188.0,164.0,3,1.0,,,SUV,FWD,30.0,CA,2774,237
Chevrolet,Equinox,2006,Petrol,Automatic,,298923,186.0,182.0,4,1.0,Full Service,Green,SUV,RWD,31.0,MI,500,249
Toyota,Highlander,2020,Petrol,Automatic,2.8,41033,227.0,,1,,Partial Service,White,SUV,FWD,33.0,NC,20459,81
Mercedes-Benz,E-Class,2020,Petrol,Automatic,2.1,74216,,156.0,1,1.0,Full Service,Green,Sedan,FWD,34.0,FL,34464,81
Toyota,Camry,2005,Diesel,,2.3,188727,182.0,174.0,5,,Full Service,Green,Sedan,FWD,32.0,CA,500,261
Hyundai,Santa Fe,2014,Petrol,Automatic,3.3,124589,259.0,251.0,3,1.0,Partial Service,Blue,SUV,AWD,29.0,FL,6221,153
Toyota,Camry,2011,Petrol,Automatic,1.7,157038,117.0,112.0,2,0.0,No Service,Gray,Sedan,FWD,41.0,NC,582,189
Nissan,Sentra,2015,Petrol,Automatic,1.8,167379,177.0,171.0,3,1.0,Full Service,Red,Sedan,FWD,33.0,FL,918,141
Nissan,Pathfinder,2013,Petrol,Automatic,2.4,256639,180.0,181.0,2,,Full Service,White,SUV,FWD,33.0,NC,717,165
Nissan,Altima,2007,Petrol,Manual,2.0,192866,,,4,0.0,,Blue,Sedan,FWD,35.0,FL,500,237
Audi,A6,2014,Petrol,Automatic,1.5,14907,123.0,116.0,3,0.0,No Service,White,Sedan,AWD,39.0,IL,20701,153
Chevrolet,Tahoe,2009,Petrol,Automatic,2.6,232345,213.0,195.0,3,0.0,Full Service,Silver,SUV,AWD,30.0,CA,2662,213
Mercedes-Benz,C-Class,2012,Petrol,Automatic,2.5,153791,196.0,191.0,2,1.0,Full Service,Brown,Sedan,FWD,32.0,GA,7518,177
BMW,3 Series,2009,Diesel,,2.1,199344,170.0,158.0,4,,Partial Service,Gray,Sedan,FWD,32.0,MI,1932,213
Volkswagen,Golf,2013,Petrol,Automatic,,104800,126.0,125.0,2,1.0,,Blue,Hatchback,AWD,41.0,MI,3365,165
Mercedes-Benz,C-Class,2014,Petrol,Automatic,1.5,164857,118.0,98.0,3,0.0,Full Service,Brown,Sedan,FWD,33.0,CA,11268,153
Mercedes-Benz,C-Class,2011,Petrol,,,109256,179.0,160.0,4,1.0,No Service,Black,Sedan,FWD,30.0,MI,6505,189
Chevrolet,Malibu,2006,Petrol,Automatic,2.0,291253,162.0,164.0,5,1.0,Partial Service,,Sedan,FWD,29.0,FL,500,249
Chevrolet,Malibu,2009,Petrol,Manual,1.7,228543,107.0,,4,0.0,,White,Sedan,FWD,35.0,OH,500,213
Hyundai,Elantra,2017,Diesel,Automatic,2.3,57504,,212.0,1,1.0,,Brown,Sedan,FWD,33.0,CA,7620,117
Toyota,Camry,2008,Petrol,Automatic,2.5,237459,,,3,0.0,Partial Service,Silver,Sedan,FWD,27.0,NY,500,225
BMW,3 Series,2024,Petrol,Automatic,1.8,1898,146.0,131.0,1,,,Red,Sedan,FWD,35.0,MI,35762,33
Audi,A4,2022,Electric,Automatic,0.0,23590,286.0,314.0,1,0.0,No Service,Brown,Sedan,FWD,111.0,NC,28027,57
Toyota,Camry,2022,Petrol,Automatic,2.4,19186,195.0,174.0,1,,No Service,White,Sedan,FWD,36.0,MI,18136,57
Volkswagen,Passat,2005,Petrol,Manual,,210750,115.0,99.0,4,1.0,,Gray,Sedan,FWD,39.0,TX,500,261
Honda,Civic,2019,Petrol,Automatic,1.8,23935,,122.0,2,0.0,Full Service,Red,Sedan,FWD,35.0,NC,13672,93
Ford,Mustang,2023,Petrol,Manual,3.7,12235,292.0,257.0,1,0.0,,Red,Coupe,RWD,22.0,PA,24874,45
Hyundai,Elantra,2005,Petrol,Automatic,,111358,,139.0,5,1.0,,Black,Sedan,FWD,35.0,OH,500,261
Audi,A6,2005,Petrol,Automatic,,217421,179.0,177.0,5,0.0,No Service,Green,Sedan,FWD,31.0,,500,261
BMW,X5,2023,Electric,Automatic,0.0,6209,246.0,270.0,1,,,Red,SUV,AWD,121.0,NY,55690,45
Ford,Escape,2021,Petrol,Automatic,2.7,49860,229.0,,1,0.0,Full Service,Green,SUV,AWD,34.0,CA,18238,69
Mercedes-Benz,GLC,2021,Petrol,Automatic,3.3,3287,256.0,245.0,1,,Partial Service,Blue,SUV,AWD,22.0,NC,34371,69
BMW,5 Series,2015,Electric,Automatic,0.0,166017,289.0,317.0,2,1.0,Full Service,Green,Sedan,AWD,97.0,CA,14066,141
Mercedes-Benz,GLE,2023,Petrol,Automatic,3.0,14370,236.0,208.0,1,0.0,Full Service,Blue,SUV,AWD,26.0,TX,63827,45
Nissan,Sentra,2015,Hybrid,,,122356,154.0,139.0,3,0.0,,Red,Sedan,AWD,47.0,FL,2704,141
Ford,F-150,2020,Petrol,Automatic,3.4,57779,262.0,234.0,1,0.0,Partial Service,,Truck,4WD,21.0,CA,19309,81
Hyundai,Santa Fe,2009,Petrol,Manual,2.4,117845,173.0,162.0,4,0.0,No Service,,SUV,AWD,29.0,NY,2825,213
Toyota,Corolla,2006,Petrol,Automatic,2.0,237223,,149.0,4,1.0,Full Service,Gray,Sedan,FWD,29.0,FL,500,249
BMW,X5,2016,Diesel,Automatic,2.8,100,210.0,205.0,3,1.0,Full Service,Green,SUV,AWD,24.0,,26804,129
Honda,Accord,2015,Petrol,Automatic,2.4,160802,172.0,148.0,2,,,Green,Sedan,FWD,,CA,4079,141
Mercedes-Benz,GLC,2019,Petrol,,2.9,77521,230.0,213.0,1,0.0,Partial Service,Blue,SUV,AWD,25.0,,29280,93
BMW,5 Series,2007,Petrol,Manual,2.3,134973,174.0,143.0,3,1.0,Full Service,Gray,Sedan,FWD,34.0,GA,5289,237
Toyota,Corolla,2024,Petrol,Automatic,2.2,4010,190.0,195.0,1,0.0,No Service,Gray,Sedan,FWD,31.0,NY,18028,33
Hyundai,Elantra,2019,Electric,Automatic,,35082,,371.0,2,,No Service,Brown,Sedan,FWD,96.0,,8992,93
Chevrolet,Silverado,2013,Petrol,Automatic,5.6,157997,402.0,368.0,4,1.0,No Service,,Truck,RWD,10.0,IL,3980,165
BMW,X5,2017,Petrol,Automatic,2.7,82098,210.0,,2,1.0,Partial Service,Gray,SUV,AWD,27.0,NY,23145,117
Volkswagen,Tiguan,2022,Diesel,,3.1,43168,,211.0,1,0.0,Full Service,,SUV,AWD,,IL,21615,57
Toyota,RAV4,2012,Petrol,Automatic,2.7,131339,189.0,159.0,3,1.0,,Red,SUV,AWD,29.0,CA,3099,177
Toyota,Corolla,2017,Electric,Automatic,0.0,62678,382.0,420.0,2,0.0,Full Service,,Sedan,FWD,100.0,PA,8727,117
Nissan,Sentra,2007,Petrol,,2.2,354637,174.0,168.0,3,1.0,,Blue,Sedan,FWD,35.0,IL,500,237
Hyundai,Tucson,2017,Diesel,Automatic,3.1,73205,227.0,211.0,3,1.0,Partial Service,Black,SUV,FWD,25.0,,9279,117
Honda,Accord,2009,Petrol,,2.2,155263,169.0,165.0,4,,Partial Service,Silver,Sedan,FWD,37.0,MI,500,213
BMW,X3,2014,Diesel,Automatic,,68511,151.0,,3,0.0,No Service,Red,SUV,AWD,,,13762,153
Hyundai,Sonata,2005,Petrol,Manual,1.7,413415,130.0,121.0,3,1.0,Partial Service,Red,Sedan,FWD,36.0,PA,500,261
Ford,Escape,2021,Petrol,Automatic,2.6,24971,195.0,,1,0.0,Partial Service,Green,SUV,AWD,24.0,CA,19961,69
Chevrolet,Malibu,2008,Diesel,Automatic,2.3,152887,195.0,160.0,3,0.0,Full Service,Red,Sedan,AWD,35.0,GA,500,225
Mercedes-Benz,E-Class,2015,Petrol,Automatic,1.8,68896,138.0,134.0,2,1.0,,Red,Sedan,FWD,,GA,21191,141
Toyota,Corolla,2008,Diesel,Automatic,2.4,150024,200.0,198.0,3,1.0,Full Service,Silver,Sedan,FWD,,PA,500,225
BMW,5 Series,2021,Petrol,Automatic,,34917,171.0,160.0,1,0.0,Partial Service,Green,Sedan,FWD,,OH,40683,69
BMW,X3,2019,Petrol,Automatic,2.7,100,224.0,,2,0.0,No Service,Black,SUV,AWD,,CA,25658,93
Hyundai,Sonata,2007,Petrol,Automatic,,213841,122.0,,3,,Partial Service,Black,Sedan,AWD,,FL,500,237
Nissan,Pathfinder,2020,Hybrid,Automatic,3.4,37869,258.0,259.0,2,0.0,Full Service,,SUV,AWD,,MI,21019,81
Ford,Escape,2012,Petrol,Automatic,2.3,110265,,187.0,3,1.0,Full Service,Gray,SUV,AWD,33.0,NC,3512,177
Mercedes-Benz,E-Class,2012,Petrol,Automatic,2.4,128298,189.0,170.0,1,0.0,Partial Service,Silver,Sedan,AWD,34.0,MI,14119,177
Audi,A4,2011,Petrol,Automatic,,174335,125.0,126.0,2,1.0,Full Service,White,Sedan,FWD,36.0,NY,4176,189
Mercedes-Benz,E-Class,2005,Petrol,Manual,2.0,200116,156.0,146.0,4,0.0,Partial Service,White,Sedan,FWD,35.0,NY,1403,261
Mercedes-Benz,GLE,2005,Petrol,Automatic,3.0,314270,209.0,193.0,5,1.0,Full Service,Silver,SUV,AWD,31.0,NY,500,261
Volkswagen,Golf,2008,Petrol,Automatic,2.3,119020,197.0,196.0,5,1.0,No Service,Silver,Hatchback,AWD,31.0,TX,500,225
BMW,5 Series,2017,Petrol,Automatic,1.8,65031,172.0,163.0,3,,Partial Service,Gray,Sedan,FWD,32.0,,25802,117
Hyundai,Elantra,2007,Diesel,,1.7,138884,142.0,114.0,5,1.0,Full Service,Gray,Sedan,AWD,33.0,,500,237
Ford,Escape,2019,Petrol,Automatic,2.8,93685,221.0,219.0,3,0.0,Partial Service,White,SUV,FWD,,,12438,93
Ford,F-150,2007,Petrol,Automatic,,183038,363.0,325.0,4,0.0,Partial Service,Silver,Truck,4WD,11.0,NC,500,237
Mercedes-Benz,GLC,2017,Petrol,Automatic,2.4,103384,178.0,169.0,1,1.0,Full Service,,SUV,AWD,30.0,MI,17757,117
BMW,X5,2012,Petrol,Automatic,3.0,141616,206.0,207.0,1,1.0,,Blue,SUV,AWD,29.0,NY,12724,177
Toyota,Highlander,2009,Petrol,Automatic,2.1,124364,168.0,150.0,3,,No Service,Red,SUV,AWD,30.0,OH,3185,213
Mercedes-Benz,GLE,2006,Petrol,Manual,,195950,192.0,172.0,5,1.0,No Service,Black,SUV,FWD,36.0,TX,2795,249
Hyundai,Santa Fe,2021,Hybrid,,2.2,19868,189.0,210.0,1,0.0,Partial Service,Red,SUV,AWD,56.0,MI,23772,69
BMW,X5,2022,Hybrid,Automatic,2.3,1804,193.0,172.0,1,0.0,Full Service,Green,SUV,AWD,54.0,GA,55393,57
Chevrolet,Silverado,2021,Petrol,Automatic,3.5,30772,259.0,236.0,1,0.0,Full Service,Blue,Truck,4WD,26.0,,25956,69
Hyundai,Sonata,2011,Petrol,Automatic,1.8,193132,130.0,,4,1.0,Full Service,Green,Sedan,FWD,,IL,500,189
Chevrolet,Silverado,2008,Petrol,Automatic,5.1,155273,363.0,354.0,5,1.0,Full Service,Brown,Truck,4WD,10.0,OH,830,225
Hyundai,Santa Fe,2017,Petrol,Automatic,2.0,82014,170.0,159.0,3,1.0,Full Service,White,SUV,AWD,32.0,TX,11871,117
Honda,Civic,2017,Hybrid,Automatic,2.5,100,195.0,186.0,1,0.0,Full Service,Red,Sedan,AWD,47.0,MI,11590,117
Hyundai,Santa Fe,2011,Petrol,Automatic,2.6,231272,194.0,183.0,3,,Full Service,Gray,SUV,AWD,35.0,MI,500,189
Audi,Q7,2013,Petrol,Automatic,,125812,191.0,185.0,3,0.0,Full Service,Brown,SUV,AWD,36.0,,17233,165
Audi,Q7,2024,Petrol,Automatic,3.5,6331,272.0,263.0,1,0.0,,Green,SUV,FWD,26.0,,58641,33
Toyota,RAV4,2011,Petrol,Manual,2.2,289854,177.0,176.0,3,0.0,,,SUV,AWD,37.0,GA,500,189
Mercedes-Benz,GLC,2010,Petrol,,2.2,128026,180.0,174.0,2,1.0,Full Service,White,SUV,FWD,38.0,NY,6365,201
Honda,Pilot,2012,Petrol,Automatic,3.5,162879,,271.0,2,0.0,,Silver,SUV,RWD,22.0,TX,4926,177
Audi,Q7,2008,Petrol,Automatic,3.4,140954,224.0,206.0,4,0.0,,Gray,SUV,AWD,24.0,PA,7727,225
Hyundai,Tucson,2012,Petrol,,2.5,120136,185.0,189.0,3,0.0,,Silver,SUV,AWD,32.0,FL,3349,177
Chevrolet,Malibu,2011,Petrol,Automatic,1.4,155630,111.0,109.0,3,,No Service,,Sedan,FWD,39.0,,500,189
Audi,Q5,2022,Petrol,Automatic,3.3,14623,261.0,228.0,1,0.0,Full Service,White,SUV,RWD,24.0,TX,38841,57
Ford,Escape,2023,Petrol,Automatic,2.9,41612,223.0,211.0,1,0.0,Full Service,Brown,SUV,AWD,,PA,22174,45
Nissan,Pathfinder,2007,Petrol,Automatic,2.1,73552,150.0,129.0,4,1.0,,Silver,SUV,AWD,32.0,TX,3673,237
Honda,Pilot,2011,Diesel,Automatic,2.9,126626,228.0,208.0,4,0.0,,Brown,SUV,RWD,29.0,,6168,189
Ford,F-150,2010,Petrol,Manual,,204097,319.0,299.0,4,0.0,No Service,Black,Truck,4WD,20.0,IL,500,201
Chevrolet,Malibu,2014,Petrol,Automatic,2.4,166875,178.0,161.0,2,0.0,Partial Service,Black,Sedan,FWD,36.0,,1585,153
Toyota,Camry,2015,Hybrid,Automatic,1.9,24260,145.0,131.0,2,1.0,Full Service,,Sedan,FWD,49.0,,9887,141
Nissan,Altima,2018,Diesel,Automatic,1.7,107291,134.0,128.0,3,0.0,Full Service,Gray,Sedan,FWD,37.0,PA,10194,105
Volkswagen,Golf,2007,Petrol,Automatic,2.1,233776,,157.0,3,0.0,Partial Service,White,Hatchback,FWD,33.0,NY,500,237
BMW,X5,2013,Petrol,Automatic,,172094,,269.0,2,1.0,Full Service,Red,SUV,AWD,25.0,PA,12675,165
Honda,Pilot,2024,Hybrid,Automatic,2.7,1002,200.0,186.0,1,0.0,Full Service,Red,SUV,FWD,,IL,38127,33
Audi,A6,2023,Petrol,Automatic,,27488,156.0,150.0,1,,No Service,Silver,Sedan,FWD,33.0,GA,42392,45
Hyundai,Tucson,2009,Petrol,,3.4,210813,250.0,249.0,3,1.0,Partial Service,Brown,SUV,AWD,21.0,MI,500,213
Chevrolet,Tahoe,2010,Petrol,Automatic,,230678,184.0,,5,0.0,Full Service,White,SUV,AWD,,MI,3920,201
Audi,A4,2007,Diesel,,2.2,101577,166.0,144.0,4,,Partial Service,Red,Sedan,FWD,41.0,GA,3837,237
Hyundai,Tucson,2008,Petrol,Automatic,3.1,205527,245.0,212.0,3,,Full Service,Brown,SUV,AWD,26.0,OH,500,225
Hyundai,Tucson,2017,Petrol,Automatic,2.2,96963,,167.0,3,0.0,Full Service,Black,SUV,AWD,36.0,MI,10100,117
Honda,Civic,2022,Petrol,Automatic,1.8,43588,139.0,124.0,1,0.0,Full Service,Black,Sedan,FWD,33.0,GA,16251,57
Mercedes-Benz,GLC,2022,Petrol,,2.8,29192,208.0,191.0,1,,Partial Service,Silver,SUV,FWD,28.0,PA,37584,57
Honda,CR-V,2023,Petrol,Automatic,2.7,17332,216.0,205.0,1,,Full Service,White,SUV,FWD,,FL,26515,45
Hyundai,Elantra,2015,Diesel,,,100,140.0,133.0,2,1.0,Full Service,Black,Sedan,FWD,39.0,NY,8454,141
BMW,X3,2010,Petrol,Manual,,100,264.0,236.0,3,0.0,Full Service,Green,SUV,AWD,25.0,OH,13904,201
Chevrolet,Malibu,2016,Petrol,Automatic,2.3,68202,186.0,170.0,3,1.0,,Red,Sedan,FWD,30.0,NC,7698,129
Toyota,Corolla,2019,Petrol,Automatic,1.4,90681,132.0,124.0,2,0.0,Full Service,,Sedan,FWD,36.0,,7985,93
Chevrolet,Equinox,2019,Petrol,Automatic,3.3,100,230.0,206.0,1,1.0,,Brown,SUV,AWD,27.0,NY,14989,93
Toyota,Corolla,2022,Petrol,Automatic,,18888,151.0,142.0,1,0.0,Partial Service,Brown,Sedan,FWD,34.0,IL,16340,57
Volkswagen,Tiguan,2006,Hybrid,Automatic,3.1,60395,241.0,223.0,4,1.0,Partial Service,Gray,SUV,AWD,43.0,PA,2570,249
Volkswagen,Passat,2007,Diesel,Automatic,,150517,121.0,106.0,3,1.0,No Service,Brown,Sedan,FWD,41.0,NC,500,237
Volkswagen,Passat,2014,Petrol,Automatic,1.7,139618,143.0,115.0,3,1.0,Partial Service,Silver,Sedan,FWD,,FL,3606,153
Honda,Civic,2015,Electric,,0.0,96220,366.0,402.0,2,0.0,Partial Service,Blue,Sedan,FWD,96.0,OH,4995,141
Hyundai,Santa Fe,2011,Petrol,Manual,,198720,181.0,171.0,3,1.0,Full Service,Black,SUV,AWD,34.0,NY,771,189
Nissan,Sentra,2013,Petrol,Automatic,,108949,110.0,,4,0.0,Partial Service,Gray,Sedan,AWD,40.0,FL,2585,165
Chevrolet,Equinox,2023,Hybrid,,,100,,,1,,No Service,Gray,SUV,AWD,48.0,CA,22108,45
Honda,Civic,2018,Hybrid,Automatic,2.0,149540,,,1,0.0,Partial Service,Brown,Sedan,AWD,41.0,,5314,105
BMW,X3,2012,Hybrid,Automatic,2.4,206882,194.0,202.0,3,0.0,Full Service,,SUV,AWD,52.0,IL,6310,177
Mercedes-Benz,GLC,2019,Hybrid,Automatic,,124618,,,1,1.0,Partial Service,Black,SUV,AWD,42.0,MI,19367,93
Chevrolet,Silverado,2021,Petrol,Automatic,3.1,18521,244.0,241.0,1,0.0,,,Truck,4WD,,TX,24603,69
Hyundai,Santa Fe,2016,Diesel,Automatic,2.8,69352,215.0,203.0,3,0.0,Partial Service,Green,SUV,FWD,26.0,NY,12628,129
Volkswagen,Atlas,2005,Petrol,,,305201,255.0,,5,,Partial Service,White,SUV,AWD,20.0,NC,500,261
Mercedes-Benz,C-Class,2008,Petrol,Manual,,182913,186.0,168.0,3,0.0,Partial Service,Red,Sedan,AWD,29.0,NC,2357,225
BMW,3 Series,2012,Petrol,Automatic,1.8,184682,157.0,,3,,No Service,,Sedan,FWD,37.0,NC,4336,177
Hyundai,Sonata,2010,Petrol,Automatic,1.8,187167,150.0,141.0,3,1.0,,Gray,Sedan,FWD,34.0,NC,500,201
BMW,X3,2024,Petrol,Automatic,3.0,100,231.0,,1,0.0,Full Service,Red,SUV,RWD,24.0,OH,50178,33
Ford,Escape,2010,Petrol,Automatic,,192654,219.0,,3,0.0,No Service,Red,SUV,FWD,29.0,NY,500,201
Volkswagen,Passat,2005,Petrol,,2.3,265904,201.0,,3,,Partial Service,,Sedan,FWD,,MI,500,261
Hyundai,Sonata,2013,Petrol,Automatic,1.9,164255,162.0,169.0,3,0.0,No Service,,Sedan,FWD,38.0,IL,1100,165
Toyota,Highlander,2010,Petrol,Automatic,2.5,193979,185.0,158.0,3,,Full Service,Brown,SUV,AWD,,GA,1206,201
Volkswagen,Tiguan,2011,Petrol,Automatic,2.5,219833,216.0,214.0,2,0.0,Full Service,Green,SUV,FWD,32.0,IL,500,189
Chevrolet,Equinox,2021,Petrol,Automatic,2.2,30593,154.0,143.0,1,0.0,,Brown,SUV,AWD,35.0,PA,16523,69
Audi,Q7,2024,Hybrid,Automatic,2.4,10180,180.0,156.0,1,0.0,Partial Service,,SUV,RWD,46.0,IL,60776,33
Hyundai,Sonata,2005,Petrol,Automatic,,117083,125.0,119.0,4,1.0,No Service,,Sedan,FWD,39.0,FL,500,261
Honda,Pilot,2008,Petrol,Automatic,2.4,170088,174.0,154.0,2,1.0,Full Service,Silver,SUV,AWD,36.0,TX,872,225
Volkswagen,Tiguan,2024,Petrol,Automatic,3.1,10526,225.0,,1,0.0,,,SUV,AWD,29.0,NC,27454,33
Toyota,Highlander,2017,Diesel,Automatic,3.4,100894,256.0,234.0,1,0.0,Partial Service,Silver,SUV,FWD,23.0,IL,13638,117
Volkswagen,Atlas,2012,Petrol,Automatic,3.0,207460,,222.0,2,,Full Service,White,SUV,FWD,,IL,1830,177
Volkswagen,Tiguan,2005,Petrol,Automatic,2.9,162670,223.0,,3,1.0,Full Service,,SUV,AWD,33.0,,500,261
BMW,X3,2018,Petrol,Automatic,2.6,98306,190.0,177.0,1,0.0,No Service,Gray,SUV,AWD,32.0,CA,18932,105
Ford,Explorer,2017,Petrol,Automatic,,100,157.0,154.0,2,0.0,,Red,SUV,FWD,28.0,,19163,117
Nissan,Pathfinder,2024,Petrol,Automatic,,3400,162.0,157.0,1,0.0,Partial Service,Silver,SUV,AWD,,TX,35326,33
Audi,A4,2011,Petrol,Automatic,1.7,148403,138.0,124.0,3,,Full Service,Gray,Sedan,AWD,39.0,MI,5554,189
Mercedes-Benz,E-Class,2013,Petrol,Automatic,1.6,124548,122.0,112.0,3,1.0,Full Service,Blue,Sedan,FWD,36.0,OH,13820,165
Hyundai,Tucson,2012,Petrol,Automatic,3.0,221756,222.0,,3,1.0,Full Service,Red,SUV,AWD,,OH,500,177
Chevrolet,Malibu,2009,Hybrid,Automatic,,166859,130.0,121.0,4,1.0,Partial Service,Silver,Sedan,FWD,57.0,PA,500,213
Nissan,Pathfinder,2019,Hybrid,Automatic,2.4,64072,184.0,169.0,1,0.0,Full Service,White,SUV,FWD,54.0,,18685,93
Chevrolet,Malibu,2017,Petrol,Automatic,2.3,83057,178.0,157.0,1,1.0,Partial Service,Brown,Sedan,FWD,34.0,,7265,117
Ford,Explorer,2023,Hybrid,Automatic,,19310,189.0,183.0,1,0.0,Full Service,Black,SUV,FWD,47.0,OH,31592,45
Nissan,Sentra,2017,Hybrid,Automatic,,90983,192.0,,2,1.0,Full Service,Brown,Sedan,FWD,56.0,NC,5737,117
Honda,Accord,2013,Petrol,Automatic,2.3,232703,191.0,177.0,3,0.0,,White,Sedan,FWD,30.0,NC,500,165
Hyundai,Tucson,2007,Petrol,Automatic,2.0,196295,,172.0,3,1.0,Full Service,Green,SUV,FWD,31.0,TX,500,237
Volkswagen,Tiguan,2018,Petrol,Automatic,3.0,70083,226.0,216.0,3,0.0,,Red,SUV,AWD,28.0,,14102,105
Audi,Q7,2010,Petrol,Manual,3.1,196353,233.0,,4,1.0,,,SUV,FWD,24.0,FL,6597,201
Ford,Escape,2019,Petrol,Automatic,,64879,154.0,156.0,2,0.0,No Service,Brown,SUV,FWD,37.0,TX,11587,93
Nissan,Altima,2014,Petrol,Automatic,2.0,47503,147.0,130.0,2,1.0,,,Sedan,FWD,34.0,IL,7343,153
Volkswagen,Passat,2018,Petrol,Automatic,1.5,60079,122.0,109.0,1,0.0,Partial Service,Brown,Sedan,AWD,43.0,NY,14017,105
Ford,Escape,2021,Electric,Automatic,,37363,277.0,304.0,1,0.0,Full Service,Red,SUV,FWD,89.0,GA,18875,69
Honda,Pilot,2016,Petrol,Automatic,3.3,41106,253.0,237.0,2,0.0,No Service,Blue,SUV,FWD,23.0,MI,13809,129
Ford,Mustang,2018,Electric,Automatic,0.0,54410,,328.0,1,0.0,Partial Service,Green,Coupe,RWD,115.0,OH,13878,105
Toyota,RAV4,2008,Petrol,Automatic,,310304,234.0,202.0,4,0.0,Full Service,,SUV,AWD,24.0,TX,500,225
Chevrolet,Silverado,2024,Petrol,Automatic,5.6,100,,391.0,1,0.0,Full Service,Brown,Truck,4WD,10.0,FL,32701,33
BMW,X3,2006,Petrol,Automatic,2.9,168170,215.0,200.0,4,0.0,Full Service,Silver,SUV,AWD,26.0,TX,1552,249
Audi,Q7,2010,Hybrid,,2.2,256029,165.0,,3,0.0,No Service,,SUV,FWD,47.0,NY,4249,201
Chevrolet,Equinox,2009,Petrol,,2.7,223711,202.0,189.0,3,1.0,Partial Service,Silver,SUV,AWD,,CA,500,213
Hyundai,Sonata,2021,Hybrid,Automatic,2.2,32066,169.0,171.0,1,0.0,Partial Service,Brown,Sedan,FWD,44.0,MI,15238,69
Hyundai,Santa Fe,2009,Petrol,,,257411,,164.0,3,1.0,Full Service,Brown,SUV,FWD,30.0,FL,500,213
BMW,5 Series,2006,Petrol,,1.5,285560,133.0,134.0,4,0.0,,Blue,Sedan,FWD,36.0,NY,500,249
Nissan,Sentra,2022,Petrol,Automatic,2.3,26936,,170.0,1,,Full Service,,Sedan,FWD,31.0,GA,16143,57
Volkswagen,Atlas,2011,Petrol,Manual,,212225,186.0,182.0,3,1.0,Full Service,Brown,SUV,AWD,27.0,NY,724,189
Nissan,Sentra,2018,Petrol,Automatic,1.8,63261,146.0,,2,1.0,Partial Service,Silver,Sedan,FWD,36.0,NY,7994,105
Volkswagen,Golf,2005,Petrol,Automatic,2.3,19478,177.0,160.0,3,,Full Service,Blue,Hatchback,AWD,,GA,3201,261
Honda,Accord,2017,Hybrid,Automatic,2.5,157913,,181.0,1,0.0,Partial Service,Silver,Sedan,FWD,45.0,NY,6597,117
Nissan,Altima,2014,Petrol,Automatic,2.4,115560,176.0,168.0,3,0.0,Full Service,Gray,Sedan,FWD,37.0,,4613,153
Ford,F-150,2009,Petrol,Automatic,5.0,175865,,,4,1.0,Partial Service,Blue,Truck,4WD,,PA,500,213
Toyota,Highlander,2018,Petrol,Automatic,3.1,120837,,220.0,2,1.0,No Service,Black,SUV,AWD,18.0,,10004,105
Mercedes-Benz,C-Class,2012,Petrol,,,78476,183.0,182.0,4,0.0,Full Service,Red,Sedan,FWD,39.0,NC,10664,177
Volkswagen,Golf,2023,Hybrid,Automatic,,100,189.0,183.0,1,0.0,No Service,Red,Hatchback,AWD,42.0,GA,19775,45
BMW,X5,2012,Petrol,Automatic,2.9,217273,210.0,202.0,3,1.0,,Black,SUV,AWD,31.0,NC,8789,177
Ford,Mustang,2014,Petrol,Automatic,4.8,84082,355.0,338.0,5,1.0,No Service,Red,Coupe,RWD,14.0,GA,5095,153
Chevrolet,Equinox,2016,Diesel,Automatic,3.5,64904,252.0,244.0,2,0.0,Full Service,Silver,SUV,AWD,,,11029,129
Audi,Q5,2008,Petrol,Automatic,2.4,188630,177.0,170.0,3,0.0,Partial Service,Brown,SUV,AWD,,CA,1880,225
BMW,3 Series,2019,Petrol,Automatic,,67159,151.0,131.0,1,1.0,Full Service,Silver,Sedan,FWD,43.0,,22914,93
Honda,Accord,2008,Petrol,,1.4,229500,111.0,127.0,4,1.0,Partial Service,Black,Sedan,FWD,39.0,MI,500,225
Mercedes-Benz,E-Class,2012,Petrol,Automatic,2.2,67908,175.0,189.0,2,,Full Service,White,Sedan,FWD,32.0,IL,19748,177
Toyota,Camry,2012,Petrol,Automatic,1.4,98561,126.0,,3,0.0,No Service,Blue,Sedan,FWD,37.0,IL,3710,177
Nissan,Pathfinder,2022,Petrol,,3.0,20332,,,1,,Full Service,Green,SUV,AWD,,MI,25358,57
Ford,Explorer,2024,Petrol,Automatic,2.2,154,188.0,165.0,1,0.0,Partial Service,Brown,SUV,FWD,28.0,GA,31961,33
BMW,5 Series,2015,Petrol,,,166506,,170.0,2,0.0,Full Service,White,Sedan,FWD,35.0,IL,17258,141
Ford,Explorer,2009,Petrol,Automatic,,162277,212.0,205.0,5,1.0,No Service,Gray,SUV,FWD,29.0,CA,1200,213
Nissan,Rogue,2019,Petrol,Automatic,3.2,30398,,251.0,2,0.0,No Service,Black,SUV,AWD,,NC,15676,93
Chevrolet,Equinox,2007,Diesel,Automatic,2.6,16650,228.0,207.0,5,,No Service,Gray,SUV,AWD,25.0,NY,3892,237
Audi,Q5,2024,Diesel,Automatic,,227,190.0,185.0,1,0.0,Partial Service,Silver,SUV,AWD,34.0,TX,47145,33
BMW,3 Series,2013,Petrol,Automatic,2.0,100,145.0,127.0,3,1.0,Full Service,Brown,Sedan,AWD,34.0,PA,15092,165
Volkswagen,Passat,2019,Petrol,,,62720,142.0,135.0,2,1.0,,Silver,Sedan,FWD,36.0,IL,13667,93
Chevrolet,Tahoe,2010,Petrol,Automatic,2.1,184302,168.0,150.0,3,0.0,Partial Service,Red,SUV,AWD,35.0,,6301,201
Honda,Pilot,2015,Petrol,Automatic,,106453,211.0,200.0,2,0.0,Partial Service,Gray,SUV,AWD,31.0,NY,10656,141
Chevrolet,Equinox,2024,Petrol,Automatic,2.4,7232,183.0,171.0,1,0.0,,Black,SUV,FWD,,CA,25088,33
Nissan,Sentra,2016,Petrol,Automatic,1.5,161509,109.0,,3,1.0,,,Sedan,FWD,42.0,GA,1863,129
Honda,Civic,2012,Petrol,Automatic,2.3,209160,160.0,172.0,3,,Partial Service,White,Sedan,FWD,31.0,IL,500,177
Volkswagen,Golf,2017,Hybrid,,2.2,130476,180.0,149.0,1,1.0,Full Service,,Hatchback,FWD,49.0,PA,5183,117
Nissan,Rogue,2024,Petrol,Automatic,3.4,3020,251.0,239.0,1,,Full Service,Silver,SUV,FWD,29.0,MI,25191,33
Toyota,Corolla,2015,Petrol,Automatic,2.3,110961,181.0,157.0,2,,No Service,Brown,Sedan,FWD,,GA,2684,141
Nissan,Rogue,2020,Hybrid,Automatic,2.2,57135,172.0,,1,0.0,Partial Service,,SUV,AWD,41.0,TX,17329,81
Audi,Q7,2007,Petrol,Automatic,3.2,142124,250.0,228.0,4,0.0,Partial Service,Brown,SUV,FWD,,OH,6521,237
Honda,CR-V,2024,Hybrid,,2.5,100,199.0,189.0,1,0.0,Full Service,Gray,SUV,AWD,41.0,NC,29777,33
Honda,Civic,2014,Petrol,Automatic,2.2,111121,170.0,156.0,4,1.0,No Service,Red,Sedan,FWD,32.0,NC,2476,153
Chevrolet,Malibu,2019,Petrol,Automatic,1.7,100,152.0,139.0,2,1.0,Partial Service,Silver,Sedan,FWD,39.0,OH,12179,93
Ford,Mustang,2019,Petrol,Automatic,,22456,,266.0,2,0.0,Partial Service,Black,Coupe,RWD,,CA,16590,93
Mercedes-Benz,C-Class,2006,Petrol,Manual,1.9,417652,138.0,,5,1.0,Full Service,Red,Sedan,AWD,31.0,MI,500,249
Audi,Q7,2024,Petrol,Automatic,3.3,100,252.0,224.0,1,,Full Service,Black,SUV,AWD,28.0,PA,62483,33
Volkswagen,Passat,2011,Petrol,Automatic,1.4,172841,,129.0,3,1.0,Full Service,Red,Sedan,FWD,40.0,MI,500,189
Honda,Civic,2011,Petrol,Automatic,1.7,117483,,124.0,3,1.0,Full Service,Black,Sedan,FWD,43.0,MI,1004,189
Hyundai,Tucson,2007,Petrol,Manual,2.3,309408,,171.0,3,0.0,Partial Service,Silver,SUV,FWD,35.0,NY,500,237
Ford,Explorer,2006,Petrol,Manual,2.2,82565,166.0,175.0,4,1.0,Partial Service,,SUV,AWD,33.0,FL,3008,249
Hyundai,Sonata,2006,Petrol,Manual,,194872,177.0,177.0,3,1.0,Partial Service,Gray,Sedan,FWD,35.0,MI,500,249
Mercedes-Benz,E-Class,2016,Petrol,Automatic,2.1,62460,171.0,172.0,2,1.0,,Red,Sedan,FWD,30.0,PA,17622,129
Volkswagen,Golf,2007,Petrol,Automatic,1.8,339387,147.0,143.0,4,0.0,Full Service,Brown,Hatchback,FWD,36.0,CA,500,237
Chevrolet,Silverado,2016,Diesel,Automatic,,184936,260.0,243.0,2,0.0,Full Service,Black,Truck,4WD,23.0,NC,7477,129
Audi,Q7,2015,Petrol,Automatic,2.4,79054,193.0,,3,0.0,Full Service,Brown,SUV,AWD,30.0,,21887,141
Volkswagen,Tiguan,2007,Petrol,Manual,2.6,207877,204.0,191.0,5,1.0,Partial Service,Blue,SUV,AWD,29.0,FL,500,237
Mercedes-Benz,GLC,2012,Petrol,Automatic,2.5,178950,205.0,199.0,2,0.0,Full Service,Brown,SUV,AWD,,,8093,177
Audi,A6,2016,Petrol,Automatic,2.2,93836,,162.0,2,1.0,Full Service,Black,Sedan,FWD,33.0,MI,18810,129
Chevrolet,Silverado,2014,Petrol,,3.9,215979,286.0,,3,1.0,Partial Service,Blue,Truck,4WD,16.0,,3464,153
Hyundai,Sonata,2015,Diesel,Automatic,,172246,153.0,151.0,3,0.0,Partial Service,Black,Sedan,FWD,37.0,OH,2556,141
Nissan,Rogue,2017,Diesel,Automatic,,27546,236.0,225.0,2,1.0,Partial Service,Brown,SUV,AWD,25.0,TX,11548,117
Hyundai,Sonata,2017,Hybrid,Automatic,2.4,95815,177.0,162.0,1,1.0,Full Service,,Sedan,FWD,,GA,7645,117
Honda,Pilot,2024,Petrol,Automatic,,100,213.0,202.0,1,,Full Service,,SUV,FWD,29.0,TX,37163,33
BMW,X3,2014,Petrol,Automatic,2.2,43743,168.0,146.0,3,,Partial Service,,SUV,AWD,30.0,TX,16241,153
Volkswagen,Tiguan,2009,Petrol,,2.2,100,187.0,171.0,5,,,,SUV,AWD,30.0,PA,6407,213
Mercedes-Benz,GLC,2017,Petrol,Automatic,2.0,75177,146.0,158.0,1,,Partial Service,White,SUV,FWD,37.0,CA,21202,117
Nissan,Sentra,2014,Petrol,,1.9,118891,162.0,,4,,,Brown,Sedan,FWD,35.0,,2134,153
Hyundai,Elantra,2018,Diesel,Automatic,2.0,156681,152.0,148.0,2,0.0,Partial Service,Brown,Sedan,FWD,33.0,CA,3751,105
Mercedes-Benz,E-Class,2021,Petrol,Automatic,1.9,43015,141.0,,1,0.0,,Black,Sedan,FWD,34.0,NY,35223,69
Toyota,Camry,2006,Hybrid,Automatic,1.8,53938,,153.0,3,1.0,Full Service,,Sedan,FWD,59.0,IL,2450,249
Toyota,Corolla,2010,Petrol,Automatic,,138292,130.0,107.0,4,1.0,Partial Service,Blue,Sedan,FWD,37.0,NC,500,201
Volkswagen,Passat,2005,Petrol,Manual,2.0,250741,,,5,1.0,Full Service,Gray,Sedan,FWD,38.0,GA,500,261
BMW,X5,2010,Hybrid,Automatic,2.7,84030,211.0,,4,0.0,Partial Service,Gray,SUV,AWD,41.0,OH,13817,201
Ford,Mustang,2016,Petrol,Manual,4.7,188329,349.0,314.0,1,0.0,Partial Service,,Coupe,RWD,12.0,IL,4489,129
Audi,A4,2015,Petrol,Automatic,2.1,147039,174.0,,3,1.0,No Service,White,Sedan,FWD,29.0,NC,8400,141
Nissan,Pathfinder,2006,Hybrid,Automatic,2.2,66815,176.0,165.0,3,,No Service,,SUV,AWD,45.0,MI,3238,249
Toyota,RAV4,2008,Petrol,Manual,2.9,20452,229.0,202.0,5,0.0,Partial Service,Black,SUV,FWD,25.0,OH,6177,225
Nissan,Pathfinder,2005,Petrol,Manual,2.7,457612,200.0,202.0,5,1.0,Full Service,Red,SUV,FWD,28.0,GA,500,261
Mercedes-Benz,E-Class,2011,Petrol,Manual,2.2,279208,163.0,,4,0.0,Full Service,Black,Sedan,FWD,33.0,TX,4553,189
BMW,3 Series,2014,Petrol,,,137775,,163.0,3,0.0,Full Service,,Sedan,FWD,38.0,GA,11703,153
Volkswagen,Tiguan,2021,Petrol,Automatic,2.9,62711,226.0,207.0,1,0.0,Full Service,Brown,SUV,RWD,28.0,CA,19400,69
Nissan,Sentra,2010,Petrol,Automatic,2.1,196151,190.0,,2,0.0,No Service,Gray,Sedan,FWD,36.0,NY,500,201
Hyundai,Tucson,2021,Petrol,,2.8,855,198.0,191.0,1,1.0,Full Service,Silver,SUV,AWD,30.0,,18291,69
Toyota,Camry,2012,Petrol,Automatic,2.0,256666,160.0,152.0,2,0.0,,Blue,Sedan,FWD,,IL,500,177
Audi,A6,2010,Petrol,,1.7,183785,145.0,,4,,No Service,Blue,Sedan,FWD,34.0,IL,5310,201
Honda,Pilot,2010,Petrol,Manual,,199197,192.0,,4,0.0,Full Service,,SUV,AWD,28.0,MI,1186,201
BMW,X3,2024,Petrol,Automatic,,100,237.0,225.0,1,0.0,Full Service,Silver,SUV,FWD,22.0,MI,50030,33
Hyundai,Elantra,2024,Petrol,,2.1,100,184.0,160.0,1,0.0,Full Service,Green,Sedan,FWD,32.0,MI,20187,33
Ford,Mustang,2011,Petrol,Manual,,58743,318.0,305.0,5,0.0,Full Service,Gray,Coupe,RWD,,CA,5688,189
Honda,Accord,2014,Petrol,Automatic,,49785,183.0,170.0,3,1.0,Partial Service,Silver,Sedan,AWD,32.0,OH,6619,153
Ford,Escape,2022,Petrol,Automatic,2.7,27025,,182.0,1,0.0,Full Service,Green,SUV,AWD,26.0,NC,20868,57
Chevrolet,Malibu,2008,Petrol,Manual,1.5,283593,111.0,95.0,4,1.0,Full Service,Red,Sedan,AWD,41.0,PA,500,225
Hyundai,Santa Fe,2006,Petrol,Automatic,3.3,130029,233.0,224.0,4,1.0,No Service,White,SUV,AWD,22.0,IL,500,249
Chevrolet,Malibu,2015,Petrol,Automatic,2.5,101879,179.0,176.0,3,0.0,Full Service,Silver,Sedan,AWD,,MI,5512,141
Honda,Pilot,2012,Petrol,Automatic,2.0,100033,167.0,160.0,3,,Full Service,Brown,SUV,AWD,34.0,GA,8842,177
Ford,Escape,2012,Petrol,Automatic,2.9,117959,,219.0,3,0.0,Partial Service,White,SUV,FWD,21.0,GA,3596,177
Chevrolet,Equinox,2010,Petrol,,2.2,218413,154.0,132.0,2,,,,SUV,FWD,32.0,CA,500,201
Mercedes-Benz,E-Class,2021,Petrol,Automatic,1.5,22474,145.0,144.0,1,0.0,No Service,Green,Sedan,FWD,34.0,MI,39995,69
Hyundai,Santa Fe,2012,Diesel,Automatic,2.6,149179,212.0,197.0,4,1.0,,Blue,SUV,AWD,24.0,NC,3529,177
Ford,Explorer,2012,Petrol,Automatic,2.3,211187,190.0,169.0,3,1.0,Full Service,Blue,SUV,AWD,29.0,NC,1830,177
BMW,5 Series,2012,Petrol,Automatic,2.0,164654,165.0,173.0,3,1.0,Full Service,White,Sedan,FWD,33.0,PA,10625,177
BMW,X3,2018,Petrol,Automatic,,90694,167.0,174.0,2,0.0,No Service,Brown,SUV,RWD,35.0,GA,20616,105
Hyundai,Tucson,2016,Petrol,Automatic,3.1,132789,243.0,236.0,2,1.0,Partial Service,Red,SUV,FWD,26.0,NC,5632,129
Mercedes-Benz,E-Class,2014,Petrol,Automatic,2.1,167668,,,3,0.0,Full Service,Gray,Sedan,FWD,30.0,GA,16355,153
Chevrolet,Malibu,2008,Petrol,Automatic,1.8,235405,142.0,129.0,4,,Partial Service,,Sedan,FWD,34.0,OH,500,225
Chevrolet,Equinox,2024,Hybrid,Automatic,2.9,3633,230.0,237.0,1,,Partial Service,Red,SUV,AWD,43.0,PA,26442,33
Toyota,Camry,2012,Petrol,Automatic,,295105,140.0,132.0,3,,Partial Service,Red,Sedan,FWD,39.0,,500,177
Toyota,RAV4,2012,Petrol,Automatic,2.1,226241,,150.0,4,1.0,Full Service,Brown,SUV,RWD,,,500,177
Toyota,Corolla,2017,Petrol,Automatic,1.7,65504,119.0,117.0,1,0.0,Partial Service,Green,Sedan,FWD,40.0,NC,8129,117
Mercedes-Benz,GLE,2024,Petrol,Automatic,2.2,1582,176.0,,1,0.0,Partial Service,Red,SUV,FWD,,OH,61113,33
Volkswagen,Atlas,2019,Diesel,Automatic,2.9,27980,221.0,206.0,1,1.0,Full Service,Green,SUV,FWD,,TX,18407,93
Audi,A4,2019,Petrol,,2.1,100,171.0,154.0,3,1.0,,White,Sedan,FWD,35.0,GA,22462,93
Audi,A4,2013,Petrol,,2.1,40199,,,2,1.0,Partial Service,Blue,Sedan,AWD,34.0,FL,12791,165
Chevrolet,Equinox,2008,Petrol,Manual,2.3,254158,175.0,172.0,4,1.0,Full Service,,SUV,AWD,29.0,MI,500,225
Honda,Civic,2015,Hybrid,,,106739,,155.0,1,1.0,,Black,Sedan,FWD,46.0,NC,4340,141
BMW,X3,2015,Electric,Automatic,0.0,96673,,305.0,1,0.0,Full Service,Red,SUV,AWD,130.0,CA,17866,141
Nissan,Pathfinder,2005,Petrol,Automatic,2.8,445909,208.0,194.0,3,0.0,Full Service,Black,SUV,AWD,,,500,261
Honda,Accord,2019,Petrol,Automatic,2.5,94422,191.0,200.0,1,0.0,Full Service,Blue,Sedan,FWD,35.0,,12306,93
Ford,Mustang,2015,Petrol,Automatic,4.0,122209,319.0,297.0,2,,,Green,Coupe,AWD,,,5897,141
Honda,Accord,2017,Hybrid,Automatic,1.9,104662,141.0,132.0,2,0.0,Full Service,White,Sedan,FWD,51.0,MI,10159,117
Ford,Mustang,2020,Petrol,Manual,4.8,70438,367.0,340.0,1,0.0,Full Service,White,Coupe,RWD,,IL,16210,81
Chevrolet,Silverado,2017,Petrol,Automatic,4.7,84676,352.0,334.0,4,0.0,Partial Service,Gray,Truck,4WD,14.0,,14775,117
Nissan,Rogue,2017,Hybrid,,2.9,157125,208.0,200.0,2,0.0,No Service,Blue,SUV,AWD,39.0,MI,6960,117
Hyundai,Elantra,2013,Petrol,Automatic,2.5,182284,,171.0,3,,,Black,Sedan,FWD,35.0,GA,500,165
Ford,Mustang,2009,Petrol,Manual,,268728,353.0,343.0,3,,Partial Service,Brown,Coupe,RWD,10.0,OH,500,213
Audi,A4,2020,Petrol,Automatic,,44904,171.0,163.0,1,0.0,No Service,Red,Sedan,FWD,37.0,PA,23373,81
Audi,A4,2008,Petrol,Automatic,2.0,298584,167.0,163.0,5,1.0,Full Service,,Sedan,FWD,,NY,500,225
Honda,CR-V,2011,Petrol,Manual,2.8,166920,215.0,205.0,3,0.0,Full Service,Gray,SUV,AWD,29.0,NY,1091,189
Toyota,Corolla,2024,Diesel,Automatic,,6922,202.0,222.0,1,0.0,Partial Service,Black,Sedan,AWD,32.0,GA,19251,33
Hyundai,Elantra,2020,Electric,Automatic,0.0,44381,,383.0,1,1.0,Full Service,Gray,Sedan,FWD,102.0,CA,11618,81
BMW,5 Series,2024,Petrol,Automatic,1.8,2284,152.0,159.0,1,,No Service,Silver,Sedan,FWD,39.0,,51764,33
Toyota,RAV4,2021,Petrol,Automatic,2.9,42570,232.0,246.0,1,0.0,Partial Service,Silver,SUV,AWD,28.0,NC,20588,69
Ford,Explorer,2022,Hybrid,Automatic,2.9,42015,225.0,203.0,1,,No Service,Green,SUV,RWD,43.0,GA,20514,57
Hyundai,Santa Fe,2010,Petrol,,,263656,192.0,178.0,3,1.0,Partial Service,,SUV,FWD,33.0,NC,500,201
BMW,5 Series,2014,Petrol,,1.5,105225,,,3,,No Service,Silver,Sedan,AWD,35.0,NC,16610,153
Audi,A4,2010,Diesel,Manual,,175145,166.0,,3,1.0,Full Service,Green,Sedan,AWD,38.0,NY,3393,201
Hyundai,Santa Fe,2023,Diesel,,,15380,,193.0,1,0.0,,Brown,SUV,AWD,,NC,25577,45
BMW,5 Series,2011,Petrol,Automatic,2.0,281977,162.0,155.0,2,1.0,,Brown,Sedan,AWD,31.0,MI,3967,189
Chevrolet,Silverado,2011,Diesel,,,153406,,276.0,3,1.0,Full Service,Brown,Truck,4WD,17.0,TX,3361,189
BMW,X5,2012,Petrol,Automatic,2.3,172374,170.0,165.0,2,1.0,Partial Service,Black,SUV,AWD,27.0,NY,11342,177
Nissan,Rogue,2013,Petrol,,3.2,17077,237.0,205.0,3,0.0,Partial Service,Black,SUV,FWD,30.0,PA,9556,165
Ford,Escape,2012,Petrol,Automatic,2.5,226339,178.0,169.0,3,1.0,No Service,Brown,SUV,AWD,36.0,FL,500,177
Chevrolet,Malibu,2024,Petrol,Automatic,1.6,5563,121.0,116.0,1,,Full Service,Blue,Sedan,FWD,35.0,TX,23536,33
Audi,A4,2012,Petrol,Automatic,1.6,154345,119.0,,4,0.0,,Blue,Sedan,FWD,36.0,CA,6650,177
Toyota,RAV4,2012,Petrol,Automatic,,183903,207.0,186.0,2,,Partial Service,Black,SUV,AWD,29.0,NC,1097,177
Chevrolet,Malibu,2008,Petrol,Manual,1.9,316119,162.0,150.0,4,0.0,Full Service,Red,Sedan,AWD,33.0,MI,500,225
Volkswagen,Atlas,2013,Petrol,Automatic,2.6,65644,213.0,174.0,4,0.0,Partial Service,Black,SUV,FWD,29.0,OH,8740,165
Honda,Civic,2009,Hybrid,Automatic,2.1,192595,162.0,154.0,4,1.0,Partial Service,White,Sedan,FWD,49.0,,500,213
Honda,Civic,2013,Petrol,Automatic,2.2,75310,,169.0,3,,Partial Service,White,Sedan,FWD,39.0,OH,3652,165
Chevrolet,Equinox,2022,Petrol,Automatic,3.4,31393,262.0,245.0,1,,No Service,Blue,SUV,AWD,28.0,PA,18626,57
Ford,Mustang,2023,Diesel,Automatic,3.2,3623,243.0,246.0,1,0.0,Partial Service,Red,Coupe,RWD,23.0,TX,24300,45
Audi,A4,2005,Diesel,Automatic,1.6,218214,136.0,137.0,4,0.0,,Red,Sedan,FWD,36.0,FL,500,261
BMW,X5,2011,Petrol,,3.1,255890,216.0,201.0,4,0.0,,Red,SUV,AWD,31.0,,6691,189
Mercedes-Benz,GLE,2024,Electric,,0.0,100,395.0,434.0,1,0.0,Partial Service,Brown,SUV,AWD,96.0,NC,62565,33
Chevrolet,Silverado,2018,Petrol,Automatic,4.4,195988,328.0,328.0,2,0.0,Full Service,Silver,Truck,4WD,16.0,TX,11200,105
Ford,F-150,2019,Hybrid,Automatic,4.8,45259,342.0,305.0,1,0.0,Partial Service,,Truck,4WD,37.0,IL,17599,93
Honda,Pilot,2020,Petrol,Automatic,3.2,10699,263.0,,2,,Partial Service,Red,SUV,AWD,22.0,FL,25544,81
Honda,Pilot,2024,Electric,Automatic,0.0,5986,307.0,337.0,1,0.0,Full Service,Brown,SUV,AWD,93.0,FL,36895,33
Chevrolet,Malibu,2022,Diesel,Automatic,2.4,10040,194.0,182.0,1,0.0,No Service,,Sedan,FWD,25.0,CA,17563,57
Nissan,Altima,2014,Petrol,Automatic,1.8,87892,143.0,147.0,3,0.0,,Red,Sedan,FWD,35.0,FL,5216,153
BMW,3 Series,2009,Petrol,Manual,1.8,202791,,139.0,5,0.0,,Black,Sedan,AWD,41.0,NC,1456,213
Chevrolet,Silverado,2021,Hybrid,Automatic,5.7,37744,434.0,425.0,1,0.0,No Service,Gray,Truck,RWD,24.0,IL,19984,69
Ford,Mustang,2010,Petrol,Manual,4.4,9584,343.0,313.0,2,1.0,,Blue,Coupe,AWD,,GA,5664,201
Volkswagen,Passat,2006,Petrol,Manual,1.9,100,153.0,136.0,4,0.0,Full Service,Black,Sedan,AWD,32.0,FL,5612,249
Audi,A4,2011,Petrol,Automatic,2.2,232469,165.0,140.0,2,1.0,Full Service,Brown,Sedan,FWD,32.0,GA,1663,189
Chevrolet,Silverado,2015,Petrol,,4.8,72498,362.0,,3,,Partial Service,Silver,Truck,RWD,16.0,FL,10070,141
Audi,Q5,2018,Petrol,Automatic,3.0,57069,220.0,218.0,2,0.0,Full Service,Gray,SUV,AWD,27.0,,25765,105
Nissan,Pathfinder,2005,Hybrid,Automatic,2.2,165174,174.0,161.0,4,0.0,Partial Service,Silver,SUV,FWD,44.0,TX,500,261
Chevrolet,Malibu,2005,Petrol,Automatic,1.6,282345,120.0,117.0,3,1.0,No Service,Black,Sedan,AWD,42.0,NY,500,261
Toyota,Camry,2007,Petrol,Manual,1.9,97635,137.0,141.0,4,0.0,Full Service,Silver,Sedan,FWD,34.0,NC,1264,237
Chevrolet,Silverado,2022,Petrol,Automatic,3.3,7453,,,1,0.0,Partial Service,Silver,Truck,RWD,27.0,IL,30265,57
BMW,5 Series,2015,Petrol,,2.0,44943,147.0,133.0,2,0.0,Partial Service,Blue,Sedan,FWD,38.0,NY,21245,141
Nissan,Altima,2010,Petrol,Manual,,241379,161.0,147.0,4,1.0,Full Service,Black,Sedan,FWD,28.0,MI,500,201
Nissan,Rogue,2008,Petrol,Manual,2.8,352695,,189.0,3,1.0,Partial Service,Green,SUV,AWD,32.0,NC,500,225
Honda,Accord,2009,Petrol,Automatic,1.6,286294,132.0,125.0,5,1.0,Full Service,Green,Sedan,FWD,38.0,NC,500,213
Honda,CR-V,2005,Petrol,Manual,3.3,389905,269.0,237.0,4,1.0,Partial Service,Gray,SUV,AWD,29.0,,500,261
Volkswagen,Atlas,2024,Diesel,Automatic,2.1,100,,148.0,1,0.0,No Service,Black,SUV,AWD,,TX,30116,33
Honda,CR-V,2010,Petrol,Manual,2.5,75395,,159.0,3,0.0,,Gray,SUV,AWD,35.0,MI,4548,201
Hyundai,Elantra,2024,Petrol,Automatic,,100,,128.0,1,0.0,,Silver,Sedan,FWD,42.0,CA,21141,33
Audi,A6,2022,Hybrid,,2.4,26079,192.0,192.0,1,0.0,Full Service,Gray,Sedan,FWD,47.0,OH,47686,57
Mercedes-Benz,GLE,2012,Petrol,Automatic,3.4,153744,246.0,,3,0.0,Partial Service,Silver,SUV,AWD,25.0,CA,13970,177
Nissan,Altima,2013,Petrol,Automatic,1.7,130474,139.0,131.0,2,1.0,Full Service,,Sedan,FWD,40.0,NC,2763,165
Toyota,Highlander,2021,Petrol,Automatic,2.8,55876,216.0,,1,0.0,,,SUV,FWD,25.0,IL,25002,69
Mercedes-Benz,GLC,2021,Diesel,Automatic,3.3,7733,264.0,249.0,1,0.0,Partial Service,White,SUV,AWD,28.0,,36113,69
Toyota,RAV4,2008,Petrol,Automatic,,300653,175.0,162.0,4,,Full Service,,SUV,AWD,,IL,500,225
Volkswagen,Atlas,2019,Petrol,Automatic,3.1,108553,228.0,223.0,1,0.0,Partial Service,Red,SUV,RWD,25.0,,16017,93
Mercedes-Benz,C-Class,2010,Petrol,Automatic,,207623,162.0,137.0,3,1.0,Full Service,Blue,Sedan,FWD,36.0,TX,2643,201
Hyundai,Elantra,2013,Petrol,,,83425,158.0,130.0,2,0.0,Full Service,Black,Sedan,FWD,,GA,3603,165
Honda,Civic,2014,Petrol,Automatic,2.1,126807,163.0,154.0,3,1.0,,Blue,Sedan,FWD,31.0,GA,2267,153
Hyundai,Santa Fe,2007,Petrol,,2.1,277351,161.0,155.0,4,1.0,No Service,Brown,SUV,AWD,33.0,NY,500,237
Ford,Explorer,2022,Petrol,Automatic,3.5,29119,260.0,,1,0.0,,Black,SUV,AWD,,CA,24004,57
Chevrolet,Tahoe,2015,Hybrid,Automatic,2.0,87899,165.0,158.0,2,0.0,Full Service,,SUV,AWD,47.0,GA,19339,141
Chevrolet,Silverado,2013,Hybrid,Automatic,,143724,306.0,291.0,3,1.0,Full Service,Red,Truck,4WD,42.0,TX,5417,165
BMW,X5,2012,Petrol,,2.1,261671,158.0,140.0,4,0.0,Partial Service,,SUV,FWD,35.0,NY,8099,177
BMW,5 Series,2023,Petrol,Automatic,2.2,21688,159.0,144.0,1,0.0,Partial Service,Gray,Sedan,FWD,36.0,TX,46214,45
BMW,5 Series,2012,Petrol,Automatic,1.7,103008,130.0,,3,1.0,Full Service,Red,Sedan,FWD,37.0,,12773,177
Toyota,Camry,2011,Petrol,Automatic,2.0,101445,157.0,166.0,2,0.0,Full Service,Silver,Sedan,FWD,41.0,OH,3225,189
Ford,F-150,2019,Petrol,Automatic,5.0,58325,369.0,350.0,2,0.0,,Gray,Truck,4WD,10.0,IL,17158,93
Nissan,Sentra,2015,Petrol,Automatic,2.0,89287,160.0,147.0,2,0.0,Full Service,Silver,Sedan,FWD,36.0,OH,5016,141
Toyota,Corolla,2015,Petrol,Automatic,1.9,84810,157.0,154.0,3,0.0,Partial Service,White,Sedan,FWD,30.0,CA,5024,141
Audi,Q5,2009,Petrol,Automatic,,293279,,116.0,3,1.0,Full Service,Silver,SUV,AWD,,OH,500,213
Toyota,Highlander,2018,Petrol,Automatic,3.4,117309,267.0,,1,1.0,,Green,SUV,AWD,25.0,OH,13497,105
Mercedes-Benz,GLE,2021,Petrol,Automatic,2.3,24435,175.0,163.0,1,,Full Service,,SUV,AWD,32.0,NY,47384,69
Toyota,Camry,2008,Petrol,Automatic,1.6,157617,138.0,134.0,4,1.0,Partial Service,Black,Sedan,AWD,39.0,,500,225
Honda,CR-V,2013,Petrol,Automatic,2.8,222025,220.0,195.0,3,0.0,Partial Service,Gray,SUV,FWD,31.0,FL,500,165
Nissan,Altima,2022,Electric,Automatic,0.0,59569,325.0,357.0,1,1.0,Partial Service,Brown,Sedan,FWD,121.0,GA,15265,57
Nissan,Pathfinder,2017,Petrol,Automatic,3.0,113566,230.0,216.0,2,0.0,Full Service,White,SUV,AWD,30.0,GA,13704,117
Hyundai,Santa Fe,2023,Petrol,Automatic,2.6,8372,,,1,1.0,No Service,Red,SUV,AWD,,TX,23148,45
Volkswagen,Passat,2013,Hybrid,Automatic,1.8,128422,,122.0,3,1.0,Partial Service,Gray,Sedan,FWD,,,3371,165
Chevrolet,Equinox,2019,Diesel,Automatic,2.8,44957,,194.0,3,0.0,Full Service,Black,SUV,AWD,30.0,GA,14966,93
Audi,Q7,2015,Petrol,Automatic,2.5,121482,197.0,177.0,4,1.0,Full Service,,SUV,AWD,31.0,CA,17182,141
Toyota,Camry,2009,Petrol,Automatic,,23322,197.0,176.0,3,,Full Service,White,Sedan,FWD,30.0,PA,5355,213
BMW,3 Series,2024,Petrol,Automatic,2.3,100,181.0,176.0,1,0.0,Partial Service,Brown,Sedan,FWD,31.0,FL,39187,33
Hyundai,Sonata,2007,Petrol,Manual,2.1,23021,186.0,177.0,4,1.0,Partial Service,,Sedan,FWD,32.0,GA,3850,237
Volkswagen,Passat,2015,Hybrid,Automatic,1.9,172224,148.0,137.0,4,0.0,,Brown,Sedan,AWD,52.0,NC,3523,141
Audi,A6,2010,Petrol,Automatic,2.3,20810,176.0,164.0,3,,Full Service,Black,Sedan,FWD,29.0,GA,12994,201
BMW,X3,2015,Petrol,Automatic,,36750,256.0,252.0,1,1.0,No Service,Gray,SUV,AWD,18.0,PA,15121,141
BMW,5 Series,2009,Petrol,Manual,2.4,387953,193.0,177.0,3,0.0,Partial Service,,Sedan,FWD,33.0,,500,213
Hyundai,Tucson,2012,Petrol,Automatic,2.4,130266,184.0,186.0,4,0.0,Partial Service,,SUV,AWD,29.0,CA,3249,177
Hyundai,Sonata,2021,Hybrid,Automatic,2.0,46704,155.0,144.0,1,0.0,Partial Service,Brown,Sedan,FWD,48.0,GA,17668,69
Nissan,Rogue,2023,Petrol,,,13303,235.0,226.0,1,0.0,Full Service,Silver,SUV,FWD,23.0,FL,25651,45
Honda,Pilot,2010,Petrol,Automatic,2.4,150646,187.0,,4,1.0,Partial Service,White,SUV,AWD,36.0,IL,2969,201
Nissan,Sentra,2010,Petrol,Automatic,1.4,204002,117.0,109.0,4,1.0,,Silver,Sedan,AWD,39.0,FL,500,201
Volkswagen,Atlas,2024,Petrol,Automatic,2.9,100,209.0,187.0,1,,Full Service,,SUV,AWD,27.0,PA,33309,33
Toyota,Highlander,2006,Petrol,Manual,,255418,238.0,216.0,5,1.0,Full Service,White,SUV,FWD,24.0,NC,500,249
Volkswagen,Tiguan,2016,Petrol,,3.2,158618,239.0,231.0,3,1.0,Full Service,Black,SUV,AWD,24.0,IL,5760,129
Volkswagen,Atlas,2013,Petrol,Automatic,3.3,89088,259.0,245.0,3,0.0,Full Service,Brown,SUV,FWD,23.0,MI,9275,165
Nissan,Altima,2021,Petrol,Automatic,1.5,11548,132.0,121.0,1,0.0,Full Service,Brown,Sedan,FWD,38.0,GA,19351,69
Mercedes-Benz,C-Class,2005,Petrol,Automatic,2.2,336045,155.0,144.0,5,1.0,Full Service,Gray,Sedan,AWD,30.0,IL,500,261
Chevrolet,Tahoe,2007,Petrol,Manual,3.4,70153,249.0,229.0,5,1.0,Full Service,Green,SUV,AWD,21.0,NC,6562,237
Audi,Q7,2016,Petrol,,,110919,256.0,229.0,2,1.0,Full Service,Brown,SUV,AWD,25.0,IL,22710,129
Honda,Accord,2022,Petrol,Automatic,1.4,5701,,106.0,1,0.0,Full Service,Silver,Sedan,FWD,40.0,,22259,57
Chevrolet,Tahoe,2005,Petrol,Automatic,2.7,340992,214.0,216.0,5,0.0,No Service,Silver,SUV,FWD,,FL,500,261
Volkswagen,Atlas,2020,Petrol,,2.7,26879,202.0,185.0,2,0.0,No Service,Gray,SUV,RWD,26.0,NY,20738,81
Ford,Escape,2021,Petrol,Automatic,3.0,10819,238.0,235.0,1,0.0,Full Service,White,SUV,AWD,27.0,GA,21707,69
Honda,Pilot,2015,Petrol,Automatic,3.4,101300,263.0,219.0,2,0.0,Full Service,Green,SUV,AWD,23.0,TX,11850,141
Hyundai,Tucson,2019,Petrol,Automatic,3.3,50271,,227.0,2,0.0,Full Service,Brown,SUV,AWD,25.0,NY,12534,93
Volkswagen,Golf,2023,Petrol,Automatic,,5480,153.0,146.0,1,0.0,No Service,,Hatchback,FWD,35.0,FL,19929,45
Audi,A6,2019,Diesel,Automatic,1.5,100,,106.0,1,,Full Service,,Sedan,FWD,37.0,OH,34622,93
Mercedes-Benz,C-Class,2010,Petrol,Automatic,1.4,228528,144.0,138.0,2,1.0,Full Service,Green,Sedan,FWD,35.0,CA,1766,201
Hyundai,Elantra,2020,Petrol,Automatic,1.6,74916,126.0,121.0,2,0.0,,Red,Sedan,FWD,42.0,OH,10571,81
Nissan,Rogue,2010,Petrol,Automatic,3.2,226405,242.0,,3,0.0,Full Service,Brown,SUV,FWD,20.0,NC,500,201
Mercedes-Benz,E-Class,2008,Petrol,Automatic,1.7,218298,155.0,150.0,3,0.0,,Black,Sedan,AWD,40.0,PA,3272,225
Volkswagen,Golf,2012,Petrol,Automatic,2.0,315831,157.0,152.0,3,1.0,Full Service,White,Hatchback,FWD,35.0,OH,500,177
Audi,A4,2009,Diesel,Manual,2.2,169353,179.0,153.0,3,0.0,Partial Service,,Sedan,FWD,32.0,IL,2840,213
BMW,X5,2005,Petrol,Automatic,2.3,347864,187.0,178.0,4,0.0,Full Service,Blue,SUV,AWD,35.0,,500,261
BMW,X3,2019,Petrol,,2.3,44469,180.0,,1,0.0,Full Service,Silver,SUV,FWD,38.0,CA,27190,93
BMW,X5,2023,Petrol,Automatic,2.3,6166,192.0,188.0,1,0.0,Partial Service,Green,SUV,AWD,32.0,CA,56309,45
Toyota,Corolla,2010,Petrol,Automatic,1.6,153698,134.0,126.0,4,1.0,Partial Service,Blue,Sedan,FWD,43.0,IL,500,201
Honda,CR-V,2013,Petrol,Automatic,,77191,173.0,160.0,2,1.0,,Green,SUV,FWD,36.0,GA,5886,165
Toyota,Camry,2007,Petrol,Automatic,2.4,258599,,202.0,4,1.0,Partial Service,,Sedan,FWD,29.0,CA,500,237
Volkswagen,Passat,2005,Petrol,Automatic,1.9,184043,147.0,158.0,5,1.0,Partial Service,,Sedan,FWD,39.0,MI,500,261
Volkswagen,Passat,2023,Petrol,Automatic,1.7,10457,,129.0,1,0.0,Full Service,Blue,Sedan,FWD,36.0,TX,26742,45
BMW,3 Series,2020,Hybrid,Automatic,,35360,162.0,152.0,1,0.0,Full Service,,Sedan,AWD,,,26945,81
Audi,A6,2011,Petrol,Automatic,1.9,126747,,135.0,4,,,Green,Sedan,FWD,34.0,FL,10233,189
Chevrolet,Malibu,2005,Petrol,Automatic,,126031,161.0,152.0,4,1.0,Partial Service,Silver,Sedan,FWD,35.0,MI,500,261
Volkswagen,Atlas,2007,Petrol,Manual,2.9,237379,223.0,190.0,3,1.0,Full Service,Brown,SUV,AWD,29.0,,500,237
Toyota,Camry,2022,Petrol,,1.5,22661,130.0,,1,0.0,Partial Service,White,Sedan,FWD,,NY,21233,57
Toyota,RAV4,2015,Diesel,Automatic,3.3,129849,259.0,,2,0.0,Partial Service,Brown,SUV,AWD,28.0,TX,6502,141
Chevrolet,Tahoe,2010,Petrol,Automatic,2.8,167761,219.0,205.0,2,1.0,Full Service,Blue,SUV,AWD,35.0,OH,6164,201
Honda,Civic,2018,Hybrid,Automatic,1.8,36353,151.0,145.0,2,0.0,No Service,Silver,Sedan,FWD,51.0,PA,9518,105
Chevrolet,Malibu,2024,Petrol,Automatic,2.3,100,190.0,198.0,1,,Full Service,Gray,Sedan,FWD,29.0,TX,24795,33
Mercedes-Benz,E-Class,2009,Petrol,Manual,1.6,187085,123.0,102.0,4,0.0,Full Service,Gray,Sedan,FWD,37.0,,6309,213
Volkswagen,Passat,2012,Petrol,Automatic,1.9,137582,152.0,139.0,4,1.0,,Black,Sedan,FWD,33.0,,2618,177
Nissan,Altima,2010,Petrol,Manual,1.6,191314,116.0,115.0,2,1.0,Partial Service,Blue,Sedan,FWD,40.0,GA,500,201
Volkswagen,Passat,2022,Hybrid,,2.3,24550,196.0,186.0,1,0.0,Full Service,White,Sedan,FWD,48.0,GA,23253,57
Ford,Mustang,2020,Diesel,Automatic,3.3,57470,254.0,253.0,2,1.0,Partial Service,Red,Coupe,RWD,,NC,13502,81
Toyota,Highlander,2009,Petrol,Manual,2.3,176683,169.0,165.0,2,,Full Service,Green,SUV,AWD,,OH,1047,213
Volkswagen,Passat,2021,Petrol,Automatic,2.2,46048,174.0,154.0,1,0.0,No Service,,Sedan,FWD,,IL,15629,69
Ford,Mustang,2007,Diesel,Automatic,,137207,226.0,215.0,4,1.0,Full Service,Red,Coupe,AWD,22.0,TX,500,237
BMW,X3,2015,Petrol,Automatic,2.2,48413,179.0,168.0,1,0.0,Full Service,Black,SUV,AWD,32.0,PA,20648,141
Volkswagen,Atlas,2010,Petrol,Manual,3.2,218504,,,4,,Full Service,White,SUV,AWD,24.0,CA,500,201
Volkswagen,Tiguan,2005,Petrol,Manual,2.0,175626,,167.0,5,0.0,Partial Service,,SUV,AWD,35.0,PA,500,261
BMW,X5,2008,Petrol,Manual,,256843,,207.0,4,1.0,Partial Service,Green,SUV,RWD,28.0,IL,2513,225
Chevrolet,Malibu,2007,Petrol,Manual,1.9,83598,,140.0,4,0.0,Full Service,Silver,Sedan,FWD,31.0,FL,1387,237
Audi,A6,2007,Petrol,Automatic,1.5,375101,119.0,114.0,5,0.0,Full Service,Red,Sedan,FWD,40.0,TX,500,237
BMW,X3,2010,Petrol,Automatic,2.0,204178,172.0,148.0,2,0.0,No Service,White,SUV,FWD,34.0,PA,3057,201
Hyundai,Sonata,2011,Petrol,Automatic,1.9,195480,149.0,157.0,3,,Full Service,White,Sedan,FWD,32.0,,500,189
Chevrolet,Silverado,2021,Hybrid,Automatic,,22559,241.0,226.0,1,,Partial Service,Blue,Truck,4WD,27.0,NC,25280,69
Nissan,Pathfinder,2015,Electric,Automatic,0.0,137537,271.0,298.0,1,0.0,,White,SUV,AWD,107.0,,10306,141
Volkswagen,Passat,2007,Petrol,Automatic,1.5,224837,136.0,130.0,4,1.0,No Service,Red,Sedan,FWD,42.0,FL,500,237
Honda,CR-V,2015,Petrol,Automatic,3.0,146993,227.0,209.0,3,,Full Service,,SUV,AWD,29.0,GA,4923,141
Honda,Pilot,2006,Petrol,Automatic,2.1,180950,169.0,152.0,4,1.0,Full Service,Brown,SUV,AWD,26.0,TX,500,249
Hyundai,Sonata,2011,Petrol,Manual,1.7,122863,153.0,155.0,3,1.0,Partial Service,Green,Sedan,FWD,39.0,NC,1616,189
BMW,3 Series,2024,Petrol,Automatic,1.7,1068,125.0,125.0,1,0.0,Partial Service,Green,Sedan,FWD,39.0,PA,42094,33
BMW,5 Series,2006,Petrol,Manual,2.2,175928,175.0,,5,0.0,No Service,Silver,Sedan,FWD,,,2992,249
BMW,X5,2006,Petrol,Automatic,2.4,155712,,182.0,3,0.0,Partial Service,Blue,SUV,AWD,,NC,5571,249
Ford,Mustang,2007,Petrol,Manual,2.7,86139,212.0,189.0,3,0.0,Partial Service,Silver,Coupe,RWD,24.0,IL,2234,237
Ford,Mustang,2015,Petrol,Automatic,3.9,64620,288.0,291.0,2,1.0,,Red,Coupe,AWD,26.0,TX,8060,141
Hyundai,Santa Fe,2012,Petrol,Automatic,2.1,255495,173.0,187.0,2,1.0,Full Service,Blue,SUV,FWD,35.0,CA,500,177
Honda,CR-V,2008,Petrol,Automatic,2.7,225249,203.0,184.0,3,0.0,Full Service,Black,SUV,AWD,24.0,,500,225
Ford,F-150,2012,Hybrid,Automatic,,209378,252.0,240.0,2,1.0,Full Service,Green,Truck,4WD,38.0,,1121,177
Audi,Q5,2020,Petrol,Automatic,2.1,695,159.0,,2,0.0,Partial Service,,SUV,RWD,30.0,GA,31885,81
Honda,Civic,2008,Petrol,Manual,2.4,138453,,177.0,2,,,Silver,Sedan,FWD,33.0,,500,225
Ford,Explorer,2005,Petrol,Automatic,2.8,220718,197.0,188.0,5,0.0,Full Service,,SUV,AWD,31.0,IL,500,261
Chevrolet,Tahoe,2008,Petrol,Automatic,2.4,190952,191.0,175.0,4,1.0,Partial Service,Green,SUV,FWD,33.0,IL,2943,225
Mercedes-Benz,GLC,2015,Hybrid,Automatic,2.5,50069,176.0,170.0,1,0.0,Partial Service,Blue,SUV,AWD,48.0,IL,18432,141
Mercedes-Benz,C-Class,2022,Hybrid,Automatic,1.8,5919,149.0,,1,0.0,Full Service,Red,Sedan,AWD,49.0,IL,38417,57
Nissan,Sentra,2019,Petrol,Automatic,2.2,61287,173.0,,2,0.0,Full Service,Blue,Sedan,FWD,,GA,10120,93
Mercedes-Benz,GLE,2009,Petrol,Manual,3.3,118070,253.0,225.0,3,1.0,Full Service,,SUV,AWD,20.0,,9394,213
Chevrolet,Equinox,2024,Diesel,Automatic,2.5,100,210.0,176.0,1,0.0,Full Service,Green,SUV,AWD,31.0,MI,27297,33
Hyundai,Sonata,2009,Petrol,Automatic,1.4,198906,113.0,111.0,3,1.0,No Service,Black,Sedan,FWD,,TX,500,213
Audi,A4,2024,Hybrid,Automatic,1.7,4926,123.0,111.0,1,0.0,Full Service,Black,Sedan,FWD,57.0,IL,41536,33
Nissan,Sentra,2010,Petrol,Manual,2.4,180832,196.0,178.0,3,0.0,Full Service,White,Sedan,FWD,34.0,TX,500,201
Mercedes-Benz,E-Class,2015,Petrol,Automatic,2.4,126174,182.0,165.0,1,0.0,,Blue,Sedan,FWD,33.0,MI,21151,141
Hyundai,Elantra,2016,Diesel,Automatic,2.0,87365,153.0,,2,1.0,,Green,Sedan,FWD,,IL,4594,129
Audi,A6,2012,Petrol,Automatic,2.0,125725,158.0,,3,1.0,Full Service,,Sedan,FWD,,,11827,177
Ford,Mustang,2018,Hybrid,Manual,3.4,65301,249.0,240.0,4,0.0,Full Service,Red,Coupe,AWD,42.0,OH,19819,105
BMW,X5,2013,Petrol,Automatic,3.4,153670,,257.0,4,1.0,Full Service,Green,SUV,FWD,23.0,GA,13795,165
Mercedes-Benz,GLC,2014,Petrol,Automatic,3.2,128636,265.0,250.0,3,0.0,Full Service,,SUV,AWD,31.0,MI,13626,153
Ford,Mustang,2009,Petrol,,4.8,163174,,319.0,4,0.0,No Service,,Coupe,RWD,13.0,,500,213
Ford,Escape,2018,Petrol,Automatic,,30220,210.0,183.0,3,,Partial Service,Silver,SUV,AWD,30.0,GA,11399,105
BMW,X5,2018,Hybrid,,2.6,60824,198.0,,1,1.0,Partial Service,Black,SUV,FWD,58.0,,29333,105
Volkswagen,Atlas,2009,Petrol,Automatic,2.9,88717,211.0,201.0,4,0.0,Full Service,Blue,SUV,FWD,29.0,FL,4992,213
Nissan,Rogue,2018,Diesel,,2.4,53410,,202.0,2,0.0,Partial Service,Red,SUV,FWD,34.0,NC,11483,105
Mercedes-Benz,C-Class,2014,Petrol,Automatic,1.9,117579,149.0,143.0,2,1.0,Full Service,Blue,Sedan,FWD,24.0,OH,10976,153
BMW,5 Series,2009,Petrol,Automatic,2.2,163132,167.0,168.0,3,0.0,Partial Service,,Sedan,FWD,35.0,FL,7209,213
Audi,Q7,2018,Petrol,Automatic,2.8,115877,210.0,203.0,1,1.0,Partial Service,White,SUV,AWD,25.0,MI,25465,105
Honda,Accord,2015,Petrol,Automatic,,184765,165.0,160.0,2,,Partial Service,Green,Sedan,FWD,31.0,,3126,141
Ford,Mustang,2007,Petrol,Automatic,,266886,299.0,270.0,4,1.0,Full Service,Brown,Coupe,RWD,18.0,OH,500,237
Chevrolet,Equinox,2021,Petrol,,2.1,12280,156.0,152.0,1,0.0,Partial Service,Blue,SUV,AWD,,CA,20341,69
Hyundai,Elantra,2006,Hybrid,Automatic,,100,123.0,132.0,4,0.0,No Service,Red,Sedan,FWD,,GA,3671,249
Nissan,Altima,2016,Petrol,Automatic,,30849,157.0,147.0,2,1.0,No Service,Silver,Sedan,FWD,32.0,CA,8590,129
Mercedes-Benz,E-Class,2019,Hybrid,Automatic,2.1,91669,183.0,186.0,2,1.0,Full Service,,Sedan,FWD,50.0,OH,29810,93
Toyota,RAV4,2019,Petrol,,3.0,53792,242.0,235.0,1,0.0,Partial Service,Black,SUV,RWD,26.0,,17356,93
Mercedes-Benz,GLE,2019,Petrol,Automatic,2.6,34568,180.0,,1,1.0,Full Service,Blue,SUV,FWD,30.0,PA,31385,93
Mercedes-Benz,GLC,2020,Petrol,Automatic,2.8,100,228.0,,1,0.0,Full Service,Red,SUV,FWD,22.0,TX,32195,81
Audi,A6,2023,Petrol,Automatic,1.7,14989,131.0,122.0,1,0.0,No Service,,Sedan,FWD,,CA,44678,45
Mercedes-Benz,GLC,2015,Petrol,,3.3,100,258.0,226.0,2,0.0,No Service,Silver,SUV,AWD,26.0,TX,18832,141
Mercedes-Benz,E-Class,2019,Petrol,Automatic,2.5,13522,184.0,159.0,1,0.0,Partial Service,White,Sedan,FWD,33.0,GA,36951,93
Hyundai,Santa Fe,2019,Hybrid,Automatic,3.4,47727,,238.0,2,0.0,Partial Service,Blue,SUV,AWD,,MI,17238,93
BMW,5 Series,2013,Diesel,Automatic,,238558,138.0,134.0,2,0.0,,,Sedan,FWD,,IL,9770,165
BMW,5 Series,2005,Petrol,Automatic,2.4,259372,173.0,151.0,5,0.0,,White,Sedan,FWD,33.0,NY,500,261
Chevrolet,Malibu,2022,Petrol,Automatic,2.4,16664,,178.0,1,0.0,No Service,Black,Sedan,FWD,33.0,GA,17070,57
Nissan,Rogue,2021,Petrol,Automatic,2.8,81152,209.0,191.0,1,,No Service,Green,SUV,AWD,30.0,IL,15326,69
Ford,F-150,2024,Hybrid,Automatic,5.4,100,385.0,363.0,1,0.0,Partial Service,Blue,Truck,4WD,24.0,PA,32339,33
Volkswagen,Passat,2016,Electric,,0.0,38922,283.0,,2,0.0,Full Service,Green,Sedan,FWD,106.0,PA,12097,129
BMW,X3,2012,Petrol,Automatic,,121931,194.0,180.0,3,0.0,Full Service,Brown,SUV,AWD,27.0,IL,10723,177
Audi,Q7,2005,Petrol,Automatic,2.5,224608,206.0,190.0,5,0.0,Full Service,Red,SUV,AWD,27.0,GA,634,261
Volkswagen,Golf,2020,Petrol,Automatic,2.2,41820,195.0,169.0,2,0.0,Full Service,Gray,Hatchback,FWD,28.0,GA,14684,81
Mercedes-Benz,GLE,2022,Petrol,Automatic,3.1,47915,249.0,237.0,1,0.0,Full Service,Green,SUV,AWD,26.0,CA,55347,57
Audi,A6,2015,Petrol,Automatic,1.8,151188,150.0,,3,0.0,Full Service,Blue,Sedan,FWD,31.0,CA,17888,141
Hyundai,Sonata,2008,Petrol,,1.6,179144,141.0,,5,0.0,Full Service,Brown,Sedan,FWD,40.0,NC,500,225
Nissan,Rogue,2009,Petrol,Manual,3.3,274546,241.0,237.0,3,1.0,Full Service,Blue,SUV,AWD,27.0,IL,500,213
Nissan,Altima,2011,Petrol,Manual,2.0,283988,142.0,135.0,4,,,Black,Sedan,AWD,,TX,500,189
BMW,X3,2021,Petrol,Automatic,3.4,31673,,241.0,1,,No Service,White,SUV,AWD,24.0,GA,32468,69
Volkswagen,Tiguan,2020,Petrol,Automatic,,100,245.0,227.0,1,0.0,Full Service,White,SUV,AWD,,GA,20229,81
Honda,CR-V,2014,Petrol,Automatic,3.4,148445,260.0,240.0,2,1.0,No Service,Gray,SUV,AWD,25.0,IL,3585,153
Audi,Q7,2019,Diesel,Automatic,2.1,70700,177.0,165.0,2,0.0,,Brown,SUV,AWD,38.0,NY,33924,93
Honda,Civic,2005,Petrol,,2.3,191687,,174.0,5,1.0,Full Service,,Sedan,FWD,28.0,IL,500,261
Mercedes-Benz,E-Class,2023,Hybrid,,1.9,10722,151.0,136.0,1,0.0,,Gray,Sedan,FWD,63.0,CA,50713,45
Honda,Civic,2019,Petrol,Automatic,2.3,74233,182.0,174.0,1,1.0,Full Service,Green,Sedan,FWD,34.0,,8895,93
Ford,F-150,2013,Petrol,Automatic,4.7,169341,,330.0,2,0.0,Full Service,Brown,Truck,4WD,19.0,CA,4182,165
Ford,Escape,2013,Hybrid,Automatic,2.2,113135,,182.0,3,,Full Service,Green,SUV,FWD,49.0,GA,3956,165
Audi,A4,2017,Diesel,Automatic,2.1,110938,,162.0,1,0.0,No Service,Black,Sedan,FWD,37.0,NC,13600,117
Audi,Q7,2015,Petrol,Automatic,2.5,67906,195.0,173.0,4,,,Gray,SUV,AWD,32.0,IL,18931,141
Ford,Mustang,2019,Electric,Automatic,0.0,58249,262.0,288.0,2,,No Service,White,Coupe,RWD,,IL,13300,93
Hyundai,Santa Fe,2006,Petrol,Automatic,2.9,75650,232.0,226.0,5,0.0,No Service,Red,SUV,AWD,,PA,2572,249
Nissan,Rogue,2012,Petrol,Automatic,3.5,177703,269.0,239.0,3,,Full Service,Silver,SUV,AWD,25.0,CA,1013,177
Toyota,Highlander,2015,Diesel,Automatic,2.4,22089,183.0,168.0,1,0.0,No Service,Gray,SUV,FWD,32.0,,13755,141
Honda,Civic,2022,Diesel,Automatic,,25877,,126.0,1,0.0,No Service,,Sedan,FWD,38.0,PA,15672,57
Nissan,Rogue,2022,Petrol,,2.4,32045,191.0,202.0,1,0.0,Partial Service,Brown,SUV,RWD,28.0,,21137,57
Mercedes-Benz,C-Class,2007,Hybrid,Automatic,1.6,124049,135.0,128.0,5,,,Brown,Sedan,FWD,49.0,OH,3388,237
Mercedes-Benz,E-Class,2012,Petrol,Automatic,2.0,171980,147.0,137.0,3,0.0,Full Service,Black,Sedan,FWD,,PA,12142,177
Mercedes-Benz,GLC,2011,Petrol,,3.4,232739,258.0,236.0,4,0.0,Partial Service,Green,SUV,AWD,26.0,GA,4060,189
Honda,Civic,2023,Petrol,Automatic,2.2,551,157.0,,1,0.0,Full Service,Blue,Sedan,FWD,34.0,CA,22130,45
Mercedes-Benz,E-Class,2020,Petrol,Automatic,2.3,32580,167.0,,1,0.0,Partial Service,Gray,Sedan,AWD,36.0,TX,34831,81
Honda,Pilot,2005,Petrol,Automatic,3.4,212223,235.0,214.0,5,,,,SUV,AWD,,MI,500,261
BMW,X5,2010,Petrol,Manual,3.2,141406,255.0,250.0,4,,No Service,Silver,SUV,AWD,30.0,NY,8621,201
Audi,A4,2015,Hybrid,Automatic,2.5,137551,214.0,208.0,3,0.0,,,Sedan,FWD,52.0,TX,11819,141
Audi,Q5,2020,Petrol,Automatic,2.2,18522,175.0,187.0,1,0.0,Partial Service,Brown,SUV,AWD,37.0,,29061,81
Volkswagen,Passat,2020,Diesel,Automatic,1.7,15813,133.0,116.0,1,0.0,Full Service,White,Sedan,AWD,36.0,CA,17785,81
Hyundai,Santa Fe,2008,Petrol,Manual,3.3,87823,237.0,222.0,4,0.0,Full Service,Blue,SUV,AWD,24.0,IL,3921,225
Hyundai,Sonata,2009,Petrol,,2.0,104265,153.0,154.0,4,1.0,Partial Service,White,Sedan,FWD,33.0,TX,1248,213
Toyota,RAV4,2008,Petrol,Automatic,2.8,105526,,209.0,5,,Full Service,Blue,SUV,AWD,27.0,FL,1912,225
Audi,Q7,2019,Petrol,Automatic,3.5,57413,257.0,253.0,1,,,Red,SUV,AWD,26.0,TX,28250,93
Mercedes-Benz,GLC,2021,Hybrid,Automatic,3.1,24316,,225.0,1,0.0,Full Service,Gray,SUV,FWD,34.0,PA,36743,69
Ford,Explorer,2024,Hybrid,Automatic,2.3,5210,184.0,182.0,1,0.0,,Blue,SUV,AWD,46.0,OH,31933,33
Audi,A4,2008,Petrol,Automatic,2.2,134153,197.0,176.0,4,1.0,,Gray,Sedan,FWD,,IL,2677,225
Volkswagen,Passat,2013,Petrol,,2.2,46449,165.0,146.0,3,0.0,Partial Service,Green,Sedan,FWD,32.0,CA,8404,165
Ford,Explorer,2014,Petrol,Automatic,,153784,244.0,240.0,4,0.0,Full Service,Red,SUV,RWD,27.0,,6651,153
Mercedes-Benz,GLE,2014,Hybrid,Automatic,2.4,148016,190.0,,2,,No Service,Gray,SUV,FWD,,GA,16403,153
Audi,A4,2014,Petrol,Automatic,2.1,92345,161.0,,4,0.0,,Red,Sedan,AWD,29.0,NY,10880,153
Chevrolet,Tahoe,2016,Petrol,Automatic,3.1,150082,231.0,214.0,2,1.0,Partial Service,Blue,SUV,AWD,27.0,TX,14791,129
Ford,Escape,2023,Petrol,Automatic,,18192,218.0,204.0,1,0.0,Full Service,Brown,SUV,AWD,30.0,OH,25452,45
Toyota,Corolla,2013,Petrol,Automatic,,102397,150.0,150.0,3,0.0,,Brown,Sedan,FWD,37.0,CA,2129,165
Honda,CR-V,2014,Petrol,Automatic,2.8,175030,,,2,0.0,Partial Service,Black,SUV,AWD,,PA,3437,153
Toyota,RAV4,2016,Petrol,Automatic,,62477,186.0,173.0,2,0.0,No Service,Red,SUV,AWD,27.0,,9326,129
Chevrolet,Silverado,2018,Petrol,,5.3,94739,388.0,361.0,1,0.0,Full Service,Gray,Truck,4WD,10.0,NY,16438,105
Audi,A6,2014,Petrol,Automatic,1.9,110393,153.0,135.0,3,,Full Service,Black,Sedan,AWD,,MI,17710,153
Honda,Accord,2008,Petrol,Manual,1.8,168285,140.0,134.0,3,,,Brown,Sedan,FWD,,NC,500,225
Hyundai,Elantra,2011,Petrol,Automatic,2.3,275975,,136.0,3,0.0,Partial Service,Gray,Sedan,FWD,31.0,IL,500,189
Audi,Q5,2012,Petrol,,2.8,8416,226.0,217.0,4,1.0,Partial Service,Green,SUV,FWD,28.0,NC,11890,177
BMW,3 Series,2021,Petrol,Automatic,2.3,30321,182.0,169.0,1,0.0,,Brown,Sedan,FWD,33.0,IL,33280,69
Volkswagen,Tiguan,2017,Diesel,,2.1,139739,168.0,146.0,2,1.0,No Service,Red,SUV,FWD,39.0,NC,6431,117
Honda,Accord,2011,Diesel,Automatic,2.0,144055,,158.0,3,,Full Service,Red,Sedan,FWD,,CA,1195,189
Ford,F-150,2006,Petrol,,3.0,181975,,211.0,3,1.0,No Service,Brown,Truck,4WD,26.0,IL,500,249
Toyota,Corolla,2013,Petrol,Automatic,,68807,148.0,146.0,3,1.0,No Service,Green,Sedan,FWD,,OH,3718,165
BMW,X5,2021,Petrol,Automatic,2.6,71861,211.0,204.0,1,0.0,Partial Service,Gray,SUV,FWD,29.0,FL,41414,69
BMW,X5,2019,Petrol,,2.8,59581,,198.0,1,0.0,Partial Service,Red,SUV,AWD,25.0,GA,36291,93
BMW,3 Series,2007,Petrol,Automatic,2.0,321493,,149.0,4,,No Service,Silver,Sedan,AWD,37.0,FL,500,237
Audi,Q7,2013,Petrol,Automatic,,83557,178.0,170.0,2,1.0,Partial Service,Gray,SUV,AWD,36.0,,15901,165
Toyota,Corolla,2006,Petrol,Automatic,,387962,131.0,119.0,4,1.0,Partial Service,Silver,Sedan,FWD,31.0,PA,500,249
Ford,Escape,2014,Petrol,Automatic,3.1,83779,240.0,240.0,3,0.0,Full Service,Brown,SUV,AWD,29.0,PA,7502,153
Hyundai,Santa Fe,2019,Petrol,Automatic,2.7,56629,215.0,206.0,2,1.0,No Service,Green,SUV,FWD,30.0,NY,13764,93
BMW,X5,2019,Petrol,Automatic,2.6,78506,196.0,197.0,1,,Partial Service,Black,SUV,AWD,28.0,NY,35377,93
BMW,X5,2011,Petrol,Manual,2.6,204944,220.0,,5,1.0,Full Service,Black,SUV,AWD,31.0,MI,8196,189
Nissan,Sentra,2009,Petrol,,,232871,,,3,,No Service,,Sedan,FWD,41.0,PA,500,213
Audi,Q7,2009,Petrol,,2.8,263270,213.0,196.0,2,0.0,Partial Service,Green,SUV,FWD,,NC,3731,213
Mercedes-Benz,GLE,2005,Petrol,Manual,3.1,284438,227.0,207.0,4,0.0,,Blue,SUV,AWD,28.0,CA,500,261
Chevrolet,Tahoe,2015,Petrol,Automatic,,132703,,,2,1.0,Partial Service,Red,SUV,AWD,35.0,PA,14971,141
BMW,5 Series,2011,Petrol,Manual,1.6,81419,144.0,129.0,3,0.0,Full Service,Silver,Sedan,AWD,39.0,IL,14364,189
Hyundai,Elantra,2016,Petrol,Automatic,2.4,73269,,168.0,1,1.0,Full Service,,Sedan,FWD,,MI,5315,129
Volkswagen,Golf,2010,Petrol,,2.4,158303,212.0,219.0,4,0.0,,Red,Hatchback,FWD,32.0,TX,500,201
BMW,X5,2024,Petrol,Automatic,2.8,100,228.0,218.0,1,,Full Service,Blue,SUV,RWD,29.0,OH,62179,33
Mercedes-Benz,C-Class,2005,Petrol,Manual,,260603,156.0,137.0,5,0.0,No Service,White,Sedan,FWD,37.0,NY,500,261
Volkswagen,Atlas,2020,Petrol,Automatic,2.7,29470,210.0,192.0,2,1.0,,Brown,SUV,AWD,28.0,PA,18741,81
Audi,A4,2017,Petrol,Automatic,2.0,50142,175.0,160.0,2,,,,Sedan,FWD,31.0,,19704,117
BMW,3 Series,2012,Petrol,Automatic,1.4,63899,128.0,116.0,2,,Partial Service,Blue,Sedan,FWD,41.0,GA,9918,177
Chevrolet,Tahoe,2020,Petrol,Automatic,2.3,54755,180.0,175.0,2,0.0,Full Service,Silver,SUV,AWD,33.0,,33038,81
Honda,Civic,2019,Petrol,,2.4,78123,195.0,193.0,1,0.0,Full Service,Black,Sedan,FWD,,NY,10052,93
Mercedes-Benz,GLC,2024,Petrol,Automatic,3.1,5517,245.0,231.0,1,0.0,Full Service,White,SUV,AWD,32.0,NC,45411,33
Hyundai,Tucson,2006,Petrol,Manual,3.0,228649,247.0,224.0,5,1.0,Partial Service,Silver,SUV,FWD,29.0,OH,500,249
Ford,F-150,2007,Petrol,Manual,4.4,307601,325.0,322.0,4,1.0,Full Service,Silver,Truck,RWD,19.0,IL,500,237
Mercedes-Benz,GLC,2020,Petrol,Automatic,2.9,54995,205.0,186.0,1,1.0,Partial Service,Gray,SUV,FWD,27.0,MI,27046,81
Audi,A6,2006,Petrol,Automatic,1.4,231728,122.0,,4,1.0,Full Service,Brown,Sedan,FWD,,MI,570,249
Honda,Accord,2020,Petrol,Automatic,1.8,45681,,131.0,1,0.0,,,Sedan,FWD,35.0,NY,14651,81
Mercedes-Benz,E-Class,2006,Petrol,,,328405,,169.0,3,0.0,Full Service,,Sedan,FWD,25.0,GA,500,249
Chevrolet,Silverado,2011,Diesel,Manual,4.0,202359,302.0,277.0,4,0.0,Partial Service,Gray,Truck,RWD,19.0,PA,1226,189
Chevrolet,Malibu,2016,Petrol,Automatic,1.5,247948,123.0,,1,1.0,No Service,Brown,Sedan,FWD,,GA,500,129
Ford,Mustang,2022,Petrol,Automatic,2.6,42005,194.0,185.0,1,1.0,Full Service,Green,Coupe,RWD,30.0,NY,18898,57
Audi,A6,2007,Petrol,Automatic,1.7,112765,123.0,122.0,4,0.0,Partial Service,Brown,Sedan,FWD,34.0,MI,6198,237
BMW,3 Series,2014,Petrol,Automatic,2.2,98086,163.0,150.0,2,0.0,,Black,Sedan,FWD,29.0,GA,13137,153
Honda,Pilot,2020,Petrol,,2.3,57214,193.0,194.0,2,0.0,Full Service,Black,SUV,AWD,37.0,FL,23064,81
Toyota,Corolla,2023,Hybrid,Automatic,2.1,9079,187.0,178.0,1,,Full Service,Red,Sedan,FWD,53.0,PA,17895,45
Volkswagen,Atlas,2024,Petrol,,2.6,100,220.0,200.0,1,0.0,,Red,SUV,RWD,27.0,NY,31737,33
Nissan,Pathfinder,2008,Petrol,Manual,3.4,28327,258.0,248.0,4,1.0,,Brown,SUV,AWD,,CA,6324,225
Mercedes-Benz,GLE,2024,Petrol,Automatic,3.0,2027,225.0,,1,0.0,Full Service,White,SUV,AWD,26.0,GA,61326,33
Toyota,Camry,2006,Petrol,Automatic,2.2,302368,160.0,163.0,4,0.0,Full Service,Brown,Sedan,FWD,36.0,FL,500,249
Volkswagen,Atlas,2021,Electric,Automatic,0.0,41050,,336.0,1,,No Service,Gray,SUV,AWD,119.0,MI,22505,69
Mercedes-Benz,GLE,2024,Petrol,Automatic,2.3,100,190.0,179.0,1,,,Blue,SUV,AWD,31.0,NC,48808,33
BMW,X5,2024,Electric,Automatic,0.0,3709,,,1,0.0,Full Service,Black,SUV,AWD,111.0,,62174,33
Chevrolet,Malibu,2020,Petrol,,2.3,10127,184.0,,2,0.0,Full Service,Black,Sedan,AWD,31.0,MI,15718,81
BMW,X5,2005,Petrol,Manual,2.5,97181,197.0,204.0,5,1.0,Partial Service,Red,SUV,RWD,34.0,GA,6090,261
Ford,Escape,2015,Petrol,,2.9,63864,225.0,216.0,3,0.0,Full Service,,SUV,AWD,,CA,9108,141
Audi,Q5,2017,Petrol,Automatic,2.7,79851,207.0,,2,0.0,,Red,SUV,FWD,29.0,FL,23116,117
Nissan,Rogue,2023,Petrol,,2.9,15417,216.0,,1,1.0,,Green,SUV,AWD,,MI,17348,45
Audi,A4,2022,Hybrid,Automatic,2.3,26616,163.0,160.0,1,0.0,Partial Service,Brown,Sedan,FWD,,NY,32638,57
Mercedes-Benz,C-Class,2008,Petrol,Manual,1.9,255114,145.0,139.0,4,1.0,,,Sedan,FWD,28.0,,500,225
BMW,3 Series,2012,Petrol,Automatic,,45112,127.0,113.0,2,0.0,Partial Service,Gray,Sedan,FWD,37.0,CA,13366,177
Chevrolet,Equinox,2007,Petrol,Manual,,217071,204.0,,5,0.0,Partial Service,Green,SUV,AWD,26.0,GA,500,237
Toyota,RAV4,2017,Petrol,Automatic,3.2,134946,263.0,237.0,1,0.0,Full Service,,SUV,AWD,25.0,,8981,117
Nissan,Altima,2023,Petrol,Automatic,1.9,12866,142.0,135.0,1,,,Black,Sedan,FWD,39.0,IL,18421,45
Toyota,Corolla,2008,Petrol,Manual,,203463,153.0,138.0,5,1.0,No Service,Brown,Sedan,FWD,31.0,CA,500,225
Nissan,Pathfinder,2012,Petrol,Automatic,2.6,68612,210.0,226.0,2,1.0,Partial Service,Brown,SUV,FWD,33.0,,7034,177
Honda,Pilot,2016,Petrol,Automatic,2.4,60989,176.0,166.0,3,,Partial Service,Black,SUV,RWD,36.0,GA,17637,129
Chevrolet,Silverado,2016,Petrol,Automatic,4.6,106980,336.0,,1,0.0,Partial Service,Gray,Truck,4WD,14.0,IL,11534,129
Audi,Q7,2008,Diesel,Manual,3.1,97195,260.0,,5,1.0,Full Service,Green,SUV,AWD,26.0,CA,8673,225
BMW,X5,2018,Diesel,Automatic,2.4,121662,,180.0,2,,Partial Service,,SUV,AWD,29.0,GA,25585,105
Volkswagen,Tiguan,2013,Petrol,Automatic,3.5,100,276.0,254.0,3,1.0,,Brown,SUV,AWD,21.0,NY,9129,165
Honda,CR-V,2007,Petrol,Automatic,3.0,173522,234.0,240.0,3,,Full Service,Silver,SUV,AWD,24.0,NC,500,237
Chevrolet,Equinox,2015,Petrol,Automatic,2.2,136846,170.0,162.0,1,0.0,,Gray,SUV,FWD,35.0,,5826,141
Toyota,Camry,2019,Petrol,Automatic,1.4,46674,109.0,117.0,2,,Partial Service,Silver,Sedan,FWD,44.0,FL,12827,93
Mercedes-Benz,C-Class,2015,Petrol,,1.5,135324,109.0,80.0,2,1.0,Full Service,Gray,Sedan,FWD,38.0,TX,13165,141
Nissan,Sentra,2006,Petrol,Manual,1.6,227342,,149.0,3,0.0,Partial Service,Red,Sedan,AWD,37.0,NC,500,249
Chevrolet,Malibu,2023,Petrol,Automatic,2.5,13100,190.0,,1,0.0,Full Service,White,Sedan,FWD,28.0,,22204,45
Honda,Civic,2013,Petrol,Automatic,,95516,180.0,156.0,3,,Partial Service,Gray,Sedan,FWD,32.0,PA,3762,165
Chevrolet,Silverado,2020,Hybrid,Automatic,4.5,8229,,323.0,2,0.0,Full Service,Red,Truck,4WD,35.0,PA,23263,81
Honda,Accord,2012,Petrol,Automatic,2.3,142479,175.0,166.0,1,,No Service,Silver,Sedan,FWD,34.0,FL,1826,177
BMW,5 Series,2015,Petrol,,1.9,140217,133.0,119.0,3,0.0,,Gray,Sedan,AWD,37.0,MI,18878,141
Hyundai,Santa Fe,2005,Petrol,Automatic,2.2,410673,175.0,169.0,5,0.0,Partial Service,Silver,SUV,AWD,33.0,TX,500,261
Volkswagen,Passat,2024,Petrol,Automatic,2.2,100,172.0,176.0,1,,,Black,Sedan,FWD,29.0,OH,28882,33
Audi,Q5,2020,Petrol,Automatic,3.2,42578,254.0,251.0,1,1.0,Partial Service,Silver,SUV,AWD,,CA,24759,81
Chevrolet,Equinox,2018,Petrol,Automatic,3.4,148502,239.0,221.0,2,1.0,,Black,SUV,AWD,30.0,GA,7246,105
BMW,3 Series,2020,Diesel,,2.1,66622,177.0,166.0,1,0.0,Partial Service,Black,Sedan,AWD,33.0,PA,25759,81
Chevrolet,Malibu,2007,Petrol,Manual,2.1,266901,189.0,176.0,4,1.0,Full Service,Silver,Sedan,FWD,36.0,FL,500,237
Nissan,Pathfinder,2007,Petrol,Automatic,3.3,308846,,245.0,3,1.0,No Service,Black,SUV,FWD,25.0,OH,500,237
Nissan,Sentra,2007,Diesel,,1.6,15243,137.0,136.0,4,1.0,Partial Service,,Sedan,AWD,,CA,3200,237
Ford,F-150,2015,Petrol,,3.1,137653,231.0,,3,,,Red,Truck,4WD,27.0,IL,7898,141
Honda,CR-V,2006,Diesel,,3.1,114899,211.0,206.0,2,1.0,No Service,Brown,SUV,FWD,21.0,MI,500,249
BMW,3 Series,2022,Hybrid,Automatic,1.6,27073,,128.0,1,,No Service,,Sedan,AWD,49.0,CA,46080,57
Ford,Explorer,2011,Hybrid,Automatic,,172627,204.0,214.0,3,0.0,No Service,Gray,SUV,FWD,,NC,2341,189
Mercedes-Benz,GLC,2009,Petrol,Automatic,2.8,68856,,,3,0.0,No Service,Black,SUV,AWD,32.0,MI,7951,213
Nissan,Sentra,2011,Petrol,Manual,1.7,134887,139.0,128.0,2,1.0,Partial Service,Black,Sedan,FWD,31.0,GA,500,189
Ford,Mustang,2024,Petrol,Manual,,100,182.0,175.0,1,0.0,No Service,Silver,Coupe,RWD,39.0,TX,24377,33
Hyundai,Santa Fe,2023,Petrol,Automatic,2.3,2944,192.0,180.0,1,0.0,Partial Service,Silver,SUV,AWD,30.0,,28206,45
Ford,F-150,2018,Petrol,Automatic,3.8,150269,301.0,294.0,2,0.0,No Service,Brown,Truck,RWD,22.0,PA,9972,105
Chevrolet,Silverado,2014,Diesel,Automatic,4.2,56255,304.0,291.0,2,0.0,,Silver,Truck,RWD,15.0,PA,11480,153
Nissan,Altima,2021,Petrol,Automatic,2.2,45197,173.0,,1,0.0,Partial Service,Brown,Sedan,FWD,32.0,NC,15659,69
Chevrolet,Malibu,2017,Petrol,Automatic,1.8,8911,144.0,,3,1.0,Partial Service,Black,Sedan,FWD,35.0,IL,10847,117
Honda,Civic,2019,Petrol,Automatic,2.2,113446,163.0,160.0,1,,Full Service,Red,Sedan,FWD,33.0,NC,8139,93
Toyota,Corolla,2005,Petrol,Automatic,,141647,115.0,127.0,4,1.0,Partial Service,,Sedan,FWD,35.0,TX,500,261
Chevrolet,Silverado,2006,Diesel,Manual,4.5,31338,335.0,,4,0.0,Partial Service,Green,Truck,4WD,11.0,MI,5710,249
Volkswagen,Atlas,2021,Petrol,Automatic,3.5,22822,,257.0,1,0.0,No Service,Brown,SUV,AWD,24.0,FL,21278,69
Ford,Explorer,2017,Petrol,Automatic,,82367,211.0,208.0,2,0.0,Full Service,Red,SUV,AWD,29.0,,15889,117
Ford,Mustang,2016,Petrol,Manual,4.4,68226,345.0,333.0,2,0.0,Partial Service,Brown,Coupe,RWD,17.0,IL,9625,129
Honda,CR-V,2006,Petrol,Manual,3.2,253444,267.0,240.0,3,1.0,Partial Service,Green,SUV,AWD,24.0,,500,249
Honda,Accord,2015,Petrol,Automatic,1.5,70972,114.0,115.0,2,0.0,No Service,Gray,Sedan,FWD,39.0,OH,8217,141
Chevrolet,Silverado,2006,Diesel,,4.6,216488,334.0,326.0,4,0.0,Full Service,Green,Truck,4WD,17.0,,500,249
Hyundai,Elantra,2013,Petrol,Automatic,2.4,255149,,188.0,1,1.0,No Service,Red,Sedan,FWD,28.0,NC,500,165
Ford,Explorer,2021,Petrol,Automatic,2.4,100,189.0,165.0,1,0.0,,Blue,SUV,AWD,29.0,IL,31208,69
Ford,Mustang,2021,Petrol,Automatic,3.2,22153,242.0,222.0,1,0.0,Full Service,,Coupe,AWD,25.0,PA,20401,69
Chevrolet,Silverado,2014,Diesel,Automatic,5.6,100,396.0,362.0,1,1.0,Partial Service,Black,Truck,RWD,,NC,11843,153
Volkswagen,Golf,2014,Petrol,Automatic,2.3,149523,179.0,166.0,3,1.0,,Gray,Hatchback,FWD,36.0,GA,2067,153
Mercedes-Benz,GLE,2006,Hybrid,Automatic,,220061,,156.0,4,1.0,Partial Service,Red,SUV,AWD,48.0,IL,2161,249
Honda,Civic,2006,Petrol,Automatic,2.5,100,188.0,,5,0.0,No Service,Brown,Sedan,FWD,34.0,NY,3651,249
Hyundai,Sonata,2009,Petrol,Automatic,1.4,200310,113.0,103.0,4,0.0,,Green,Sedan,FWD,,,500,213
Toyota,Camry,2015,Petrol,,1.4,115215,99.0,98.0,3,1.0,Partial Service,Gray,Sedan,FWD,35.0,OH,4728,141
Toyota,RAV4,2018,Hybrid,Automatic,2.7,47648,202.0,,1,1.0,No Service,Black,SUV,FWD,34.0,GA,11244,105
Chevrolet,Malibu,2023,Petrol,Automatic,1.5,25662,115.0,115.0,1,0.0,Full Service,Brown,Sedan,FWD,36.0,IL,21680,45
Audi,A4,2012,Petrol,Automatic,1.8,160849,148.0,,4,0.0,,Blue,Sedan,FWD,33.0,NY,6972,177
Hyundai,Elantra,2019,Diesel,Automatic,2.0,96401,172.0,183.0,3,0.0,No Service,Green,Sedan,FWD,36.0,CA,7891,93
Honda,Pilot,2018,Hybrid,Automatic,,75218,,188.0,1,0.0,Full Service,Silver,SUV,AWD,46.0,,20275,105
Mercedes-Benz,GLC,2013,Petrol,Automatic,2.9,171277,,,3,0.0,Full Service,Black,SUV,FWD,,NY,9968,165
Honda,Pilot,2021,Diesel,Automatic,3.2,20104,258.0,247.0,1,0.0,Partial Service,,SUV,FWD,25.0,NY,25092,69
Honda,Accord,2012,Petrol,Automatic,1.9,63093,154.0,134.0,2,0.0,Partial Service,Brown,Sedan,FWD,38.0,NY,6160,177
Ford,F-150,2017,Petrol,Automatic,4.8,51948,,344.0,2,1.0,,,Truck,4WD,11.0,TX,13969,117
Hyundai,Santa Fe,2011,Petrol,Automatic,2.1,157665,178.0,164.0,5,0.0,No Service,Green,SUV,FWD,35.0,FL,2317,189
Hyundai,Santa Fe,2013,Petrol,Automatic,3.0,62694,225.0,206.0,4,0.0,,Gray,SUV,AWD,,FL,9742,165
BMW,3 Series,2012,Petrol,Automatic,1.9,96298,147.0,138.0,3,0.0,Partial Service,Blue,Sedan,FWD,,NC,10839,177
BMW,X3,2008,Petrol,,3.1,161798,251.0,239.0,3,1.0,,,SUV,FWD,27.0,IL,2816,225
Hyundai,Tucson,2013,Petrol,Automatic,2.3,89525,190.0,,2,1.0,Full Service,Silver,SUV,AWD,33.0,FL,4697,165
Volkswagen,Golf,2014,Petrol,,2.1,191058,144.0,130.0,2,1.0,No Service,Green,Hatchback,AWD,36.0,PA,500,153
Hyundai,Tucson,2009,Petrol,Automatic,3.1,231476,,222.0,4,1.0,Partial Service,Brown,SUV,AWD,26.0,,500,213
Mercedes-Benz,GLE,2012,Petrol,Automatic,2.6,231727,208.0,203.0,3,1.0,Partial Service,Red,SUV,FWD,31.0,,8112,177
Nissan,Rogue,2023,Petrol,Automatic,3.1,24284,229.0,204.0,1,0.0,Full Service,,SUV,AWD,26.0,MI,24617,45
Volkswagen,Tiguan,2021,Diesel,Automatic,2.0,78766,154.0,131.0,1,0.0,Partial Service,White,SUV,RWD,33.0,PA,18696,69
Hyundai,Tucson,2014,Petrol,Automatic,2.3,184552,185.0,173.0,1,1.0,,Black,SUV,FWD,26.0,IL,1663,153
Nissan,Altima,2005,Hybrid,,1.8,276346,135.0,131.0,4,1.0,Full Service,Green,Sedan,FWD,51.0,,500,261
Ford,Escape,2010,Hybrid,Automatic,3.2,92799,250.0,240.0,3,0.0,,Brown,SUV,AWD,32.0,,3397,201
Hyundai,Elantra,2016,Petrol,Automatic,2.5,164714,212.0,,2,1.0,Partial Service,White,Sedan,FWD,29.0,,1513,129
Honda,Civic,2022,Petrol,Automatic,2.5,12525,196.0,187.0,1,0.0,Full Service,White,Sedan,FWD,31.0,NY,19559,57
Toyota,RAV4,2005,Petrol,Automatic,2.7,355589,,217.0,4,0.0,Full Service,Gray,SUV,FWD,25.0,IL,500,261
Toyota,Corolla,2005,Petrol,,2.2,295345,,144.0,5,0.0,No Service,Black,Sedan,FWD,34.0,,500,261
Chevrolet,Silverado,2012,Petrol,Automatic,4.1,70368,298.0,279.0,4,0.0,Partial Service,Gray,Truck,4WD,23.0,,9136,177
Toyota,Highlander,2019,Hybrid,Automatic,2.2,70606,171.0,164.0,3,0.0,Partial Service,,SUV,AWD,43.0,TX,20622,93
Chevrolet,Equinox,2016,Petrol,,3.4,67916,250.0,,2,0.0,Full Service,Black,SUV,AWD,21.0,TX,9481,129
Ford,F-150,2011,Diesel,Manual,3.9,194533,300.0,297.0,4,1.0,No Service,Brown,Truck,4WD,20.0,,747,189
Toyota,RAV4,2007,Petrol,,2.4,128750,169.0,164.0,2,1.0,Partial Service,Brown,SUV,AWD,30.0,NY,500,237
Nissan,Pathfinder,2023,Diesel,Automatic,2.3,10263,199.0,,1,0.0,No Service,Brown,SUV,AWD,34.0,OH,28211,45
Hyundai,Santa Fe,2023,Petrol,Automatic,3.5,9708,261.0,245.0,1,0.0,Full Service,Gray,SUV,AWD,22.0,TX,30764,45
Ford,Mustang,2013,Petrol,Automatic,3.8,87956,,265.0,2,1.0,No Service,,Coupe,RWD,,OH,4916,165
Audi,A6,2006,Petrol,Automatic,1.8,151638,150.0,143.0,5,0.0,Full Service,Brown,Sedan,FWD,31.0,TX,4896,249
Mercedes-Benz,E-Class,2006,Petrol,Automatic,1.6,125533,,,5,,No Service,Blue,Sedan,FWD,40.0,CA,5140,249
BMW,5 Series,2013,Petrol,Automatic,1.8,79835,150.0,154.0,3,0.0,Partial Service,White,Sedan,FWD,36.0,NY,15976,165
Nissan,Sentra,2018,Petrol,Automatic,2.1,75092,160.0,,2,0.0,,Black,Sedan,FWD,,NC,8840,105
Audi,Q7,2022,Petrol,Automatic,2.3,3911,189.0,,1,1.0,Partial Service,Blue,SUV,AWD,32.0,CA,40918,57
Ford,Mustang,2012,Petrol,,3.4,117816,249.0,,2,1.0,Full Service,,Coupe,RWD,21.0,PA,3476,177
Mercedes-Benz,GLE,2011,Petrol,Manual,,111002,161.0,160.0,3,,Full Service,Red,SUV,AWD,36.0,,12995,189
Toyota,Corolla,2007,Diesel,Manual,2.3,292116,182.0,185.0,5,1.0,,Black,Sedan,AWD,38.0,NY,500,237
Toyota,RAV4,2009,Petrol,Automatic,,197194,,240.0,5,0.0,Partial Service,Blue,SUV,AWD,,NC,500,213
Chevrolet,Tahoe,2012,Petrol,Automatic,2.3,184718,182.0,,2,1.0,,Green,SUV,AWD,31.0,FL,7698,177
Volkswagen,Tiguan,2017,Petrol,Automatic,,97146,258.0,236.0,3,1.0,No Service,Blue,SUV,AWD,22.0,CA,7775,117
Honda,CR-V,2023,Petrol,Automatic,2.9,10601,232.0,207.0,1,0.0,Partial Service,Red,SUV,FWD,29.0,CA,25087,45
Hyundai,Santa Fe,2005,Petrol,Automatic,2.9,216903,209.0,191.0,5,1.0,Partial Service,Black,SUV,AWD,34.0,FL,500,261
Hyundai,Elantra,2019,Hybrid,Automatic,2.1,103462,177.0,180.0,2,,,White,Sedan,FWD,56.0,IL,7633,93
Nissan,Rogue,2005,Petrol,Automatic,2.4,387410,,197.0,5,1.0,Partial Service,Blue,SUV,AWD,36.0,,500,261
Volkswagen,Atlas,2022,Petrol,Automatic,2.6,16239,,191.0,1,0.0,No Service,Blue,SUV,AWD,33.0,PA,25571,57
Hyundai,Sonata,2006,Petrol,Automatic,2.3,183133,151.0,130.0,4,1.0,,Black,Sedan,FWD,33.0,CA,500,249
Toyota,Corolla,2010,Petrol,Automatic,1.5,100269,126.0,118.0,5,1.0,,Green,Sedan,FWD,,CA,998,201
Toyota,RAV4,2010,Diesel,Automatic,2.1,161769,170.0,159.0,2,,Full Service,Red,SUV,AWD,37.0,PA,567,201
Audi,A6,2020,Petrol,Automatic,1.9,72583,145.0,138.0,1,0.0,Partial Service,Green,Sedan,FWD,39.0,NY,35865,81
BMW,X3,2006,Petrol,Automatic,2.3,114226,168.0,150.0,3,1.0,Full Service,,SUV,AWD,29.0,,3758,249
Mercedes-Benz,GLC,2018,Petrol,,,50020,,201.0,3,,Partial Service,Brown,SUV,AWD,27.0,PA,23146,105
Audi,Q5,2005,Petrol,Automatic,2.5,190537,190.0,180.0,5,1.0,Full Service,Brown,SUV,AWD,29.0,CA,500,261
Nissan,Sentra,2020,Petrol,Automatic,1.6,88604,128.0,115.0,1,1.0,Full Service,,Sedan,AWD,36.0,IL,8788,81
Volkswagen,Passat,2005,Petrol,Automatic,,314092,194.0,178.0,5,1.0,Full Service,Black,Sedan,FWD,33.0,PA,500,261
Toyota,Corolla,2015,Petrol,Automatic,1.5,160756,146.0,143.0,4,0.0,Partial Service,Black,Sedan,AWD,43.0,,1306,141
Nissan,Altima,2018,Electric,Automatic,0.0,50099,237.0,,2,0.0,Partial Service,Green,Sedan,FWD,111.0,FL,12161,105
Hyundai,Santa Fe,2008,Petrol,,2.3,391948,,160.0,4,0.0,,Brown,SUV,FWD,,NC,500,225
Mercedes-Benz,GLC,2020,Petrol,Automatic,2.3,43458,178.0,,1,1.0,Partial Service,,SUV,AWD,33.0,NY,26200,81
Hyundai,Tucson,2011,Petrol,Automatic,3.3,243347,265.0,264.0,2,1.0,,Black,SUV,FWD,23.0,NY,500,189
Mercedes-Benz,C-Class,2018,Petrol,Automatic,,74460,181.0,161.0,1,1.0,No Service,Silver,Sedan,FWD,31.0,TX,17414,105
Toyota,Corolla,2013,Petrol,Automatic,2.1,172418,168.0,173.0,2,0.0,Partial Service,Red,Sedan,FWD,33.0,FL,500,165
Toyota,Highlander,2009,Petrol,Manual,3.2,164921,229.0,,3,,Full Service,Brown,SUV,AWD,27.0,GA,1904,213
Ford,F-150,2016,Diesel,Automatic,4.5,80344,,322.0,2,1.0,No Service,White,Truck,RWD,14.0,NY,9334,129
Ford,Escape,2024,Petrol,Automatic,2.3,100,192.0,188.0,1,0.0,Full Service,Gray,SUV,AWD,35.0,NY,24614,33
Honda,Pilot,2016,Petrol,Automatic,3.3,54391,251.0,237.0,2,1.0,Partial Service,Brown,SUV,AWD,,PA,13705,129
Mercedes-Benz,GLE,2017,Electric,Automatic,0.0,184780,296.0,325.0,1,0.0,,Red,SUV,AWD,123.0,NY,27100,117
Honda,Accord,2011,Petrol,Automatic,1.8,84004,141.0,152.0,2,1.0,Full Service,Blue,Sedan,AWD,32.0,PA,3804,189
Hyundai,Sonata,2008,Petrol,Automatic,2.2,35807,,159.0,4,,Partial Service,,Sedan,FWD,31.0,GA,3508,225
Chevrolet,Malibu,2007,Petrol,Automatic,2.0,263190,139.0,128.0,4,1.0,No Service,Red,Sedan,FWD,,NY,500,237
Honda,CR-V,2012,Petrol,Automatic,2.7,69630,202.0,194.0,1,,No Service,Gray,SUV,AWD,25.0,NC,5494,177
Honda,Pilot,2013,Petrol,Automatic,2.8,226955,219.0,199.0,2,1.0,Full Service,White,SUV,FWD,29.0,IL,2535,165
Volkswagen,Tiguan,2010,Petrol,Automatic,2.5,161695,179.0,,5,0.0,Full Service,Gray,SUV,AWD,33.0,PA,569,201
Volkswagen,Golf,2020,Petrol,Automatic,2.2,94639,,166.0,2,1.0,Partial Service,Green,Hatchback,AWD,32.0,GA,9844,81
Volkswagen,Atlas,2020,Petrol,Automatic,2.6,32262,,172.0,1,0.0,Partial Service,Silver,SUV,AWD,34.0,CA,23349,81
Nissan,Pathfinder,2011,Petrol,,,48301,183.0,160.0,3,0.0,Full Service,Brown,SUV,AWD,35.0,CA,9674,189
Audi,A4,2020,Petrol,Automatic,2.1,37465,163.0,150.0,2,0.0,,White,Sedan,FWD,28.0,MI,24639,81
Hyundai,Elantra,2021,Petrol,Automatic,1.7,35162,138.0,126.0,1,1.0,Full Service,White,Sedan,FWD,34.0,NC,13616,69
Honda,Pilot,2015,Petrol,Automatic,2.6,191668,196.0,178.0,2,0.0,,Green,SUV,RWD,25.0,,7271,141
Volkswagen,Tiguan,2018,Hybrid,Automatic,,38875,,222.0,3,1.0,Full Service,Green,SUV,AWD,40.0,OH,6173,105
Chevrolet,Tahoe,2020,Petrol,,3.0,131434,224.0,,2,0.0,,Black,SUV,FWD,26.0,OH,29771,81
Honda,CR-V,2007,Diesel,Automatic,2.1,130015,174.0,188.0,4,1.0,Partial Service,Red,SUV,AWD,36.0,MI,500,237
Volkswagen,Tiguan,2012,Petrol,Automatic,2.0,109714,,161.0,2,0.0,Full Service,,SUV,AWD,37.0,GA,4619,177
Ford,Mustang,2017,Petrol,Manual,4.5,126684,,340.0,2,0.0,Full Service,Black,Coupe,AWD,15.0,CA,12700,117
Volkswagen,Passat,2008,Petrol,Automatic,2.2,197321,176.0,191.0,4,,Full Service,Brown,Sedan,FWD,33.0,FL,500,225
Chevrolet,Equinox,2017,Diesel,,3.4,113681,,244.0,2,0.0,,,SUV,FWD,23.0,,8369,117
Ford,F-150,2010,Petrol,,5.6,137600,,391.0,3,0.0,Partial Service,Green,Truck,4WD,12.0,NY,2703,201
Toyota,Camry,2011,Petrol,Manual,,207348,181.0,166.0,5,,No Service,Green,Sedan,AWD,26.0,CA,500,189
Nissan,Pathfinder,2024,Petrol,Automatic,2.1,8008,177.0,,1,0.0,Full Service,White,SUV,AWD,30.0,GA,37874,33
Hyundai,Sonata,2005,Petrol,Manual,1.9,430248,160.0,162.0,4,1.0,Full Service,Red,Sedan,FWD,35.0,IL,500,261
Audi,A6,2022,Petrol,Automatic,,19415,186.0,,1,0.0,No Service,,Sedan,FWD,29.0,GA,44366,57
Honda,CR-V,2007,Petrol,Manual,3.2,157550,261.0,268.0,4,,Partial Service,Brown,SUV,AWD,24.0,NY,500,237
Ford,Escape,2022,Hybrid,Automatic,,26120,174.0,164.0,1,0.0,No Service,,SUV,FWD,47.0,,17205,57
Hyundai,Santa Fe,2006,Hybrid,Automatic,2.6,48269,,194.0,4,1.0,Partial Service,Blue,SUV,FWD,,OH,3309,249
Hyundai,Elantra,2016,Petrol,Automatic,2.1,147428,169.0,168.0,1,0.0,Partial Service,White,Sedan,FWD,31.0,CA,3076,129
Hyundai,Sonata,2015,Diesel,Automatic,1.5,208198,109.0,82.0,3,0.0,Full Service,White,Sedan,FWD,,TX,981,141
Mercedes-Benz,GLC,2009,Petrol,Automatic,2.7,62428,207.0,181.0,3,1.0,Partial Service,Red,SUV,AWD,29.0,,9131,213
Hyundai,Sonata,2009,Petrol,Automatic,,131083,181.0,187.0,4,1.0,Partial Service,Black,Sedan,FWD,29.0,,500,213
Nissan,Pathfinder,2005,Petrol,Automatic,3.4,281853,264.0,251.0,4,1.0,Full Service,Green,SUV,FWD,21.0,PA,500,261
BMW,X5,2006,Petrol,Automatic,2.9,237015,216.0,200.0,3,1.0,Full Service,,SUV,AWD,30.0,NY,1320,249
Chevrolet,Malibu,2012,Petrol,Automatic,2.3,74596,173.0,162.0,2,0.0,Full Service,Blue,Sedan,AWD,33.0,OH,5076,177
Volkswagen,Tiguan,2023,Petrol,Automatic,2.2,6586,167.0,162.0,1,0.0,Partial Service,Black,SUV,FWD,31.0,NC,27460,45
Honda,CR-V,2016,Petrol,Automatic,,128743,253.0,245.0,3,1.0,No Service,Silver,SUV,AWD,21.0,NC,5864,129
Toyota,Camry,2008,Petrol,Automatic,1.8,106167,151.0,150.0,2,1.0,Partial Service,Silver,Sedan,AWD,36.0,FL,1017,225
Ford,F-150,2021,Petrol,Automatic,5.4,39841,388.0,366.0,1,0.0,Full Service,Silver,Truck,RWD,10.0,,22583,69
Mercedes-Benz,GLE,2019,Petrol,Automatic,2.4,31406,179.0,,1,0.0,Partial Service,,SUV,AWD,28.0,TX,39788,93
Mercedes-Benz,GLE,2010,Petrol,Automatic,2.7,239832,,185.0,2,,Partial Service,Brown,SUV,AWD,27.0,OH,6057,201
Ford,Mustang,2012,Petrol,Automatic,4.4,134540,328.0,315.0,3,0.0,Partial Service,,Coupe,RWD,18.0,CA,3114,177
Nissan,Pathfinder,2019,Petrol,Automatic,,49478,218.0,210.0,3,1.0,No Service,Gray,SUV,AWD,31.0,NY,13168,93
Volkswagen,Passat,2010,Petrol,Automatic,1.9,262557,156.0,,3,1.0,,Green,Sedan,FWD,33.0,PA,500,201
Toyota,Camry,2008,Petrol,Automatic,2.2,137030,165.0,137.0,5,,Partial Service,Silver,Sedan,FWD,32.0,CA,500,225
Honda,Pilot,2010,Hybrid,,3.1,257576,,213.0,3,,No Service,,SUV,FWD,39.0,,500,201
Volkswagen,Atlas,2010,Hybrid,Automatic,2.2,74844,169.0,,3,1.0,Partial Service,Green,SUV,AWD,47.0,IL,5704,201
Volkswagen,Atlas,2009,Petrol,Manual,2.4,219271,183.0,161.0,4,,Partial Service,Black,SUV,AWD,35.0,PA,500,213
Toyota,Camry,2018,Hybrid,Automatic,1.8,59560,,156.0,2,0.0,,Black,Sedan,FWD,,IL,12258,105
Mercedes-Benz,GLE,2007,Petrol,Automatic,2.5,119822,201.0,169.0,3,,Partial Service,Green,SUV,AWD,,FL,7157,237
Chevrolet,Equinox,2009,Petrol,Automatic,,246219,199.0,186.0,2,0.0,Partial Service,Gray,SUV,AWD,31.0,GA,500,213
Toyota,Highlander,2007,Petrol,Manual,2.8,279656,210.0,200.0,5,0.0,Full Service,Black,SUV,AWD,31.0,,500,237
Audi,A6,2013,Petrol,Automatic,1.8,271543,141.0,147.0,4,1.0,Full Service,Red,Sedan,FWD,,,6692,165
Hyundai,Sonata,2016,Petrol,Automatic,,225254,162.0,159.0,1,1.0,Partial Service,Silver,Sedan,FWD,37.0,MI,894,129
Audi,A4,2023,Petrol,Automatic,2.2,100,159.0,139.0,1,,Partial Service,Black,Sedan,FWD,,,34453,45
BMW,5 Series,2023,Petrol,Automatic,,2328,137.0,,1,0.0,Full Service,Brown,Sedan,FWD,32.0,TX,52955,45
Chevrolet,Malibu,2009,Petrol,Automatic,,66500,,144.0,4,,No Service,White,Sedan,FWD,35.0,FL,2280,213
Honda,Accord,2016,Petrol,Automatic,2.2,99243,170.0,156.0,2,0.0,Partial Service,White,Sedan,FWD,25.0,NC,7909,129
Toyota,Camry,2005,Petrol,,,167320,112.0,94.0,3,0.0,,Brown,Sedan,FWD,42.0,OH,500,261
Audi,A4,2012,Petrol,Automatic,1.6,187565,127.0,108.0,4,0.0,Partial Service,Black,Sedan,AWD,34.0,OH,4665,177
Hyundai,Santa Fe,2022,Hybrid,Automatic,2.4,19635,192.0,164.0,1,0.0,Partial Service,Silver,SUV,RWD,,FL,25486,57
Ford,F-150,2009,Petrol,,4.0,403376,284.0,,4,1.0,Full Service,Gray,Truck,4WD,18.0,CA,500,213
Ford,Escape,2011,Diesel,Automatic,3.4,87879,,,3,,Partial Service,Gray,SUV,FWD,23.0,FL,4757,189
Nissan,Rogue,2008,Petrol,Automatic,3.5,233420,275.0,264.0,3,1.0,Full Service,,SUV,AWD,,NC,500,225
Mercedes-Benz,GLC,2017,Petrol,Automatic,2.1,109123,171.0,148.0,2,1.0,Partial Service,Silver,SUV,FWD,34.0,NY,17496,117
Nissan,Rogue,2017,Petrol,Automatic,2.8,24906,206.0,208.0,2,,No Service,Red,SUV,FWD,26.0,NC,11492,117
Toyota,Corolla,2010,Petrol,Automatic,2.1,146983,172.0,,5,,,Red,Sedan,FWD,33.0,FL,500,201
Hyundai,Tucson,2013,Petrol,Automatic,3.4,35834,,247.0,2,1.0,Partial Service,Blue,SUV,FWD,24.0,GA,7392,165
Hyundai,Elantra,2016,Petrol,Automatic,1.5,6110,144.0,137.0,1,1.0,Full Service,Silver,Sedan,FWD,35.0,,8305,129
Mercedes-Benz,GLC,2012,Hybrid,Automatic,3.2,209822,234.0,216.0,3,,,Brown,SUV,FWD,25.0,IL,5759,177
Audi,A4,2018,Petrol,Automatic,2.4,113815,181.0,167.0,1,1.0,No Service,Brown,Sedan,FWD,,FL,13996,105
Audi,A4,2012,Petrol,Automatic,,156848,156.0,165.0,4,1.0,Partial Service,Blue,Sedan,FWD,32.0,,5450,177
Mercedes-Benz,GLC,2011,Diesel,Automatic,2.4,141612,188.0,175.0,3,0.0,Full Service,Black,SUV,AWD,31.0,TX,8661,189
Volkswagen,Passat,2019,Hybrid,Automatic,,72557,161.0,164.0,3,,Partial Service,Green,Sedan,FWD,,NY,14377,93
Volkswagen,Passat,2020,Petrol,Automatic,,37270,,187.0,1,1.0,No Service,Blue,Sedan,FWD,36.0,MI,13082,81
Volkswagen,Atlas,2017,Petrol,Automatic,,42704,201.0,189.0,4,,No Service,Gray,SUV,FWD,28.0,,11446,117
Ford,Explorer,2017,Electric,Automatic,0.0,95102,273.0,300.0,1,0.0,Partial Service,Blue,SUV,AWD,108.0,GA,14286,117
Honda,Civic,2013,Hybrid,Automatic,1.4,140544,126.0,130.0,2,0.0,,Gray,Sedan,FWD,56.0,,1389,165
BMW,X3,2012,Petrol,Automatic,2.4,107948,174.0,166.0,2,1.0,No Service,Gray,SUV,FWD,33.0,MI,8544,177
Honda,CR-V,2018,Diesel,Automatic,2.9,34743,210.0,211.0,3,0.0,Partial Service,,SUV,RWD,27.0,PA,14235,105
Hyundai,Tucson,2024,Electric,Automatic,0.0,12463,348.0,382.0,1,0.0,Full Service,Black,SUV,AWD,119.0,NY,26401,33
Chevrolet,Silverado,2023,Petrol,,4.9,24633,352.0,342.0,1,0.0,Partial Service,Black,Truck,4WD,11.0,IL,29308,45
Honda,Pilot,2014,Diesel,Automatic,,85393,288.0,271.0,2,0.0,Full Service,Red,SUV,FWD,23.0,CA,10843,153
Honda,CR-V,2014,Petrol,Automatic,2.3,93887,186.0,162.0,2,0.0,No Service,White,SUV,AWD,29.0,GA,6548,153
Hyundai,Tucson,2021,Petrol,,,31557,,,1,0.0,No Service,Silver,SUV,FWD,,OH,16846,69
Mercedes-Benz,C-Class,2014,Petrol,Automatic,1.5,129116,133.0,136.0,2,0.0,Partial Service,Blue,Sedan,FWD,39.0,OH,11787,153
Ford,Escape,2007,Petrol,Manual,,102849,219.0,201.0,5,1.0,Full Service,Green,SUV,AWD,27.0,,983,237
Honda,Accord,2020,Hybrid,Automatic,2.3,93559,168.0,171.0,1,1.0,Full Service,White,Sedan,FWD,51.0,,13090,81
Mercedes-Benz,C-Class,2015,Hybrid,Automatic,1.6,221681,139.0,157.0,2,0.0,,Brown,Sedan,FWD,52.0,IL,9773,141
Mercedes-Benz,GLC,2009,Diesel,,2.7,180551,195.0,174.0,4,0.0,No Service,Red,SUV,AWD,,FL,3333,213
Hyundai,Tucson,2008,Petrol,Automatic,2.7,367702,197.0,205.0,4,1.0,,Silver,SUV,AWD,27.0,GA,500,225
Mercedes-Benz,GLC,2011,Petrol,Automatic,2.4,123392,,163.0,4,1.0,Partial Service,Silver,SUV,RWD,32.0,NC,6870,189
Volkswagen,Golf,2016,Petrol,Automatic,1.6,41548,,,2,,No Service,Brown,Hatchback,FWD,39.0,FL,8507,129
BMW,5 Series,2023,Diesel,Automatic,1.4,9170,128.0,,1,0.0,Full Service,White,Sedan,FWD,,,47944,45
Honda,Accord,2014,Petrol,,2.4,217521,203.0,181.0,2,1.0,Full Service,Silver,Sedan,FWD,33.0,GA,500,153
Nissan,Altima,2009,Petrol,Manual,1.4,176628,122.0,113.0,3,1.0,,Green,Sedan,FWD,36.0,GA,500,213
Hyundai,Tucson,2024,Petrol,Automatic,3.4,128,275.0,266.0,1,0.0,,Brown,SUV,RWD,25.0,GA,25828,33
BMW,5 Series,2016,Petrol,,2.4,101793,185.0,184.0,3,1.0,Full Service,Silver,Sedan,FWD,31.0,MI,19935,129
Mercedes-Benz,GLC,2007,Diesel,Automatic,2.7,107525,211.0,191.0,5,0.0,No Service,,SUV,AWD,26.0,IL,5286,237
Nissan,Rogue,2012,Petrol,Automatic,2.1,217527,155.0,153.0,3,1.0,Full Service,Green,SUV,AWD,35.0,FL,500,177
Hyundai,Elantra,2024,Hybrid,Automatic,1.8,2541,,163.0,1,0.0,No Service,Silver,Sedan,FWD,55.0,FL,18609,33
Honda,Pilot,2015,Petrol,,,43034,208.0,199.0,2,1.0,Partial Service,Green,SUV,AWD,28.0,GA,12602,141
Honda,Accord,2013,Petrol,Automatic,1.8,58516,122.0,116.0,3,0.0,Full Service,Red,Sedan,AWD,35.0,MI,7580,165
Honda,Accord,2012,Petrol,,2.1,197386,167.0,151.0,3,0.0,Partial Service,Gray,Sedan,FWD,33.0,PA,500,177
Volkswagen,Tiguan,2012,Petrol,Automatic,2.3,289375,184.0,193.0,4,1.0,Full Service,Green,SUV,AWD,35.0,,500,177
Honda,Accord,2016,Hybrid,Automatic,2.0,61725,158.0,,2,0.0,Partial Service,,Sedan,FWD,42.0,PA,9343,129
Nissan,Rogue,2020,Hybrid,Automatic,2.0,29951,149.0,139.0,2,0.0,No Service,Red,SUV,FWD,,FL,15693,81
Chevrolet,Malibu,2007,Petrol,Automatic,2.0,100,156.0,144.0,5,0.0,No Service,Silver,Sedan,FWD,35.0,NC,4563,237
Honda,Civic,2019,Petrol,Automatic,1.4,66462,127.0,115.0,1,0.0,,Brown,Sedan,FWD,33.0,,11619,93
Chevrolet,Malibu,2023,Petrol,,2.0,24963,,174.0,1,0.0,Partial Service,Black,Sedan,FWD,30.0,IL,20710,45
Chevrolet,Malibu,2006,Petrol,Manual,1.5,264308,,124.0,4,0.0,Full Service,Black,Sedan,FWD,36.0,GA,500,249
Volkswagen,Golf,2016,Petrol,Automatic,1.6,116239,141.0,137.0,1,,No Service,Gray,Hatchback,FWD,35.0,TX,6173,129
Ford,F-150,2024,Hybrid,Automatic,4.5,1166,340.0,325.0,1,0.0,,,Truck,4WD,33.0,NC,28510,33
Ford,F-150,2006,Petrol,,4.2,229427,303.0,295.0,4,1.0,Full Service,Brown,Truck,4WD,,MI,500,249
Audi,A6,2011,Petrol,Automatic,2.4,100,187.0,176.0,3,1.0,Full Service,Brown,Sedan,AWD,36.0,NY,17073,189
Audi,A4,2017,Petrol,Automatic,1.8,105604,144.0,141.0,2,0.0,Full Service,Green,Sedan,FWD,44.0,OH,8326,117
Honda,Pilot,2011,Petrol,Automatic,3.2,219910,242.0,232.0,4,1.0,,Black,SUV,AWD,,PA,887,189
Honda,CR-V,2005,Petrol,,3.1,167771,231.0,210.0,4,1.0,No Service,Red,SUV,AWD,29.0,TX,500,261
Mercedes-Benz,GLC,2019,Petrol,Automatic,2.6,26577,195.0,,1,0.0,Partial Service,Black,SUV,FWD,28.0,,28194,93
Toyota,RAV4,2024,Petrol,,2.3,2773,185.0,,1,0.0,No Service,Gray,SUV,AWD,,TX,23678,33
Mercedes-Benz,E-Class,2014,Petrol,Automatic,1.5,153910,,,2,1.0,No Service,Green,Sedan,FWD,33.0,PA,12167,153
BMW,X5,2019,Petrol,Automatic,3.0,108182,217.0,211.0,1,0.0,,White,SUV,AWD,26.0,FL,35670,93
Chevrolet,Malibu,2007,Petrol,Automatic,2.0,220656,169.0,171.0,3,0.0,Partial Service,,Sedan,FWD,36.0,PA,500,237
Honda,CR-V,2024,Petrol,Automatic,2.5,4020,202.0,174.0,1,0.0,Partial Service,White,SUV,AWD,33.0,NY,27474,33
Honda,Accord,2021,Diesel,Automatic,2.4,78970,199.0,187.0,1,0.0,No Service,,Sedan,FWD,34.0,IL,15988,69
BMW,X3,2013,Petrol,Automatic,2.4,105986,187.0,176.0,3,1.0,Full Service,Brown,SUV,AWD,32.0,,5039,165
Hyundai,Elantra,2012,Petrol,,2.2,61334,174.0,155.0,3,1.0,No Service,,Sedan,FWD,30.0,NC,3094,177
Volkswagen,Atlas,2013,Petrol,Automatic,,74271,247.0,241.0,2,1.0,Full Service,Silver,SUV,AWD,22.0,IL,8692,165
Honda,Accord,2019,Petrol,Automatic,1.8,91053,150.0,136.0,1,1.0,Partial Service,White,Sedan,AWD,,FL,10713,93
Toyota,Camry,2010,Petrol,Automatic,1.5,6266,121.0,116.0,4,,No Service,Brown,Sedan,FWD,42.0,NY,6412,201
BMW,X5,2007,Diesel,Automatic,,160802,,221.0,1,1.0,Full Service,,SUV,AWD,30.0,,6178,237
Mercedes-Benz,GLE,2011,Petrol,Automatic,,74042,249.0,233.0,4,0.0,,Black,SUV,AWD,28.0,,16330,189
Volkswagen,Tiguan,2016,Petrol,Automatic,2.7,13562,191.0,177.0,3,0.0,No Service,Silver,SUV,FWD,26.0,,11256,129
Mercedes-Benz,GLE,2015,Petrol,,3.1,62921,229.0,211.0,3,,Full Service,Silver,SUV,FWD,23.0,,27775,141
Volkswagen,Golf,2013,Petrol,Automatic,2.0,165058,168.0,143.0,3,1.0,Partial Service,Red,Hatchback,FWD,30.0,IL,759,165
Ford,Explorer,2008,Petrol,Automatic,2.4,186482,187.0,192.0,4,,No Service,White,SUV,FWD,,NC,500,225
Honda,Pilot,2024,Hybrid,Automatic,2.4,100,,188.0,1,0.0,Full Service,Gray,SUV,AWD,36.0,TX,35300,33
Nissan,Rogue,2021,Petrol,Automatic,2.3,52757,188.0,,1,1.0,Full Service,Silver,SUV,FWD,,,16809,69
Volkswagen,Passat,2010,Petrol,Automatic,1.7,162242,124.0,115.0,1,1.0,Partial Service,Brown,Sedan,FWD,37.0,NY,500,201
Honda,Accord,2019,Petrol,,1.5,22629,126.0,117.0,1,1.0,,Blue,Sedan,AWD,35.0,NY,12655,93
Chevrolet,Silverado,2015,Petrol,Automatic,3.4,55315,264.0,239.0,2,1.0,Partial Service,Brown,Truck,4WD,22.0,NY,11715,141
Chevrolet,Tahoe,2015,Petrol,Automatic,3.4,139961,258.0,232.0,2,0.0,No Service,White,SUV,RWD,,FL,14669,141
Audi,A6,2008,Petrol,Automatic,2.2,100,161.0,165.0,5,0.0,Full Service,Green,Sedan,FWD,,NY,13088,225
Hyundai,Elantra,2021,Hybrid,Automatic,1.8,55124,,140.0,1,0.0,,Black,Sedan,AWD,41.0,TX,12361,69
Nissan,Rogue,2018,Petrol,Automatic,2.8,59952,227.0,,1,0.0,No Service,Brown,SUV,FWD,,NC,11812,105
Hyundai,Elantra,2009,Petrol,Automatic,1.7,215101,126.0,116.0,4,0.0,Full Service,Silver,Sedan,FWD,,IL,500,213
Ford,Explorer,2021,Petrol,Automatic,2.0,44358,154.0,145.0,1,0.0,Full Service,Silver,SUV,AWD,33.0,NC,24199,69
Mercedes-Benz,C-Class,2016,Diesel,Automatic,,64489,206.0,181.0,1,0.0,Full Service,Green,Sedan,FWD,28.0,GA,20257,129
Nissan,Rogue,2008,Petrol,Automatic,3.4,110660,238.0,234.0,5,1.0,Full Service,Silver,SUV,AWD,,FL,1261,225
Volkswagen,Tiguan,2018,Hybrid,Automatic,2.2,21487,180.0,174.0,2,0.0,Partial Service,Green,SUV,AWD,54.0,,16688,105
Chevrolet,Tahoe,2019,Petrol,,3.4,28156,261.0,231.0,2,0.0,Partial Service,Gray,SUV,AWD,21.0,FL,32401,93
Mercedes-Benz,E-Class,2015,Petrol,Automatic,1.9,103589,154.0,155.0,2,0.0,Full Service,White,Sedan,AWD,,,21594,141
Ford,Explorer,2009,Petrol,Automatic,3.0,100,,220.0,3,1.0,Full Service,Blue,SUV,AWD,27.0,,8111,213
Ford,Explorer,2009,Petrol,Manual,3.1,215759,231.0,215.0,3,0.0,Full Service,White,SUV,AWD,25.0,GA,500,213
Chevrolet,Equinox,2016,Petrol,Automatic,,101447,206.0,193.0,1,,Partial Service,Green,SUV,AWD,21.0,GA,8245,129
Mercedes-Benz,GLC,2012,Petrol,Automatic,2.9,85290,209.0,194.0,3,1.0,Full Service,,SUV,AWD,,MI,10745,177
Volkswagen,Golf,2011,Petrol,Automatic,1.8,132775,154.0,134.0,4,1.0,Full Service,Brown,Hatchback,FWD,36.0,GA,929,189
Toyota,RAV4,2015,Petrol,Automatic,,111057,196.0,194.0,2,0.0,Partial Service,Black,SUV,FWD,29.0,,7302,141
Audi,Q7,2017,Petrol,Automatic,2.6,35663,,,2,0.0,,Black,SUV,AWD,26.0,OH,27832,117
Mercedes-Benz,GLE,2017,Petrol,Automatic,3.4,87558,267.0,244.0,1,0.0,Full Service,Brown,SUV,AWD,24.0,TX,31276,117
Audi,A6,2024,Diesel,Automatic,,100,115.0,124.0,1,0.0,Partial Service,,Sedan,FWD,39.0,TX,48874,33
Volkswagen,Golf,2023,Petrol,Automatic,,100,154.0,145.0,1,,,Gray,Hatchback,AWD,,GA,21653,45
Audi,Q7,2011,Petrol,Automatic,2.5,167882,192.0,164.0,4,0.0,Partial Service,,SUV,AWD,30.0,CA,10381,189
Ford,Escape,2005,Diesel,Automatic,2.3,446654,186.0,168.0,4,1.0,No Service,Green,SUV,AWD,31.0,OH,500,261
Honda,Accord,2006,Petrol,Automatic,1.8,271469,148.0,155.0,3,1.0,Full Service,Black,Sedan,FWD,31.0,,500,249
Chevrolet,Malibu,2020,Petrol,Automatic,2.0,22916,158.0,135.0,2,0.0,No Service,Silver,Sedan,FWD,31.0,CA,14442,81
Mercedes-Benz,E-Class,2013,Petrol,Automatic,2.2,170180,149.0,135.0,2,1.0,No Service,White,Sedan,AWD,33.0,TX,10078,165
BMW,X3,2024,Diesel,,3.3,3736,,237.0,1,0.0,Full Service,,SUV,FWD,29.0,PA,47298,33
Volkswagen,Passat,2024,Petrol,Automatic,1.4,2304,,108.0,1,0.0,Full Service,Brown,Sedan,FWD,38.0,FL,30640,33
Ford,Escape,2017,Petrol,Automatic,,86735,240.0,240.0,1,,Partial Service,Green,SUV,AWD,21.0,NY,10469,117
Toyota,Corolla,2008,Petrol,Automatic,,136753,,155.0,4,1.0,Full Service,Gray,Sedan,FWD,,FL,500,225
Volkswagen,Atlas,2007,Petrol,Automatic,3.5,215302,276.0,,3,0.0,Full Service,Silver,SUV,AWD,24.0,,500,237
Audi,Q7,2010,Petrol,Automatic,2.4,108182,176.0,185.0,3,1.0,Partial Service,,SUV,AWD,31.0,MI,9919,201
Nissan,Pathfinder,2013,Petrol,Automatic,,151733,239.0,243.0,2,1.0,,Blue,SUV,AWD,,OH,5222,165
Chevrolet,Equinox,2014,Petrol,Automatic,3.1,32889,228.0,206.0,3,0.0,No Service,,SUV,AWD,25.0,CA,8486,153
Volkswagen,Passat,2018,Hybrid,Automatic,1.7,83252,128.0,,2,0.0,Partial Service,Red,Sedan,FWD,55.0,TX,11255,105
Audi,Q7,2019,Petrol,Automatic,2.4,80125,180.0,178.0,1,,No Service,Brown,SUV,AWD,30.0,NY,30092,93
Honda,CR-V,2012,Petrol,Automatic,2.4,214491,182.0,154.0,3,1.0,Full Service,Silver,SUV,FWD,32.0,NC,500,177
BMW,3 Series,2013,Petrol,,1.8,46308,,105.0,2,1.0,No Service,Silver,Sedan,AWD,41.0,OH,11739,165
Hyundai,Santa Fe,2013,Petrol,,,128742,195.0,179.0,3,0.0,No Service,Black,SUV,AWD,,IL,5764,165
Ford,F-150,2012,Petrol,Automatic,5.4,100,391.0,368.0,4,1.0,Partial Service,Gray,Truck,4WD,14.0,,8923,177
Chevrolet,Malibu,2018,Petrol,,1.9,107818,159.0,147.0,1,0.0,Full Service,Brown,Sedan,FWD,,,9123,105
Nissan,Altima,2019,Petrol,Automatic,1.8,119547,145.0,128.0,1,0.0,Partial Service,Black,Sedan,FWD,32.0,CA,9895,93
Ford,Explorer,2015,Petrol,Automatic,3.0,66778,242.0,234.0,1,0.0,,Blue,SUV,AWD,32.0,OH,11861,141
Audi,A6,2016,Petrol,Automatic,2.2,115887,163.0,,2,0.0,Partial Service,White,Sedan,FWD,,,21622,129
Honda,Civic,2018,Electric,Automatic,0.0,100,384.0,422.0,1,0.0,Partial Service,Green,Sedan,FWD,106.0,IL,12707,105
BMW,3 Series,2008,Petrol,,1.9,57102,153.0,152.0,2,1.0,Partial Service,Green,Sedan,AWD,37.0,NY,7292,225
Audi,Q7,2022,Petrol,Automatic,3.5,18286,268.0,254.0,1,0.0,Full Service,White,SUV,AWD,25.0,OH,55307,57
Toyota,RAV4,2009,Petrol,Manual,2.4,272593,181.0,177.0,4,1.0,,Silver,SUV,AWD,36.0,CA,500,213
Toyota,RAV4,2009,Petrol,Automatic,2.7,27758,207.0,,3,0.0,Full Service,Black,SUV,AWD,,GA,6433,213
Audi,A6,2013,Petrol,Automatic,2.3,37181,176.0,177.0,2,1.0,Full Service,Brown,Sedan,FWD,33.0,NC,19009,165
BMW,3 Series,2022,Petrol,Automatic,1.5,32809,118.0,116.0,1,,,Brown,Sedan,FWD,33.0,CA,34275,57
Ford,F-150,2013,Petrol,Automatic,4.8,126280,375.0,346.0,2,1.0,,Green,Truck,4WD,10.0,TX,5203,165
Volkswagen,Tiguan,2007,Petrol,Manual,2.7,303931,202.0,,4,1.0,Full Service,,SUV,AWD,35.0,PA,500,237
Nissan,Rogue,2009,Petrol,Automatic,2.3,119475,180.0,155.0,2,1.0,Full Service,Brown,SUV,AWD,31.0,OH,1456,213
Honda,CR-V,2011,Petrol,Automatic,2.5,209907,187.0,182.0,3,1.0,Full Service,Silver,SUV,AWD,33.0,NY,500,189
Ford,Mustang,2014,Petrol,Automatic,4.3,180059,,272.0,3,1.0,Partial Service,Blue,Coupe,RWD,20.0,CA,2188,153
BMW,3 Series,2007,Petrol,Automatic,1.7,271502,149.0,142.0,3,1.0,,Blue,Sedan,FWD,27.0,MI,500,237
Chevrolet,Malibu,2019,Diesel,Automatic,1.8,83763,153.0,137.0,1,1.0,Full Service,Red,Sedan,FWD,36.0,NY,10438,93
BMW,3 Series,2007,Petrol,Automatic,1.9,238654,138.0,141.0,5,0.0,No Service,White,Sedan,FWD,,CA,500,237
Ford,Mustang,2016,Diesel,Manual,3.5,118368,270.0,243.0,2,0.0,Full Service,Blue,Coupe,RWD,24.0,IL,8174,129
Audi,A6,2016,Petrol,Automatic,2.1,100502,183.0,177.0,1,,Full Service,,Sedan,FWD,31.0,PA,24280,129
Audi,A4,2018,Hybrid,Automatic,2.3,30673,186.0,186.0,3,1.0,No Service,Blue,Sedan,FWD,38.0,OH,16638,105
Volkswagen,Tiguan,2009,Hybrid,Automatic,3.1,237903,243.0,233.0,2,1.0,Partial Service,,SUV,FWD,43.0,NY,500,213
Chevrolet,Tahoe,2017,Diesel,Automatic,3.1,90340,,231.0,3,0.0,,Green,SUV,AWD,30.0,CA,22406,117
Audi,Q5,2019,Petrol,,2.5,27554,,,1,,No Service,Silver,SUV,AWD,30.0,NY,20964,93
Hyundai,Elantra,2011,Petrol,Manual,2.3,83279,178.0,181.0,4,1.0,Partial Service,Brown,Sedan,FWD,32.0,FL,2167,189
Audi,A4,2022,Hybrid,,,30650,,140.0,1,0.0,Partial Service,Brown,Sedan,FWD,45.0,CA,34737,57
Mercedes-Benz,C-Class,2007,Diesel,Automatic,2.0,326522,166.0,,4,,Full Service,White,Sedan,FWD,,NC,500,237
Nissan,Rogue,2017,Petrol,,3.1,64322,235.0,209.0,2,,,Red,SUV,AWD,24.0,FL,8993,117
Volkswagen,Atlas,2010,Petrol,Manual,2.5,164729,185.0,178.0,4,1.0,Partial Service,Blue,SUV,FWD,29.0,MI,1740,201
Honda,Pilot,2018,Petrol,Automatic,3.1,104500,,217.0,2,0.0,Full Service,,SUV,AWD,28.0,GA,15431,105
Chevrolet,Equinox,2024,Petrol,Automatic,2.9,100,233.0,216.0,1,0.0,No Service,Silver,SUV,AWD,31.0,GA,10129,33
Mercedes-Benz,C-Class,2008,Petrol,,,174503,,,3,1.0,Full Service,Red,Sedan,FWD,33.0,CA,2205,225
Hyundai,Elantra,2007,Petrol,Manual,,147185,,152.0,4,0.0,Partial Service,White,Sedan,AWD,32.0,NC,500,237
Volkswagen,Atlas,2011,Petrol,Manual,2.0,157360,159.0,156.0,4,1.0,Full Service,Green,SUV,AWD,35.0,GA,1463,189
Ford,F-150,2021,Petrol,Automatic,4.0,37927,304.0,275.0,1,,Partial Service,Silver,Truck,4WD,22.0,NY,24454,69
Ford,Explorer,2023,Petrol,Automatic,2.1,11186,168.0,180.0,1,0.0,Partial Service,Green,SUV,FWD,29.0,OH,33341,45
BMW,3 Series,2019,Petrol,Automatic,1.7,59224,137.0,144.0,1,0.0,Partial Service,Black,Sedan,AWD,37.0,NC,26102,93
Nissan,Altima,2024,Hybrid,,1.6,100,132.0,133.0,1,0.0,Full Service,Silver,Sedan,AWD,49.0,OH,25773,33
Audi,Q5,2012,Diesel,,2.4,190006,187.0,161.0,2,,Full Service,Silver,SUV,FWD,29.0,IL,6753,177
Chevrolet,Tahoe,2024,Petrol,Automatic,3.4,643,258.0,252.0,1,0.0,,Green,SUV,FWD,30.0,FL,55953,33
Honda,Pilot,2022,Diesel,Automatic,2.2,7568,165.0,165.0,1,0.0,,,SUV,FWD,32.0,,26997,57
Volkswagen,Passat,2022,Petrol,Automatic,2.3,40343,190.0,175.0,1,0.0,Partial Service,Black,Sedan,FWD,,,21273,57
BMW,X3,2020,Petrol,Automatic,2.0,6121,163.0,154.0,1,0.0,No Service,Silver,SUV,AWD,32.0,FL,28813,81
Ford,F-150,2007,Petrol,Manual,4.8,290890,358.0,322.0,4,0.0,Partial Service,White,Truck,4WD,10.0,NY,500,237
BMW,X3,2022,Petrol,,3.4,6989,249.0,240.0,1,0.0,Full Service,,SUV,AWD,,NC,42912,57
Chevrolet,Malibu,2006,Petrol,Manual,2.1,257666,154.0,134.0,4,,Partial Service,Gray,Sedan,FWD,37.0,GA,500,249
Honda,Accord,2018,Petrol,Automatic,1.9,123064,154.0,154.0,1,0.0,Full Service,,Sedan,FWD,,OH,10198,105
Ford,Escape,2010,Petrol,Manual,3.2,167988,270.0,,3,,Partial Service,Green,SUV,AWD,25.0,OH,500,201
Chevrolet,Tahoe,2008,Petrol,Automatic,,156717,244.0,232.0,3,0.0,Full Service,Silver,SUV,AWD,27.0,,5835,225
Honda,Accord,2022,Petrol,,2.1,15846,167.0,161.0,1,0.0,Full Service,Green,Sedan,AWD,34.0,FL,22504,57
Audi,Q7,2020,Petrol,,2.7,70726,177.0,170.0,1,0.0,Full Service,Red,SUV,AWD,33.0,GA,39709,81
Toyota,Corolla,2009,Petrol,Automatic,1.6,25701,151.0,150.0,4,0.0,No Service,Green,Sedan,AWD,,FL,3574,213
Toyota,Highlander,2012,Petrol,Automatic,3.2,44956,231.0,221.0,4,1.0,Partial Service,Red,SUV,AWD,25.0,OH,7887,177
Ford,Explorer,2006,Hybrid,Automatic,2.2,383936,163.0,147.0,4,,No Service,Gray,SUV,AWD,48.0,TX,500,249
Chevrolet,Malibu,2024,Petrol,Automatic,2.5,3012,211.0,189.0,1,0.0,Partial Service,Black,Sedan,FWD,,MI,22025,33
Nissan,Altima,2017,Petrol,,2.2,4101,168.0,157.0,1,0.0,Partial Service,Silver,Sedan,FWD,36.0,NY,14098,117
Audi,A4,2017,Diesel,Automatic,1.6,87365,122.0,103.0,1,0.0,No Service,Brown,Sedan,FWD,43.0,IL,15518,117
BMW,X5,2014,Petrol,,3.3,117915,,230.0,2,,Full Service,Red,SUV,AWD,25.0,GA,17247,153
Chevrolet,Equinox,2023,Petrol,Automatic,2.8,5442,234.0,215.0,1,0.0,Full Service,White,SUV,AWD,29.0,TX,22188,45
Audi,A6,2023,Petrol,Automatic,2.3,7925,181.0,180.0,1,0.0,Full Service,Blue,Sedan,FWD,,CA,52718,45
Hyundai,Elantra,2009,Petrol,Automatic,1.7,96685,130.0,115.0,5,,Full Service,Black,Sedan,FWD,37.0,PA,737,213
Honda,Pilot,2017,Hybrid,Automatic,3.0,74830,,190.0,1,0.0,Full Service,Blue,SUV,AWD,47.0,NC,16844,117
Hyundai,Sonata,2019,Petrol,,2.0,44508,,172.0,1,0.0,Full Service,Green,Sedan,FWD,34.0,NY,13147,93
Mercedes-Benz,E-Class,2023,Petrol,Automatic,1.6,1875,143.0,128.0,1,,Full Service,Black,Sedan,FWD,35.0,TX,50012,45
Mercedes-Benz,E-Class,2011,Petrol,Automatic,2.0,170807,167.0,164.0,5,1.0,Full Service,Gray,Sedan,FWD,34.0,TX,8446,189
Honda,CR-V,2013,Diesel,,2.6,191946,211.0,,2,0.0,Partial Service,Gray,SUV,AWD,27.0,PA,1621,165
Toyota,Highlander,2024,Petrol,Automatic,2.8,7109,195.0,,1,0.0,Full Service,Gray,SUV,AWD,25.0,,36123,33
BMW,5 Series,2013,Petrol,Automatic,1.8,107460,130.0,125.0,2,0.0,Partial Service,Silver,Sedan,FWD,37.0,OH,17217,165
Volkswagen,Atlas,2010,Petrol,Manual,3.4,217672,258.0,239.0,3,1.0,Partial Service,White,SUV,FWD,25.0,FL,500,201
Volkswagen,Passat,2024,Petrol,,1.6,100,,116.0,1,0.0,Partial Service,Gray,Sedan,AWD,35.0,PA,26219,33
Toyota,Corolla,2006,Petrol,Manual,2.2,339532,160.0,148.0,5,1.0,Partial Service,Gray,Sedan,AWD,35.0,FL,500,249
Chevrolet,Silverado,2006,Petrol,Manual,4.6,231388,339.0,306.0,3,0.0,,Brown,Truck,4WD,18.0,IL,500,249
Volkswagen,Golf,2006,Petrol,Automatic,1.4,220087,128.0,120.0,3,1.0,Full Service,Gray,Hatchback,FWD,37.0,PA,500,249
Hyundai,Tucson,2020,Petrol,Automatic,2.0,63319,152.0,153.0,2,,Full Service,Gray,SUV,AWD,,,15218,81
Mercedes-Benz,GLE,2015,Petrol,,2.6,84114,209.0,189.0,3,1.0,Full Service,Gray,SUV,FWD,27.0,FL,21299,141
Audi,Q5,2011,Petrol,Manual,3.1,158877,228.0,240.0,4,0.0,Full Service,Red,SUV,AWD,30.0,IL,6933,189
Toyota,Highlander,2023,Petrol,Automatic,3.4,100,261.0,259.0,1,0.0,Full Service,Brown,SUV,AWD,24.0,FL,31534,45
Honda,Accord,2017,Hybrid,,2.2,76126,170.0,147.0,2,0.0,Partial Service,,Sedan,FWD,44.0,MI,11170,117
Hyundai,Sonata,2008,Petrol,,2.2,112395,179.0,167.0,4,0.0,,Silver,Sedan,FWD,,,605,225
Hyundai,Elantra,2022,Petrol,,1.6,45165,133.0,,1,0.0,No Service,,Sedan,FWD,28.0,OH,13082,57
Chevrolet,Silverado,2016,Petrol,Automatic,4.7,95953,344.0,325.0,4,,Partial Service,Black,Truck,RWD,18.0,GA,11545,129
BMW,X3,2022,Petrol,Automatic,2.6,37996,,189.0,1,,Partial Service,,SUV,AWD,30.0,CA,34530,57
Honda,Pilot,2014,Petrol,Automatic,2.1,94386,159.0,142.0,4,0.0,No Service,White,SUV,AWD,29.0,NY,9295,153
Mercedes-Benz,GLE,2018,Hybrid,Automatic,2.7,39085,225.0,203.0,1,0.0,No Service,Blue,SUV,AWD,37.0,MI,34312,105
Mercedes-Benz,GLC,2020,Petrol,Automatic,3.0,48373,225.0,195.0,1,0.0,Full Service,Blue,SUV,AWD,25.0,PA,31632,81
Audi,Q7,2018,Hybrid,Automatic,,108028,,218.0,2,0.0,Full Service,Silver,SUV,AWD,37.0,,27275,105
Audi,Q5,2005,Petrol,Automatic,3.1,133987,234.0,219.0,5,0.0,Partial Service,White,SUV,FWD,25.0,OH,2186,261
Chevrolet,Silverado,2022,Hybrid,Automatic,5.5,17273,404.0,360.0,1,,No Service,Red,Truck,4WD,27.0,,26580,57
Volkswagen,Tiguan,2005,Petrol,Manual,2.8,302608,211.0,207.0,5,1.0,Partial Service,White,SUV,AWD,29.0,GA,500,261
Ford,Explorer,2009,Petrol,Automatic,2.3,194736,172.0,,5,0.0,Partial Service,Blue,SUV,AWD,37.0,CA,500,213
Chevrolet,Malibu,2010,Petrol,Manual,2.2,156673,167.0,169.0,1,1.0,Partial Service,Green,Sedan,FWD,33.0,OH,500,201
Nissan,Altima,2006,Petrol,Automatic,2.0,153042,139.0,144.0,5,0.0,Partial Service,Brown,Sedan,FWD,39.0,,500,249
Honda,CR-V,2024,Petrol,Automatic,2.8,100,205.0,,1,,Partial Service,White,SUV,AWD,31.0,,25931,33
Nissan,Rogue,2018,Diesel,Automatic,,13879,169.0,158.0,3,0.0,No Service,Red,SUV,FWD,35.0,MI,13123,105
Nissan,Rogue,2006,Petrol,Automatic,3.0,403105,237.0,218.0,5,0.0,Full Service,Blue,SUV,AWD,,,500,249
Audi,A6,2018,Hybrid,Automatic,1.9,99366,165.0,161.0,1,0.0,No Service,,Sedan,AWD,51.0,OH,24600,105
BMW,3 Series,2013,Petrol,Automatic,2.2,153236,179.0,,3,1.0,Partial Service,White,Sedan,FWD,35.0,GA,7034,165
Nissan,Sentra,2023,Petrol,Automatic,2.2,16531,173.0,164.0,1,0.0,Full Service,White,Sedan,FWD,37.0,GA,18419,45
Chevrolet,Equinox,2005,Petrol,Automatic,3.2,291851,242.0,241.0,5,1.0,Full Service,Gray,SUV,AWD,23.0,MI,500,261
Nissan,Rogue,2014,Petrol,Automatic,2.4,102010,180.0,153.0,3,1.0,Full Service,White,SUV,AWD,35.0,,5669,153
Nissan,Sentra,2006,Petrol,Automatic,2.0,127746,138.0,127.0,4,0.0,Full Service,,Sedan,FWD,35.0,,500,249
Chevrolet,Silverado,2022,Petrol,Automatic,5.7,23836,415.0,400.0,1,0.0,No Service,Brown,Truck,RWD,10.0,PA,23455,57
Toyota,Camry,2015,Diesel,Automatic,1.7,127140,138.0,,3,1.0,Full Service,Red,Sedan,FWD,,,4438,141
Mercedes-Benz,GLC,2016,Petrol,Automatic,3.0,141902,246.0,242.0,1,0.0,Partial Service,Green,SUV,AWD,27.0,OH,15977,129
Hyundai,Sonata,2017,Diesel,Automatic,2.1,42116,,191.0,1,,Full Service,Red,Sedan,FWD,,,12073,117
BMW,X3,2020,Electric,Automatic,0.0,86501,313.0,344.0,2,1.0,Partial Service,Green,SUV,AWD,,,21213,81
Chevrolet,Silverado,2019,Diesel,Automatic,5.2,48015,392.0,,1,0.0,Partial Service,Black,Truck,RWD,10.0,OH,20076,93
Toyota,RAV4,2013,Petrol,Automatic,3.4,163452,245.0,221.0,3,0.0,,White,SUV,AWD,21.0,TX,3017,165
Hyundai,Tucson,2024,Petrol,Automatic,3.2,2638,,233.0,1,0.0,,Brown,SUV,AWD,,IL,24913,33
Nissan,Sentra,2009,Petrol,,1.7,221631,146.0,151.0,4,1.0,No Service,Brown,Sedan,FWD,38.0,CA,500,213
Chevrolet,Malibu,2017,Diesel,Automatic,1.8,114051,129.0,108.0,2,0.0,Partial Service,Gray,Sedan,FWD,37.0,IL,7113,117
Volkswagen,Atlas,2005,Petrol,Automatic,2.3,193561,199.0,,5,0.0,No Service,White,SUV,AWD,35.0,PA,500,261
Hyundai,Tucson,2023,Hybrid,Automatic,2.3,29418,186.0,160.0,1,,,Silver,SUV,FWD,46.0,CA,21952,45
Chevrolet,Silverado,2009,Petrol,Automatic,3.5,168513,262.0,253.0,4,,Full Service,Green,Truck,4WD,25.0,OH,1088,213
Mercedes-Benz,C-Class,2021,Petrol,Automatic,1.6,43064,131.0,,1,1.0,No Service,Silver,Sedan,FWD,38.0,IL,25300,69
Mercedes-Benz,E-Class,2017,Petrol,Automatic,2.0,84969,163.0,,1,0.0,Full Service,,Sedan,FWD,30.0,TX,28360,117
Nissan,Sentra,2005,Petrol,Manual,2.5,110152,197.0,195.0,4,1.0,,Brown,Sedan,FWD,30.0,OH,500,261
Chevrolet,Malibu,2006,Petrol,Manual,2.4,167238,,174.0,4,0.0,Partial Service,Green,Sedan,AWD,30.0,NY,500,249
Toyota,Corolla,2020,Petrol,Automatic,1.4,94902,124.0,123.0,2,1.0,Full Service,Black,Sedan,FWD,40.0,NY,8871,81
Ford,Escape,2023,Petrol,,3.5,20017,270.0,247.0,1,0.0,Partial Service,Blue,SUV,AWD,27.0,CA,22399,45
Toyota,RAV4,2015,Hybrid,,,143163,206.0,,3,0.0,Full Service,White,SUV,AWD,49.0,NY,6251,141
Volkswagen,Golf,2014,Petrol,Automatic,2.3,121331,186.0,188.0,4,1.0,Partial Service,Red,Hatchback,FWD,32.0,IL,3175,153
Hyundai,Elantra,2007,Diesel,Automatic,2.3,308116,189.0,,2,0.0,Full Service,Green,Sedan,FWD,,OH,500,237
Honda,Pilot,2011,Petrol,Manual,,88999,,175.0,4,0.0,Full Service,Red,SUV,AWD,37.0,,8044,189
Toyota,Highlander,2010,Hybrid,Manual,3.0,35479,234.0,225.0,3,1.0,No Service,,SUV,AWD,43.0,FL,6365,201
Volkswagen,Tiguan,2013,Petrol,Automatic,3.2,69268,243.0,,4,1.0,Partial Service,Silver,SUV,FWD,25.0,PA,6244,165
Toyota,Corolla,2006,Petrol,Automatic,2.2,344312,161.0,153.0,4,1.0,Partial Service,Black,Sedan,FWD,33.0,IL,500,249
Hyundai,Santa Fe,2007,Petrol,Manual,2.3,198473,188.0,169.0,4,1.0,Partial Service,Silver,SUV,AWD,31.0,NY,500,237
Nissan,Rogue,2014,Petrol,,2.3,99915,186.0,,3,1.0,Partial Service,,SUV,AWD,34.0,MI,5595,153
Nissan,Sentra,2012,Diesel,Automatic,2.3,260712,191.0,173.0,5,1.0,,Red,Sedan,AWD,32.0,OH,500,177
Chevrolet,Silverado,2018,Hybrid,Automatic,4.4,70246,321.0,301.0,1,1.0,Partial Service,Silver,Truck,4WD,19.0,MI,13975,105
Toyota,RAV4,2023,Petrol,Automatic,3.4,13173,255.0,241.0,1,,Partial Service,Gray,SUV,FWD,22.0,,25688,45
Mercedes-Benz,GLE,2013,Petrol,Automatic,2.2,144749,164.0,156.0,3,1.0,,,SUV,AWD,38.0,IL,13076,165
Audi,A4,2005,Petrol,Automatic,2.4,234046,194.0,178.0,4,,Partial Service,Green,Sedan,FWD,33.0,TX,500,261
Ford,Explorer,2013,Petrol,Automatic,2.2,177339,175.0,161.0,2,1.0,No Service,Black,SUV,AWD,35.0,OH,3480,165
Toyota,Camry,2005,Petrol,Automatic,2.2,340724,,,4,1.0,Full Service,Black,Sedan,FWD,32.0,,500,261
Honda,Pilot,2015,Petrol,Automatic,,121177,,197.0,1,,No Service,,SUV,AWD,30.0,PA,8372,141
Honda,CR-V,2024,Petrol,Automatic,3.3,2805,247.0,239.0,1,0.0,,Silver,SUV,FWD,19.0,,24675,33
Chevrolet,Tahoe,2023,Petrol,Automatic,2.5,21164,214.0,213.0,1,0.0,No Service,,SUV,FWD,,NC,42765,45
Ford,F-150,2016,Petrol,Automatic,,62416,333.0,315.0,2,0.0,Partial Service,Black,Truck,4WD,18.0,MI,12793,129
Hyundai,Elantra,2010,Petrol,Manual,1.9,170399,156.0,136.0,2,,,Blue,Sedan,FWD,34.0,OH,500,201
Mercedes-Benz,GLE,2019,Petrol,Automatic,2.4,59884,,193.0,2,0.0,,Red,SUV,AWD,34.0,PA,42550,93
Honda,Accord,2024,Petrol,Automatic,2.3,100,187.0,183.0,1,0.0,Full Service,Silver,Sedan,FWD,34.0,IL,25168,33
Hyundai,Elantra,2007,Petrol,Automatic,,307434,143.0,140.0,4,0.0,Full Service,White,Sedan,AWD,36.0,IL,500,237
BMW,3 Series,2017,Petrol,Automatic,,106439,155.0,150.0,1,,Full Service,Red,Sedan,FWD,37.0,NC,18703,117
Audi,A4,2005,Petrol,Automatic,2.5,213444,188.0,187.0,5,0.0,Full Service,Red,Sedan,FWD,35.0,GA,500,261
Chevrolet,Malibu,2023,Petrol,Automatic,1.8,4407,138.0,140.0,1,0.0,Full Service,Black,Sedan,FWD,33.0,IL,23304,45
Volkswagen,Atlas,2023,Petrol,Automatic,2.6,100,198.0,184.0,1,0.0,Partial Service,Red,SUV,AWD,30.0,TX,29830,45
Hyundai,Santa Fe,2007,Petrol,Automatic,2.6,118597,219.0,205.0,3,,Full Service,,SUV,FWD,,,1635,237
Mercedes-Benz,E-Class,2021,Petrol,Automatic,,49941,178.0,166.0,1,1.0,Partial Service,Black,Sedan,FWD,31.0,TX,36254,69
Chevrolet,Equinox,2009,Hybrid,Manual,2.3,246197,184.0,,4,1.0,Partial Service,Silver,SUV,FWD,48.0,CA,500,213
Hyundai,Tucson,2014,Petrol,Automatic,2.9,143120,224.0,218.0,3,1.0,Partial Service,Brown,SUV,FWD,27.0,NY,3452,153
Mercedes-Benz,E-Class,2020,Electric,Automatic,0.0,30496,316.0,347.0,2,1.0,Full Service,White,Sedan,FWD,117.0,CA,33236,81
Mercedes-Benz,GLC,2009,Petrol,Manual,2.7,240869,201.0,,4,1.0,,Black,SUV,AWD,29.0,FL,932,213
Nissan,Altima,2008,Petrol,Manual,2.5,139360,195.0,,4,1.0,Partial Service,White,Sedan,FWD,,FL,500,225
BMW,X5,2013,Petrol,Automatic,2.5,102159,,191.0,3,0.0,,Black,SUV,AWD,29.0,NC,17765,165
Volkswagen,Atlas,2011,Petrol,Automatic,3.4,163469,,229.0,3,0.0,Full Service,White,SUV,AWD,27.0,,3270,189
Nissan,Sentra,2017,Petrol,Automatic,1.5,114197,143.0,131.0,1,1.0,Full Service,Red,Sedan,FWD,35.0,FL,4565,117
Audi,A4,2022,Hybrid,Automatic,,15518,,,1,0.0,No Service,Gray,Sedan,FWD,56.0,TX,27308,57
Audi,Q5,2022,Diesel,Automatic,3.4,34518,259.0,253.0,1,0.0,Partial Service,Silver,SUV,AWD,27.0,MI,35657,57
Honda,CR-V,2013,Petrol,Automatic,2.2,82638,167.0,163.0,3,1.0,,Black,SUV,AWD,34.0,MI,5698,165
Nissan,Pathfinder,2006,Petrol,Automatic,2.8,263031,217.0,191.0,3,0.0,No Service,Gray,SUV,AWD,31.0,CA,500,249
Hyundai,Santa Fe,2012,Petrol,Automatic,3.4,125735,251.0,239.0,3,0.0,Partial Service,Red,SUV,AWD,24.0,IL,5389,177
Nissan,Sentra,2022,Petrol,Automatic,1.9,16888,,143.0,1,0.0,Full Service,Brown,Sedan,AWD,30.0,MI,15941,57
Honda,CR-V,2011,Petrol,Automatic,2.7,148111,200.0,203.0,4,1.0,Partial Service,Silver,SUV,AWD,,PA,1617,189
BMW,X5,2014,Petrol,Automatic,2.2,188318,186.0,179.0,2,1.0,Partial Service,Black,SUV,FWD,32.0,,14585,153
Hyundai,Elantra,2018,Petrol,Automatic,1.5,17838,116.0,120.0,2,,Partial Service,Silver,Sedan,FWD,33.0,IL,10956,105
BMW,5 Series,2023,Petrol,Automatic,,4295,161.0,,1,0.0,No Service,Blue,Sedan,FWD,31.0,NY,44192,45
Volkswagen,Tiguan,2023,Petrol,Automatic,3.5,21267,,248.0,1,0.0,Partial Service,Blue,SUV,AWD,19.0,IL,23227,45
BMW,X3,2010,Diesel,Automatic,3.2,119976,264.0,254.0,4,1.0,Full Service,Red,SUV,AWD,24.0,PA,6594,201
Chevrolet,Tahoe,2013,Hybrid,Automatic,2.6,142868,210.0,208.0,3,,,Blue,SUV,AWD,50.0,NC,12033,165
Hyundai,Elantra,2024,Petrol,,1.4,8290,109.0,77.0,1,0.0,Partial Service,,Sedan,FWD,40.0,OH,20304,33
Chevrolet,Tahoe,2005,Petrol,Automatic,3.4,377293,242.0,,4,1.0,,Black,SUV,RWD,28.0,,500,261
Mercedes-Benz,GLC,2015,Diesel,,2.4,42704,194.0,191.0,1,1.0,,,SUV,AWD,34.0,TX,16461,141
Hyundai,Sonata,2017,Hybrid,Automatic,2.2,140096,,188.0,3,0.0,No Service,Brown,Sedan,FWD,39.0,CA,6004,117
Toyota,Highlander,2023,Petrol,Automatic,3.3,24084,268.0,248.0,1,0.0,Partial Service,Blue,SUV,FWD,22.0,MI,31245,45
BMW,X3,2017,Petrol,Automatic,2.6,74183,,190.0,2,,Full Service,Silver,SUV,AWD,27.0,FL,19669,117
Nissan,Altima,2022,Petrol,Automatic,1.6,1006,,123.0,1,,Partial Service,White,Sedan,FWD,36.0,NY,22490,57
Toyota,Highlander,2016,Petrol,Automatic,2.0,95102,143.0,,2,0.0,Partial Service,Brown,SUV,RWD,27.0,OH,13496,129
Hyundai,Tucson,2005,Petrol,Manual,,100298,168.0,141.0,4,0.0,Full Service,Green,SUV,RWD,36.0,MI,500,261
Nissan,Pathfinder,2012,Petrol,Automatic,3.3,126852,262.0,238.0,4,1.0,Full Service,Blue,SUV,FWD,21.0,NC,5057,177
Hyundai,Santa Fe,2020,Hybrid,Automatic,2.1,60658,177.0,159.0,1,0.0,,,SUV,AWD,44.0,NC,17491,81
Hyundai,Elantra,2021,Petrol,Automatic,1.5,31716,105.0,106.0,1,0.0,Partial Service,Brown,Sedan,FWD,36.0,GA,14188,69
Volkswagen,Golf,2014,Petrol,Automatic,2.3,108060,164.0,150.0,2,0.0,,Gray,Hatchback,FWD,34.0,NC,4168,153
Toyota,RAV4,2024,Petrol,Automatic,2.4,274,194.0,168.0,1,0.0,No Service,Green,SUV,AWD,29.0,NY,26360,33
Volkswagen,Golf,2012,Petrol,Automatic,1.5,149703,,109.0,2,1.0,Full Service,Red,Hatchback,FWD,42.0,,877,177
Volkswagen,Tiguan,2018,Diesel,,2.7,40812,197.0,196.0,2,1.0,Full Service,Silver,SUV,AWD,,OH,13233,105
Nissan,Altima,2015,Electric,,0.0,63460,283.0,,2,,Partial Service,,Sedan,FWD,122.0,NC,6884,141
Chevrolet,Equinox,2017,Petrol,,2.2,179171,173.0,172.0,1,1.0,No Service,Red,SUV,AWD,38.0,OH,4025,117
Chevrolet,Silverado,2024,Petrol,,,100,370.0,370.0,1,0.0,Partial Service,,Truck,4WD,11.0,PA,28305,33
Mercedes-Benz,C-Class,2006,Petrol,Automatic,1.6,372094,141.0,131.0,4,0.0,Partial Service,Red,Sedan,FWD,37.0,,500,249
Ford,Escape,2017,Petrol,Automatic,2.2,23953,171.0,158.0,3,1.0,Full Service,Green,SUV,AWD,,GA,11057,117
Audi,A6,2013,Petrol,,1.4,162847,124.0,119.0,3,,Partial Service,Black,Sedan,FWD,37.0,NY,10875,165
Volkswagen,Passat,2005,Petrol,Manual,1.6,103988,133.0,127.0,3,1.0,Partial Service,Blue,Sedan,FWD,36.0,NC,500,261
Ford,Explorer,2016,Petrol,Automatic,2.0,157759,,140.0,3,1.0,Full Service,Green,SUV,AWD,37.0,NY,8354,129
Chevrolet,Equinox,2007,Petrol,,2.2,182243,179.0,162.0,4,0.0,Full Service,Green,SUV,AWD,41.0,,500,237
Chevrolet,Malibu,2024,Petrol,Automatic,,100,156.0,156.0,1,,Partial Service,White,Sedan,AWD,37.0,NC,23692,33
Toyota,Highlander,2020,Diesel,,2.8,100,213.0,211.0,2,1.0,No Service,,SUV,AWD,27.0,GA,19195,81
Nissan,Rogue,2011,Diesel,Automatic,2.9,144739,223.0,205.0,3,1.0,No Service,Red,SUV,AWD,27.0,NY,1505,189
Chevrolet,Malibu,2013,Petrol,Automatic,,210092,172.0,151.0,2,0.0,No Service,Green,Sedan,FWD,35.0,CA,500,165
Honda,Civic,2010,Petrol,Automatic,1.9,199688,167.0,141.0,4,1.0,Full Service,Green,Sedan,FWD,35.0,NY,500,201
BMW,5 Series,2009,Petrol,Automatic,1.4,119029,,,5,1.0,No Service,Brown,Sedan,FWD,37.0,PA,7486,213
Audi,A6,2016,Petrol,Automatic,2.3,172851,167.0,178.0,3,0.0,No Service,Black,Sedan,FWD,33.0,,16418,129
Audi,A6,2007,Petrol,Automatic,,198930,169.0,169.0,4,0.0,Partial Service,,Sedan,FWD,31.0,NC,3504,237
Mercedes-Benz,E-Class,2005,Petrol,Automatic,2.4,58144,179.0,168.0,5,1.0,Full Service,Brown,Sedan,FWD,35.0,IL,7216,261
Toyota,Camry,2015,Petrol,Automatic,1.5,38402,114.0,96.0,4,0.0,No Service,Green,Sedan,AWD,42.0,NY,7701,141
Hyundai,Tucson,2012,Diesel,Automatic,,228520,203.0,171.0,2,,No Service,Black,SUV,FWD,30.0,IL,500,177
Chevrolet,Tahoe,2007,Diesel,Automatic,2.3,331270,183.0,182.0,4,,Full Service,Green,SUV,AWD,28.0,FL,500,237
Volkswagen,Golf,2010,Petrol,Automatic,2.2,120556,149.0,139.0,3,0.0,Partial Service,,Hatchback,AWD,,FL,1101,201
Volkswagen,Golf,2022,Hybrid,Automatic,,7631,160.0,145.0,1,0.0,No Service,,Hatchback,FWD,58.0,PA,16540,57
Audi,A4,2021,Petrol,,,20532,146.0,141.0,1,0.0,Full Service,White,Sedan,FWD,39.0,TX,34366,69
Honda,CR-V,2019,Electric,Automatic,0.0,86704,,380.0,1,0.0,Partial Service,Blue,SUV,AWD,128.0,NC,14188,93
Toyota,RAV4,2022,Petrol,Automatic,2.3,32911,193.0,177.0,1,0.0,No Service,Black,SUV,AWD,,GA,18910,57
Hyundai,Tucson,2011,Petrol,Automatic,2.2,170509,162.0,156.0,4,0.0,,White,SUV,AWD,31.0,OH,500,189
Ford,Escape,2017,Petrol,Automatic,,103805,241.0,229.0,3,1.0,No Service,Blue,SUV,AWD,27.0,GA,6911,117
Nissan,Rogue,2005,Petrol,Automatic,2.0,168604,153.0,138.0,4,1.0,No Service,Blue,SUV,AWD,39.0,FL,500,261
Chevrolet,Malibu,2012,Petrol,Automatic,1.5,50592,133.0,136.0,4,1.0,,Silver,Sedan,FWD,41.0,OH,5071,177
Ford,Explorer,2019,Petrol,Automatic,2.5,51953,205.0,196.0,2,1.0,No Service,Brown,SUV,AWD,28.0,IL,14691,93
Hyundai,Sonata,2024,Petrol,Automatic,1.7,2615,138.0,108.0,1,0.0,Partial Service,,Sedan,FWD,38.0,FL,24600,33
Nissan,Sentra,2008,Petrol,,1.5,271667,120.0,101.0,3,,Full Service,Brown,Sedan,AWD,37.0,CA,500,225
Toyota,Corolla,2007,Diesel,Automatic,2.4,84165,186.0,184.0,4,1.0,Partial Service,White,Sedan,AWD,,GA,512,237
Audi,A6,2011,Petrol,Manual,1.9,92157,144.0,,4,1.0,No Service,Red,Sedan,FWD,33.0,NC,11154,189
Audi,A4,2020,Petrol,Automatic,2.0,75842,140.0,139.0,2,1.0,Partial Service,White,Sedan,FWD,43.0,MI,20129,81
Ford,F-150,2013,Petrol,Automatic,3.2,210604,244.0,236.0,4,1.0,Full Service,White,Truck,RWD,24.0,PA,2073,165
Nissan,Altima,2018,Hybrid,,1.6,44137,124.0,,1,0.0,Partial Service,Red,Sedan,FWD,47.0,,12790,105
Mercedes-Benz,GLE,2012,Petrol,Automatic,2.9,152215,230.0,210.0,3,0.0,,,SUV,FWD,,CA,13276,177
Hyundai,Elantra,2023,Petrol,Automatic,1.5,16584,115.0,119.0,1,,No Service,,Sedan,FWD,41.0,,15184,45
Toyota,Highlander,2011,Petrol,Automatic,2.4,197478,,160.0,2,1.0,No Service,Black,SUV,RWD,30.0,TX,1527,189
Toyota,Highlander,2011,Petrol,Automatic,2.5,146587,193.0,160.0,2,1.0,No Service,,SUV,AWD,28.0,IL,3176,189
Audi,A4,2005,Petrol,Automatic,,213286,174.0,169.0,5,1.0,Full Service,Brown,Sedan,AWD,26.0,TX,500,261
BMW,5 Series,2015,Petrol,,2.3,139506,204.0,164.0,2,1.0,,Brown,Sedan,FWD,30.0,,15252,141
Mercedes-Benz,GLE,2016,Petrol,Automatic,2.7,23582,,178.0,4,0.0,Full Service,,SUV,AWD,,TX,32757,129
Nissan,Pathfinder,2020,Hybrid,Automatic,2.1,63646,192.0,182.0,2,0.0,Full Service,Gray,SUV,AWD,45.0,FL,21500,81
Volkswagen,Tiguan,2020,Petrol,Automatic,3.3,42758,258.0,249.0,1,0.0,Partial Service,Gray,SUV,AWD,24.0,MI,18624,81
Nissan,Sentra,2009,Petrol,Automatic,1.7,300646,144.0,148.0,4,1.0,Full Service,Gray,Sedan,FWD,40.0,CA,500,213
Hyundai,Elantra,2010,Petrol,Automatic,1.8,75316,144.0,128.0,2,1.0,Partial Service,Silver,Sedan,FWD,31.0,,2186,201
Ford,Mustang,2024,Petrol,Automatic,5.0,100,370.0,349.0,1,0.0,Full Service,White,Coupe,RWD,10.0,TX,29811,33
Honda,Accord,2009,Petrol,,1.6,317212,121.0,127.0,3,1.0,Full Service,White,Sedan,AWD,32.0,NY,500,213
Ford,F-150,2016,Petrol,Automatic,5.2,163195,408.0,386.0,3,0.0,Partial Service,Silver,Truck,4WD,13.0,NC,7520,129
Nissan,Sentra,2023,Diesel,Automatic,1.5,21646,123.0,132.0,1,0.0,Full Service,White,Sedan,FWD,38.0,PA,17992,45
Hyundai,Sonata,2007,Petrol,Automatic,1.6,191025,141.0,114.0,4,1.0,Partial Service,Brown,Sedan,FWD,33.0,IL,500,237
Toyota,RAV4,2010,Petrol,Manual,2.4,219595,181.0,174.0,3,1.0,Partial Service,Gray,SUV,AWD,,IL,500,201
Chevrolet,Equinox,2020,Petrol,Automatic,2.2,32454,,195.0,1,1.0,Partial Service,Red,SUV,AWD,35.0,IL,14066,81
Audi,Q7,2016,Petrol,Automatic,2.5,124775,,,2,0.0,Partial Service,Blue,SUV,AWD,33.0,IL,20744,129
Honda,CR-V,2007,Petrol,,,120842,177.0,160.0,3,1.0,Partial Service,Blue,SUV,AWD,33.0,GA,635,237
Honda,Civic,2008,Petrol,,1.6,342047,135.0,128.0,3,0.0,Partial Service,Silver,Sedan,AWD,37.0,PA,500,225
Mercedes-Benz,GLC,2024,Petrol,,,100,238.0,216.0,1,,Full Service,Black,SUV,FWD,,OH,49798,33
Nissan,Rogue,2007,Hybrid,Manual,,226923,150.0,149.0,4,,Partial Service,Brown,SUV,AWD,49.0,GA,500,237
Hyundai,Elantra,2024,Petrol,Automatic,,1343,,85.0,1,0.0,Full Service,Brown,Sedan,FWD,36.0,OH,20801,33
BMW,X5,2021,Hybrid,,2.6,53133,203.0,211.0,1,0.0,,,SUV,AWD,38.0,OH,45885,69
Honda,Civic,2020,Electric,Automatic,0.0,51848,250.0,275.0,1,0.0,Partial Service,White,Sedan,FWD,122.0,NC,13023,81
Audi,Q5,2007,Petrol,,3.4,178561,260.0,249.0,5,1.0,No Service,White,SUV,FWD,25.0,OH,1239,237
Toyota,Highlander,2006,Petrol,Automatic,3.0,19853,241.0,231.0,5,0.0,Partial Service,Red,SUV,FWD,29.0,OH,5966,249
Nissan,Sentra,2012,Petrol,Automatic,1.7,188670,,,5,,Partial Service,Red,Sedan,FWD,37.0,MI,500,177
Chevrolet,Tahoe,2022,Petrol,Automatic,2.3,37238,172.0,156.0,1,0.0,No Service,White,SUV,AWD,38.0,OH,34497,57
Hyundai,Sonata,2017,Electric,Automatic,,39629,286.0,314.0,2,0.0,Full Service,Green,Sedan,FWD,119.0,PA,11492,117
Honda,Civic,2012,Petrol,,2.2,146171,198.0,184.0,3,0.0,Partial Service,Green,Sedan,FWD,31.0,,500,177
Nissan,Altima,2017,Hybrid,Automatic,2.4,45617,179.0,160.0,2,0.0,No Service,Brown,Sedan,FWD,49.0,,9683,117
Mercedes-Benz,C-Class,2006,Petrol,Automatic,2.3,214636,179.0,159.0,5,0.0,No Service,,Sedan,FWD,34.0,GA,500,249
Ford,F-150,2005,Petrol,Automatic,4.0,125637,312.0,296.0,4,0.0,Full Service,Gray,Truck,4WD,18.0,PA,500,261
Hyundai,Sonata,2018,Petrol,,1.6,75968,136.0,134.0,3,0.0,No Service,Brown,Sedan,FWD,36.0,FL,9004,105
BMW,5 Series,2016,Petrol,Automatic,2.2,97600,173.0,,3,,No Service,Brown,Sedan,FWD,36.0,IL,18703,129
Hyundai,Elantra,2013,Petrol,Automatic,,20970,123.0,111.0,3,,Full Service,Blue,Sedan,FWD,39.0,NC,7143,165
Hyundai,Elantra,2018,Petrol,Automatic,1.7,33450,144.0,150.0,1,0.0,,Blue,Sedan,FWD,36.0,GA,9583,105
Volkswagen,Atlas,2014,Petrol,Automatic,2.5,208714,,192.0,2,0.0,,Brown,SUV,AWD,26.0,OH,4400,153
Toyota,Camry,2020,Petrol,Automatic,2.1,53196,157.0,160.0,2,0.0,Full Service,Black,Sedan,FWD,35.0,MI,16114,81
Toyota,RAV4,2011,Hybrid,Automatic,3.4,272813,253.0,244.0,4,1.0,Full Service,Brown,SUV,AWD,44.0,,500,189
Ford,Mustang,2006,Petrol,Manual,,164623,224.0,215.0,3,1.0,No Service,,Coupe,RWD,,FL,500,249
Nissan,Altima,2008,Petrol,Automatic,1.5,151089,144.0,,3,1.0,Partial Service,Gray,Sedan,FWD,41.0,TX,500,225
Mercedes-Benz,C-Class,2018,Petrol,Automatic,,83202,170.0,150.0,2,1.0,Partial Service,Silver,Sedan,FWD,32.0,NY,17904,105
Ford,Explorer,2014,Petrol,Automatic,3.3,104650,252.0,240.0,3,0.0,Partial Service,Blue,SUV,AWD,20.0,,8597,153
Hyundai,Tucson,2014,Petrol,Automatic,3.5,252556,289.0,278.0,3,0.0,,,SUV,FWD,23.0,NY,500,153
Honda,Accord,2009,Petrol,,,40622,161.0,156.0,3,,,White,Sedan,FWD,31.0,,4739,213
Mercedes-Benz,GLE,2011,Petrol,Automatic,3.3,183481,236.0,217.0,3,1.0,Partial Service,Gray,SUV,AWD,24.0,OH,9087,189
Ford,Escape,2014,Petrol,Automatic,,26580,179.0,174.0,3,,Full Service,Red,SUV,RWD,31.0,CA,10102,153
BMW,3 Series,2009,Petrol,Automatic,2.3,173822,178.0,169.0,2,1.0,Full Service,Black,Sedan,FWD,30.0,CA,3015,213
Nissan,Pathfinder,2024,Electric,Automatic,0.0,100,,,1,0.0,,Green,SUV,AWD,97.0,NC,36944,33
Ford,F-150,2024,Diesel,Automatic,5.7,100,414.0,394.0,1,0.0,Partial Service,Gray,Truck,RWD,,NC,32463,33
Volkswagen,Tiguan,2011,Petrol,Automatic,2.1,215931,163.0,157.0,3,0.0,,Brown,SUV,AWD,36.0,PA,500,189
Volkswagen,Atlas,2008,Petrol,Automatic,3.2,275307,255.0,,5,0.0,,Blue,SUV,AWD,30.0,GA,500,225
Nissan,Sentra,2009,Diesel,Manual,2.4,205674,208.0,,4,1.0,Full Service,Gray,Sedan,FWD,26.0,OH,500,213
BMW,3 Series,2010,Diesel,Automatic,2.4,121891,186.0,187.0,3,0.0,,White,Sedan,FWD,31.0,NY,7360,201
Hyundai,Tucson,2007,Petrol,Automatic,2.6,141305,220.0,217.0,4,1.0,Full Service,Green,SUV,AWD,32.0,,500,237
Ford,Escape,2008,Petrol,Automatic,2.1,136901,169.0,169.0,5,1.0,Full Service,Brown,SUV,AWD,34.0,IL,500,225
Audi,A4,2009,Petrol,Manual,1.6,201361,139.0,157.0,3,1.0,Full Service,Black,Sedan,FWD,,CA,1106,213
Nissan,Sentra,2005,Petrol,Automatic,2.1,230795,171.0,,4,1.0,,Red,Sedan,FWD,33.0,CA,500,261
Nissan,Sentra,2022,Petrol,,1.8,12211,140.0,,1,0.0,Partial Service,Red,Sedan,FWD,38.0,NC,17188,57
Chevrolet,Silverado,2011,Petrol,Automatic,4.4,62941,,289.0,3,1.0,No Service,,Truck,4WD,22.0,GA,6490,189
Hyundai,Tucson,2005,Petrol,Manual,2.3,131831,178.0,178.0,5,0.0,Full Service,Gray,SUV,AWD,34.0,NY,500,261
Ford,Escape,2017,Petrol,Automatic,2.4,56104,168.0,148.0,1,1.0,Full Service,Gray,SUV,AWD,36.0,CA,10672,117
Toyota,Highlander,2011,Hybrid,Manual,2.9,55172,220.0,212.0,4,0.0,Partial Service,Black,SUV,AWD,46.0,CA,8496,189
Mercedes-Benz,GLC,2021,Hybrid,Automatic,2.3,10187,181.0,158.0,1,0.0,,Gray,SUV,AWD,,IL,36786,69
Toyota,Corolla,2006,Petrol,Manual,2.4,142931,,183.0,5,1.0,,Red,Sedan,FWD,29.0,GA,500,249
Nissan,Rogue,2006,Hybrid,,2.2,69896,180.0,190.0,4,0.0,Full Service,Blue,SUV,AWD,53.0,TX,2428,249
Nissan,Sentra,2005,Petrol,Manual,1.6,141213,147.0,141.0,4,1.0,Partial Service,Black,Sedan,FWD,,NY,500,261
Ford,Mustang,2017,Petrol,Automatic,2.8,125425,,196.0,2,1.0,No Service,Gray,Coupe,RWD,27.0,CA,6751,117
Nissan,Pathfinder,2022,Diesel,Automatic,3.4,29586,265.0,243.0,1,0.0,,Black,SUV,AWD,27.0,CA,23538,57
Chevrolet,Equinox,2008,Petrol,Automatic,2.6,240484,191.0,166.0,4,1.0,Full Service,Green,SUV,AWD,31.0,,500,225
Ford,Escape,2006,Petrol,Manual,2.4,177603,196.0,,3,0.0,,Silver,SUV,AWD,35.0,GA,500,249
Toyota,Camry,2016,Petrol,Automatic,2.0,181049,161.0,,1,1.0,Full Service,Brown,Sedan,FWD,33.0,NC,3314,129
BMW,3 Series,2011,Petrol,Automatic,,132516,,131.0,3,0.0,Full Service,Black,Sedan,FWD,43.0,NC,7821,189
Volkswagen,Golf,2005,Diesel,Automatic,2.4,218782,189.0,187.0,4,0.0,Partial Service,Gray,Hatchback,FWD,35.0,FL,500,261
Volkswagen,Atlas,2019,Hybrid,Automatic,2.0,100,153.0,135.0,1,0.0,Partial Service,Red,SUV,AWD,55.0,OH,21978,93
Volkswagen,Atlas,2007,Petrol,Manual,3.2,275468,222.0,209.0,4,,No Service,Green,SUV,AWD,,,500,237
Ford,Escape,2008,Petrol,Automatic,,238039,243.0,218.0,4,1.0,Partial Service,Blue,SUV,AWD,33.0,PA,500,225
Chevrolet,Silverado,2021,Petrol,Automatic,,43751,249.0,244.0,1,0.0,Partial Service,White,Truck,4WD,20.0,,22600,69
Honda,Civic,2023,Petrol,Automatic,2.3,100,197.0,202.0,1,0.0,Full Service,White,Sedan,FWD,30.0,FL,18153,45
Honda,Civic,2006,Petrol,Automatic,1.8,363665,137.0,137.0,4,1.0,,Blue,Sedan,FWD,41.0,CA,500,249
BMW,X3,2010,Petrol,Automatic,2.9,93174,233.0,227.0,4,1.0,Partial Service,Silver,SUV,FWD,28.0,,7861,201
BMW,5 Series,2022,Electric,Automatic,0.0,23026,229.0,,1,1.0,Full Service,Green,Sedan,FWD,125.0,TX,41689,57
Nissan,Pathfinder,2019,Diesel,,,68643,221.0,212.0,3,0.0,Full Service,Brown,SUV,AWD,23.0,CA,18533,93
BMW,X3,2010,Petrol,Manual,3.4,125727,248.0,241.0,5,1.0,Full Service,Brown,SUV,FWD,20.0,GA,6785,201
Ford,Mustang,2015,Hybrid,,3.8,82228,301.0,278.0,4,0.0,,Brown,Coupe,RWD,38.0,NC,7329,141
Honda,Civic,2024,Petrol,Automatic,1.4,8903,136.0,,1,,Full Service,Silver,Sedan,AWD,36.0,GA,23258,33
Mercedes-Benz,C-Class,2014,Diesel,Automatic,2.0,169575,149.0,150.0,3,,Partial Service,Black,Sedan,AWD,25.0,MI,8106,153
Toyota,Camry,2005,Petrol,,2.2,273411,167.0,125.0,4,1.0,Full Service,,Sedan,FWD,32.0,TX,500,261
Toyota,Highlander,2018,Petrol,,3.3,120648,235.0,198.0,3,0.0,Partial Service,Gray,SUV,FWD,21.0,OH,14568,105
Honda,Accord,2015,Diesel,Automatic,,138899,207.0,197.0,3,0.0,Partial Service,Green,Sedan,FWD,29.0,IL,5089,141
Audi,Q5,2008,Petrol,Manual,2.5,184473,208.0,185.0,3,,Partial Service,White,SUV,AWD,,NC,2121,225
Audi,Q7,2023,Petrol,,2.0,100,151.0,140.0,1,,No Service,,SUV,AWD,34.0,NY,49090,45
Chevrolet,Equinox,2013,Petrol,Automatic,3.3,139675,260.0,249.0,2,1.0,Full Service,Brown,SUV,AWD,24.0,,3071,165
Audi,A4,2019,Hybrid,Automatic,1.5,50178,138.0,133.0,2,1.0,Full Service,Red,Sedan,FWD,52.0,MI,19534,93
Chevrolet,Silverado,2005,Petrol,Automatic,4.8,207490,351.0,354.0,4,1.0,Full Service,Green,Truck,4WD,,NY,500,261
BMW,X3,2019,Petrol,Automatic,2.9,55217,220.0,221.0,1,0.0,Full Service,Black,SUV,AWD,,MI,26594,93
Chevrolet,Tahoe,2015,Hybrid,Automatic,3.4,110415,248.0,232.0,3,0.0,Partial Service,Red,SUV,AWD,47.0,PA,16684,141
Mercedes-Benz,E-Class,2007,Diesel,Manual,,160536,180.0,157.0,3,,No Service,Blue,Sedan,AWD,34.0,NY,4431,237
Toyota,Highlander,2024,Hybrid,Automatic,2.2,100,187.0,177.0,1,,,Black,SUV,AWD,47.0,PA,35527,33
Mercedes-Benz,GLC,2007,Diesel,Manual,2.9,181375,218.0,193.0,4,,Partial Service,Brown,SUV,FWD,31.0,,1666,237
Nissan,Altima,2010,Petrol,Automatic,1.7,129775,138.0,124.0,5,0.0,No Service,Red,Sedan,FWD,38.0,NY,799,201
Audi,Q7,2015,Petrol,Automatic,3.3,159291,238.0,,2,1.0,Partial Service,,SUV,AWD,,CA,15523,141
Honda,Civic,2023,Hybrid,Automatic,,19334,153.0,141.0,1,0.0,Full Service,Brown,Sedan,FWD,46.0,FL,19039,45
Audi,Q5,2014,Petrol,Automatic,2.5,198601,188.0,171.0,3,1.0,No Service,Green,SUV,FWD,33.0,PA,7367,153
Nissan,Pathfinder,2021,Petrol,Automatic,2.1,26829,174.0,172.0,1,0.0,Partial Service,Gray,SUV,RWD,29.0,NC,24807,69
Mercedes-Benz,GLE,2008,Petrol,,3.1,139774,228.0,208.0,5,1.0,Full Service,Black,SUV,RWD,25.0,,6337,225
Ford,F-150,2023,Petrol,Automatic,3.4,11750,261.0,,1,0.0,Partial Service,Red,Truck,RWD,24.0,IL,28494,45
Honda,Pilot,2014,Petrol,Automatic,3.2,100964,253.0,243.0,3,1.0,Partial Service,Green,SUV,AWD,,NY,8489,153
Chevrolet,Equinox,2013,Petrol,Automatic,3.4,214672,278.0,,3,0.0,Full Service,Red,SUV,AWD,,TX,500,165
Toyota,Corolla,2009,Petrol,Automatic,1.9,182625,146.0,150.0,3,1.0,Partial Service,Blue,Sedan,FWD,36.0,CA,500,213
Volkswagen,Tiguan,2014,Petrol,Automatic,3.5,62380,278.0,274.0,1,,No Service,,SUV,AWD,,GA,7797,153
BMW,5 Series,2006,Petrol,Manual,2.0,169555,167.0,,4,0.0,Full Service,White,Sedan,FWD,30.0,MI,3557,249
Honda,Pilot,2019,Diesel,Automatic,3.3,13293,256.0,224.0,2,0.0,Full Service,Green,SUV,AWD,23.0,FL,25111,93
Toyota,Corolla,2020,Petrol,Automatic,,95071,142.0,118.0,1,0.0,Full Service,White,Sedan,FWD,,TX,9877,81
Audi,A6,2014,Petrol,,2.2,84232,180.0,,3,,No Service,Green,Sedan,FWD,33.0,MI,17086,153
Mercedes-Benz,GLC,2023,Petrol,Automatic,2.1,1246,154.0,,1,0.0,Partial Service,Brown,SUV,FWD,33.0,PA,40572,45
Ford,F-150,2016,Electric,Automatic,0.0,118601,335.0,,2,0.0,,Red,Truck,RWD,125.0,GA,11429,129
Ford,Explorer,2006,Petrol,Automatic,2.9,284209,236.0,215.0,4,1.0,Partial Service,Blue,SUV,AWD,,NC,500,249
Chevrolet,Silverado,2008,Petrol,,,221356,379.0,355.0,3,1.0,Full Service,Green,Truck,4WD,10.0,CA,500,225
Audi,A4,2008,Petrol,Automatic,2.4,351471,176.0,158.0,4,1.0,Partial Service,Red,Sedan,FWD,36.0,NC,500,225
Chevrolet,Silverado,2007,Petrol,Automatic,5.7,178648,,396.0,3,0.0,Full Service,Blue,Truck,4WD,10.0,,500,237
Honda,Pilot,2022,Petrol,Automatic,3.2,53564,229.0,217.0,1,0.0,Full Service,Red,SUV,AWD,21.0,NY,29829,57
Mercedes-Benz,C-Class,2014,Petrol,Automatic,,38643,184.0,183.0,2,,Full Service,Blue,Sedan,FWD,33.0,NY,14758,153
Hyundai,Sonata,2024,Diesel,Automatic,1.8,100,153.0,145.0,1,,No Service,Black,Sedan,FWD,,GA,20319,33
Mercedes-Benz,C-Class,2005,Petrol,Manual,2.2,87615,151.0,,4,1.0,Partial Service,,Sedan,FWD,,GA,3566,261
Honda,CR-V,2016,Petrol,Automatic,2.9,71564,248.0,221.0,2,0.0,,Blue,SUV,AWD,28.0,MI,10970,129
Honda,CR-V,2015,Petrol,Automatic,3.5,133037,275.0,252.0,2,1.0,Partial Service,Silver,SUV,AWD,23.0,IL,6038,141
Chevrolet,Malibu,2012,Petrol,Automatic,1.9,224251,155.0,146.0,3,0.0,Partial Service,Green,Sedan,FWD,37.0,FL,500,177
Ford,Escape,2021,Petrol,Automatic,3.2,37047,225.0,,1,0.0,Partial Service,White,SUV,FWD,22.0,TX,19048,69
Chevrolet,Equinox,2018,Diesel,Automatic,2.6,79959,199.0,185.0,1,0.0,Partial Service,Black,SUV,AWD,31.0,MI,11775,105
Chevrolet,Tahoe,2016,Diesel,Automatic,2.1,111286,172.0,166.0,1,0.0,Partial Service,White,SUV,RWD,,IL,19751,129
Volkswagen,Tiguan,2021,Petrol,,2.2,13236,181.0,180.0,1,0.0,Full Service,White,SUV,FWD,35.0,MI,21892,69
Toyota,Corolla,2013,Petrol,Automatic,2.0,62149,155.0,,2,0.0,,Brown,Sedan,AWD,31.0,OH,5437,165
Honda,Civic,2011,Petrol,Automatic,2.3,265772,196.0,,5,1.0,Full Service,Blue,Sedan,FWD,33.0,IL,500,189
Toyota,Corolla,2016,Petrol,Automatic,2.1,84896,152.0,131.0,4,0.0,,White,Sedan,FWD,33.0,NC,4996,129
BMW,3 Series,2012,Petrol,Automatic,2.5,104878,185.0,178.0,4,1.0,Partial Service,,Sedan,FWD,27.0,NC,8478,177
Mercedes-Benz,GLE,2008,Petrol,Automatic,2.1,146345,156.0,144.0,4,1.0,No Service,Green,SUV,FWD,,TX,6413,225
Mercedes-Benz,GLC,2014,Diesel,Automatic,3.0,100193,239.0,234.0,3,0.0,Partial Service,White,SUV,FWD,28.0,CA,14182,153
Ford,Escape,2021,Petrol,Automatic,3.1,65587,230.0,224.0,1,1.0,Partial Service,White,SUV,AWD,28.0,CA,13762,69
Chevrolet,Tahoe,2021,Diesel,Automatic,2.0,24260,172.0,,1,0.0,Partial Service,Red,SUV,FWD,34.0,MI,36245,69
Honda,Accord,2007,Petrol,,2.3,193182,199.0,195.0,4,0.0,Full Service,Green,Sedan,FWD,33.0,IL,500,237
Chevrolet,Malibu,2020,Petrol,Automatic,,18289,123.0,,2,,Full Service,White,Sedan,FWD,42.0,OH,15186,81
BMW,3 Series,2021,Petrol,Automatic,2.1,42616,,,1,0.0,Partial Service,White,Sedan,AWD,32.0,,31834,69
Toyota,Camry,2006,Petrol,Automatic,1.5,281578,133.0,109.0,5,1.0,Full Service,,Sedan,AWD,33.0,PA,500,249
Hyundai,Santa Fe,2020,Petrol,Automatic,2.6,33694,182.0,169.0,2,1.0,,Silver,SUV,AWD,26.0,CA,16308,81
Hyundai,Tucson,2018,Petrol,Automatic,2.2,67707,188.0,152.0,1,0.0,Partial Service,Silver,SUV,FWD,34.0,FL,12612,105
Hyundai,Elantra,2011,Petrol,Automatic,2.0,218674,168.0,156.0,4,1.0,Full Service,Gray,Sedan,FWD,33.0,TX,500,189
Ford,Escape,2016,Diesel,Automatic,2.3,124019,168.0,159.0,2,,Partial Service,White,SUV,FWD,26.0,,6931,129
Ford,F-150,2022,Petrol,,4.3,29206,318.0,290.0,1,0.0,,Brown,Truck,4WD,,,25413,57
Mercedes-Benz,GLC,2016,Petrol,Automatic,2.2,107833,182.0,182.0,3,0.0,Full Service,Red,SUV,AWD,31.0,TX,19821,129
Toyota,Camry,2009,Petrol,Automatic,2.1,234104,179.0,161.0,5,1.0,Full Service,Red,Sedan,FWD,33.0,GA,500,213
Nissan,Rogue,2017,Petrol,,2.8,93738,210.0,218.0,2,1.0,Partial Service,Gray,SUV,AWD,30.0,OH,7637,117
Volkswagen,Atlas,2010,Petrol,Automatic,3.4,128474,,235.0,4,,,Gray,SUV,AWD,21.0,CA,2774,201
Ford,Mustang,2005,Petrol,Manual,4.5,234340,340.0,319.0,5,1.0,Full Service,Blue,Coupe,RWD,10.0,NC,500,261
Honda,Civic,2022,Petrol,Automatic,1.8,49105,143.0,133.0,1,0.0,,Brown,Sedan,AWD,40.0,PA,13420,57
Ford,Mustang,2021,Hybrid,,3.2,28153,232.0,233.0,1,0.0,No Service,,Coupe,RWD,44.0,OH,17251,69
BMW,X3,2018,Petrol,Automatic,2.2,88041,164.0,163.0,2,0.0,Partial Service,Black,SUV,AWD,33.0,TX,22053,105
Mercedes-Benz,GLC,2013,Petrol,Automatic,2.5,118980,190.0,183.0,2,0.0,Full Service,Red,SUV,AWD,,NY,13195,165
Mercedes-Benz,GLE,2013,Petrol,Automatic,3.1,206016,242.0,249.0,2,1.0,Partial Service,Silver,SUV,FWD,26.0,CA,11034,165
Mercedes-Benz,E-Class,2010,Petrol,Automatic,2.3,273285,176.0,171.0,2,,No Service,Black,Sedan,AWD,29.0,TX,2854,201
Nissan,Altima,2020,Hybrid,,1.6,38728,123.0,118.0,2,,,White,Sedan,FWD,54.0,GA,18004,81
Honda,CR-V,2016,Petrol,Automatic,3.1,129296,248.0,232.0,2,1.0,Partial Service,,SUV,AWD,27.0,PA,6440,129
Ford,Escape,2018,Petrol,Automatic,2.3,102768,178.0,167.0,2,,No Service,Brown,SUV,FWD,32.0,NY,11720,105
Volkswagen,Passat,2006,Petrol,Automatic,1.4,251504,,92.0,4,0.0,Partial Service,Brown,Sedan,FWD,37.0,CA,500,249
Volkswagen,Passat,2013,Petrol,Automatic,1.6,90043,131.0,121.0,4,1.0,Partial Service,Black,Sedan,FWD,36.0,CA,5220,165
BMW,5 Series,2009,Petrol,Automatic,1.7,297736,145.0,114.0,4,1.0,Full Service,Blue,Sedan,FWD,36.0,,690,213
Hyundai,Sonata,2015,Petrol,Automatic,1.4,162408,127.0,113.0,2,1.0,,,Sedan,FWD,39.0,CA,2746,141
Nissan,Rogue,2005,Petrol,Automatic,2.6,413770,195.0,175.0,5,0.0,Partial Service,Red,SUV,RWD,28.0,OH,500,261
Hyundai,Sonata,2011,Petrol,Automatic,2.2,166981,182.0,169.0,1,1.0,Full Service,Blue,Sedan,FWD,,GA,500,189
Hyundai,Elantra,2020,Electric,Automatic,0.0,68069,344.0,,1,0.0,Full Service,Brown,Sedan,FWD,126.0,OH,11348,81
Audi,Q5,2009,Petrol,,2.0,222448,,131.0,4,0.0,Full Service,,SUV,FWD,36.0,GA,1505,213
Volkswagen,Tiguan,2017,Hybrid,Automatic,2.3,104739,,198.0,2,1.0,Partial Service,Green,SUV,AWD,48.0,FL,7955,117
Chevrolet,Silverado,2012,Petrol,Automatic,3.7,187724,282.0,265.0,3,1.0,Partial Service,Blue,Truck,4WD,15.0,GA,2352,177
Mercedes-Benz,GLE,2024,Petrol,Automatic,3.2,4074,247.0,240.0,1,0.0,No Service,Gray,SUV,FWD,28.0,CA,54528,33
Toyota,Corolla,2006,Petrol,Manual,1.6,380366,134.0,144.0,4,0.0,No Service,Brown,Sedan,FWD,44.0,TX,500,249
Honda,Civic,2005,Diesel,Manual,1.7,228143,131.0,131.0,4,1.0,,Green,Sedan,FWD,41.0,,500,261
Audi,Q5,2022,Hybrid,,2.8,20522,213.0,189.0,1,0.0,Partial Service,White,SUV,RWD,62.0,NY,38387,57
Ford,Escape,2014,Petrol,Automatic,2.6,74788,196.0,,4,0.0,Full Service,Silver,SUV,AWD,27.0,,6869,153
Chevrolet,Tahoe,2022,Electric,Automatic,,6572,213.0,234.0,1,1.0,Partial Service,White,SUV,AWD,106.0,TX,34713,57
Audi,A4,2010,Petrol,Automatic,2.2,86466,168.0,166.0,3,0.0,Full Service,Red,Sedan,FWD,37.0,MI,8039,201
Hyundai,Sonata,2008,Petrol,Automatic,1.4,287316,106.0,101.0,3,0.0,Full Service,Brown,Sedan,FWD,39.0,TX,500,225
BMW,5 Series,2022,Petrol,Automatic,1.6,41878,148.0,158.0,1,0.0,Partial Service,Black,Sedan,FWD,37.0,FL,43689,57
Honda,CR-V,2024,Petrol,Automatic,3.1,3238,232.0,228.0,1,0.0,Partial Service,Green,SUV,AWD,21.0,FL,29885,33
Hyundai,Tucson,2017,Hybrid,,2.8,61513,,191.0,3,1.0,Partial Service,Blue,SUV,AWD,32.0,PA,10771,117
Toyota,Camry,2008,Petrol,Automatic,1.7,188647,151.0,130.0,4,,Full Service,,Sedan,AWD,39.0,GA,500,225
Hyundai,Tucson,2012,Petrol,Automatic,2.7,112928,207.0,208.0,3,0.0,Partial Service,Gray,SUV,AWD,28.0,TX,3696,177
Nissan,Altima,2013,Petrol,Automatic,1.5,98221,,,2,,,Red,Sedan,FWD,35.0,,4715,165
Honda,Pilot,2007,Petrol,,,209613,,174.0,4,1.0,No Service,Brown,SUV,FWD,31.0,MI,500,237
BMW,3 Series,2017,Petrol,Automatic,1.7,105597,144.0,,3,0.0,Partial Service,,Sedan,FWD,34.0,NY,17821,117
Toyota,Highlander,2024,Petrol,Automatic,2.7,2819,191.0,188.0,1,0.0,No Service,Blue,SUV,AWD,,GA,30328,33
Audi,Q7,2010,Petrol,Manual,2.5,162426,204.0,202.0,4,1.0,Full Service,,SUV,AWD,31.0,MI,9159,201
Chevrolet,Silverado,2023,Diesel,,3.8,8535,293.0,286.0,1,0.0,Partial Service,Red,Truck,4WD,18.0,NY,29615,45
Mercedes-Benz,GLE,2023,Petrol,Automatic,2.0,24509,149.0,141.0,1,0.0,Partial Service,Silver,SUV,AWD,32.0,,54813,45
BMW,X3,2007,Petrol,Automatic,2.6,220633,202.0,196.0,5,1.0,Full Service,Gray,SUV,AWD,34.0,MI,500,237
Mercedes-Benz,C-Class,2018,Hybrid,Automatic,2.3,91875,,184.0,2,0.0,Full Service,Black,Sedan,FWD,48.0,,22004,105
Audi,A6,2011,Petrol,,2.0,178389,,148.0,3,0.0,No Service,,Sedan,AWD,38.0,NC,8179,189
Toyota,Camry,2024,Petrol,Automatic,1.8,100,157.0,156.0,1,0.0,Full Service,Silver,Sedan,FWD,36.0,FL,24880,33
Hyundai,Sonata,2008,Petrol,Automatic,,143675,108.0,108.0,3,0.0,Partial Service,Red,Sedan,FWD,37.0,GA,500,225
Honda,Civic,2011,Petrol,Automatic,,17775,119.0,126.0,3,1.0,No Service,Green,Sedan,FWD,37.0,TX,4948,189
Chevrolet,Malibu,2012,Petrol,Automatic,2.4,89076,189.0,180.0,2,1.0,Full Service,Red,Sedan,FWD,29.0,OH,3258,177
Ford,Mustang,2010,Petrol,Automatic,3.1,54967,,227.0,3,0.0,Full Service,,Coupe,RWD,27.0,,5445,201
Chevrolet,Malibu,2019,Diesel,Automatic,,77936,165.0,,2,,Full Service,Red,Sedan,FWD,30.0,GA,12766,93
Toyota,Highlander,2020,Hybrid,Automatic,,5965,223.0,200.0,1,0.0,Partial Service,Black,SUV,FWD,41.0,CA,26178,81
Mercedes-Benz,E-Class,2017,Petrol,Automatic,2.0,144775,150.0,146.0,3,1.0,Partial Service,,Sedan,FWD,,NY,18670,117
Hyundai,Sonata,2023,Petrol,,1.6,100,145.0,145.0,1,0.0,,Black,Sedan,FWD,40.0,NC,24709,45
Chevrolet,Equinox,2012,Petrol,Automatic,3.5,53062,266.0,254.0,2,0.0,Full Service,Green,SUV,AWD,26.0,NC,7384,177
Hyundai,Tucson,2015,Hybrid,Automatic,3.2,146693,252.0,244.0,4,0.0,Full Service,Silver,SUV,AWD,49.0,TX,5472,141
Audi,A6,2007,Petrol,Automatic,2.3,249128,,172.0,4,1.0,Partial Service,White,Sedan,FWD,30.0,TX,692,237
Volkswagen,Golf,2017,Petrol,Automatic,2.0,114017,,128.0,1,,Partial Service,White,Hatchback,FWD,,FL,6308,117
Ford,Explorer,2011,Petrol,Automatic,3.2,167556,,231.0,3,,Full Service,Green,SUV,FWD,24.0,MI,2691,189
Mercedes-Benz,GLC,2009,Petrol,Manual,,143689,259.0,249.0,5,0.0,Full Service,,SUV,AWD,22.0,,5814,213
Hyundai,Tucson,2016,Petrol,Automatic,2.9,93470,230.0,,2,0.0,Full Service,Black,SUV,AWD,22.0,GA,8665,129
Toyota,Highlander,2010,Diesel,Manual,3.1,2659,238.0,214.0,5,,Full Service,,SUV,AWD,29.0,,8686,201
Chevrolet,Equinox,2016,Petrol,Automatic,,66646,,151.0,2,0.0,Partial Service,White,SUV,AWD,34.0,OH,9053,129
Nissan,Sentra,2019,Petrol,,1.5,49268,,121.0,3,0.0,Partial Service,Gray,Sedan,FWD,37.0,CA,10648,93
Mercedes-Benz,GLC,2009,Petrol,Automatic,3.2,193539,250.0,244.0,3,1.0,No Service,Brown,SUV,AWD,,,2671,213
Mercedes-Benz,GLC,2012,Petrol,,2.3,286401,181.0,178.0,3,1.0,,Green,SUV,AWD,32.0,MI,2136,177
Hyundai,Santa Fe,2010,Diesel,Automatic,2.4,245068,178.0,161.0,3,0.0,Partial Service,White,SUV,AWD,32.0,IL,500,201
Chevrolet,Silverado,2020,Petrol,Automatic,4.3,49503,336.0,,2,0.0,Partial Service,Black,Truck,4WD,,,22665,81
Audi,A4,2010,Hybrid,Automatic,1.5,180525,132.0,127.0,4,,Full Service,White,Sedan,AWD,50.0,,3131,201
Ford,Explorer,2014,Petrol,Automatic,2.7,129418,212.0,,3,0.0,Partial Service,White,SUV,AWD,28.0,GA,8169,153
Volkswagen,Atlas,2009,Petrol,Automatic,2.6,267219,210.0,216.0,2,1.0,Partial Service,,SUV,AWD,27.0,FL,500,213
Hyundai,Santa Fe,2008,Petrol,Automatic,2.2,179210,,161.0,3,0.0,Partial Service,Black,SUV,AWD,31.0,TX,500,225
Audi,Q7,2020,Petrol,Automatic,2.6,3255,211.0,200.0,2,0.0,Full Service,Black,SUV,FWD,,FL,46095,81
Honda,Civic,2021,Petrol,Automatic,1.5,48803,141.0,144.0,1,0.0,Full Service,Brown,Sedan,FWD,,CA,14868,69
Ford,Escape,2008,Diesel,Manual,2.2,114447,,185.0,5,1.0,,Red,SUV,AWD,33.0,IL,711,225
Nissan,Sentra,2017,Petrol,Automatic,1.8,137176,159.0,163.0,2,,Full Service,Red,Sedan,FWD,,IL,3489,117
Audi,A4,2016,Petrol,Automatic,1.6,48049,132.0,118.0,3,0.0,Full Service,Black,Sedan,FWD,39.0,,17531,129
Ford,Escape,2023,Hybrid,Automatic,2.1,13699,,165.0,1,0.0,Full Service,Brown,SUV,FWD,47.0,FL,25465,45
Nissan,Altima,2018,Hybrid,Automatic,1.7,79704,137.0,124.0,2,0.0,No Service,Brown,Sedan,FWD,46.0,CA,9238,105
Nissan,Sentra,2006,Diesel,Manual,1.7,169247,153.0,,5,1.0,Full Service,,Sedan,FWD,35.0,GA,500,249
Chevrolet,Equinox,2013,Diesel,Automatic,2.7,54537,212.0,212.0,3,,Full Service,,SUV,AWD,33.0,FL,7399,165
BMW,X3,2017,Petrol,Automatic,3.2,74676,228.0,214.0,2,0.0,Full Service,Silver,SUV,AWD,,OH,20878,117
Toyota,Camry,2024,Petrol,Automatic,1.9,1596,143.0,126.0,1,0.0,Partial Service,White,Sedan,FWD,35.0,GA,25608,33
Audi,Q7,2010,Petrol,Automatic,3.3,128004,257.0,249.0,3,1.0,Partial Service,White,SUV,AWD,32.0,OH,9525,201
Volkswagen,Golf,2017,Petrol,Automatic,2.1,73109,,174.0,3,0.0,Full Service,Brown,Hatchback,AWD,34.0,NY,9495,117
Ford,Explorer,2022,Diesel,Automatic,3.0,918,235.0,215.0,1,,Partial Service,Silver,SUV,AWD,,MI,28855,57
Honda,Accord,2005,Petrol,Manual,1.9,293655,139.0,131.0,4,0.0,,Green,Sedan,FWD,39.0,FL,500,261
Ford,Explorer,2016,Diesel,Automatic,,144424,253.0,228.0,3,1.0,,,SUV,AWD,24.0,MI,7180,129
BMW,X3,2014,Petrol,Automatic,2.7,81846,191.0,178.0,2,1.0,No Service,Brown,SUV,AWD,31.0,,11737,153
Mercedes-Benz,E-Class,2024,Petrol,Automatic,1.6,8038,,144.0,1,0.0,Full Service,Red,Sedan,FWD,39.0,NC,55687,33
Volkswagen,Golf,2024,Hybrid,Automatic,1.4,100,110.0,106.0,1,0.0,Full Service,Brown,Hatchback,AWD,59.0,,23152,33
BMW,3 Series,2010,Diesel,,,104327,166.0,152.0,4,0.0,Partial Service,Gray,Sedan,FWD,,PA,7360,201
BMW,5 Series,2016,Petrol,,,81537,118.0,112.0,3,1.0,Full Service,Black,Sedan,FWD,,,21608,129
BMW,X5,2015,Hybrid,Automatic,3.1,144986,215.0,195.0,2,1.0,,Brown,SUV,AWD,42.0,IL,18054,141
BMW,3 Series,2022,Petrol,,1.5,27251,136.0,,1,0.0,Full Service,Green,Sedan,FWD,41.0,GA,35545,57
Ford,Mustang,2015,Electric,Manual,0.0,135494,267.0,293.0,1,0.0,Partial Service,Brown,Coupe,AWD,100.0,TX,6245,141
Volkswagen,Tiguan,2006,Petrol,Automatic,,231299,,,5,1.0,,White,SUV,AWD,26.0,TX,500,249
Hyundai,Sonata,2007,Petrol,Manual,1.7,273737,130.0,128.0,4,1.0,No Service,Red,Sedan,FWD,35.0,NC,500,237
Toyota,Corolla,2016,Hybrid,Automatic,1.6,157733,133.0,,1,0.0,No Service,Black,Sedan,FWD,,,1855,129
Ford,Mustang,2024,Hybrid,Automatic,3.0,329,246.0,223.0,1,0.0,Partial Service,,Coupe,RWD,43.0,OH,27097,33
Nissan,Altima,2006,Hybrid,Manual,2.0,229327,153.0,,5,1.0,Partial Service,White,Sedan,FWD,44.0,NY,500,249
BMW,X3,2018,Diesel,Automatic,2.5,95090,184.0,176.0,1,1.0,Full Service,Silver,SUV,AWD,29.0,TX,20088,105
Audi,Q7,2017,Petrol,Automatic,2.5,147811,223.0,204.0,1,0.0,,,SUV,FWD,30.0,,22588,117
Honda,Accord,2013,Petrol,Automatic,1.8,131965,128.0,124.0,2,,Full Service,Gray,Sedan,FWD,37.0,FL,3880,165
Audi,A6,2022,Petrol,Automatic,2.2,27504,,170.0,1,,Partial Service,White,Sedan,FWD,31.0,FL,37891,57
Ford,F-150,2007,Diesel,Manual,,216608,338.0,321.0,3,1.0,Full Service,Gray,Truck,4WD,15.0,GA,500,237
Hyundai,Tucson,2019,Diesel,Automatic,2.4,60828,200.0,198.0,1,0.0,,Silver,SUV,AWD,28.0,FL,14475,93
Hyundai,Sonata,2024,Hybrid,Automatic,1.5,100,106.0,114.0,1,0.0,Partial Service,Blue,Sedan,AWD,51.0,CA,24495,33
Nissan,Pathfinder,2009,Petrol,Automatic,,186070,172.0,,4,0.0,Full Service,Gray,SUV,AWD,,FL,500,213
Mercedes-Benz,GLE,2023,Petrol,Automatic,2.9,23267,208.0,183.0,1,,No Service,Silver,SUV,AWD,27.0,TX,49139,45
Toyota,RAV4,2005,Petrol,Automatic,2.9,205289,218.0,214.0,5,1.0,Full Service,Brown,SUV,AWD,25.0,GA,500,261
Nissan,Sentra,2013,Petrol,Automatic,2.3,178213,172.0,178.0,4,1.0,No Service,Blue,Sedan,FWD,37.0,TX,500,165
Hyundai,Sonata,2009,Petrol,Manual,1.4,207036,112.0,105.0,3,0.0,Partial Service,Green,Sedan,FWD,38.0,TX,500,213
Hyundai,Santa Fe,2016,Diesel,Automatic,2.7,166140,,,4,1.0,,Green,SUV,RWD,30.0,NY,7307,129
Ford,F-150,2020,Diesel,Automatic,,35735,,254.0,1,0.0,Partial Service,,Truck,4WD,21.0,NY,21452,81
Ford,F-150,2011,Petrol,Manual,5.6,193569,418.0,385.0,2,,Full Service,Red,Truck,4WD,10.0,NC,1098,189
BMW,3 Series,2010,Petrol,Manual,1.9,201042,138.0,141.0,3,1.0,Partial Service,,Sedan,AWD,,TX,2402,201
Ford,Mustang,2016,Petrol,Manual,2.7,164916,218.0,204.0,1,1.0,Full Service,Red,Coupe,RWD,31.0,,5271,129
Chevrolet,Silverado,2020,Petrol,Automatic,4.1,94072,309.0,299.0,1,0.0,Partial Service,Brown,Truck,4WD,18.0,PA,21942,81
Mercedes-Benz,GLC,2019,Petrol,Automatic,3.1,68759,242.0,,1,0.0,Partial Service,Red,SUV,AWD,26.0,OH,25568,93
Toyota,Camry,2020,Petrol,,,28325,124.0,109.0,1,0.0,,Red,Sedan,FWD,,PA,16567,81
Ford,Mustang,2023,Petrol,Automatic,4.1,29506,325.0,,1,0.0,Full Service,Black,Coupe,AWD,23.0,PA,24930,45
Volkswagen,Atlas,2013,Petrol,Automatic,3.4,61387,269.0,233.0,2,1.0,,Green,SUV,AWD,,TX,7789,165
Hyundai,Santa Fe,2008,Petrol,,2.6,281515,197.0,195.0,3,0.0,No Service,Blue,SUV,AWD,29.0,PA,500,225
Audi,A4,2006,Petrol,,2.4,220042,184.0,144.0,5,,Partial Service,,Sedan,AWD,31.0,CA,500,249
Hyundai,Santa Fe,2005,Petrol,Automatic,3.4,291346,266.0,263.0,5,1.0,,Black,SUV,FWD,,PA,500,261
Nissan,Pathfinder,2009,Petrol,Automatic,2.7,320611,213.0,188.0,2,0.0,Full Service,Green,SUV,AWD,33.0,PA,500,213
BMW,X5,2005,Petrol,Automatic,2.9,48530,,195.0,5,0.0,Full Service,,SUV,AWD,22.0,OH,9252,261
Chevrolet,Equinox,2023,Diesel,Automatic,2.5,20379,205.0,214.0,1,0.0,Partial Service,Silver,SUV,AWD,32.0,TX,22183,45
Ford,Mustang,2024,Petrol,Manual,,934,320.0,320.0,1,0.0,Partial Service,,Coupe,RWD,,NY,26099,33
Toyota,Camry,2013,Hybrid,Automatic,2.4,158421,182.0,179.0,3,1.0,Partial Service,Red,Sedan,FWD,46.0,FL,1786,165
Chevrolet,Equinox,2018,Hybrid,,3.2,45528,247.0,240.0,3,0.0,Full Service,Gray,SUV,AWD,36.0,NY,13794,105
Volkswagen,Atlas,2017,Petrol,Automatic,3.4,109399,240.0,227.0,2,,,Brown,SUV,FWD,,TX,9566,117
Audi,A6,2015,Petrol,Automatic,2.1,61029,174.0,149.0,1,1.0,No Service,Green,Sedan,FWD,,FL,19279,141
Toyota,Corolla,2013,Diesel,Automatic,2.3,24244,195.0,,4,,Full Service,Red,Sedan,FWD,35.0,NY,7133,165
Volkswagen,Atlas,2023,Petrol,Automatic,2.1,100,168.0,158.0,1,,No Service,Red,SUV,RWD,33.0,TX,26668,45
Honda,CR-V,2017,Petrol,Automatic,2.4,140171,191.0,,2,1.0,Full Service,Black,SUV,FWD,32.0,FL,7370,117
Ford,Escape,2015,Hybrid,Automatic,2.2,20212,,142.0,3,1.0,,Brown,SUV,AWD,41.0,MI,8211,141
Chevrolet,Silverado,2024,Diesel,Automatic,4.2,9112,,312.0,1,0.0,No Service,,Truck,4WD,,MI,27860,33
Volkswagen,Golf,2020,Petrol,Automatic,2.3,37389,194.0,186.0,1,0.0,Full Service,Silver,Hatchback,FWD,35.0,OH,16388,81
Mercedes-Benz,GLE,2023,Hybrid,,2.2,12109,189.0,183.0,1,0.0,No Service,,SUV,FWD,53.0,IL,49465,45
Ford,Escape,2012,Petrol,Automatic,,21014,,233.0,3,1.0,Partial Service,Brown,SUV,FWD,,FL,6283,177
Hyundai,Tucson,2012,Petrol,,2.7,185363,,182.0,3,1.0,Full Service,Brown,SUV,FWD,27.0,NY,500,177
Honda,Accord,2015,Petrol,Automatic,,42330,172.0,159.0,2,1.0,Full Service,Silver,Sedan,AWD,,FL,8513,141
BMW,5 Series,2019,Electric,,0.0,75204,380.0,,4,0.0,Full Service,Brown,Sedan,AWD,,CA,29575,93
Toyota,Highlander,2018,Petrol,Automatic,2.1,98661,,162.0,2,0.0,Full Service,Gray,SUV,AWD,,GA,15974,105
Mercedes-Benz,C-Class,2023,Petrol,Automatic,1.7,1895,135.0,128.0,1,0.0,Full Service,Red,Sedan,FWD,34.0,PA,41246,45
BMW,X5,2010,Petrol,Automatic,2.1,186231,147.0,129.0,2,1.0,,Blue,SUV,FWD,36.0,OH,8147,201
Ford,Mustang,2009,Petrol,Manual,,243459,,281.0,3,,,Brown,Coupe,RWD,23.0,OH,500,213
Chevrolet,Equinox,2005,Petrol,Automatic,3.3,192514,240.0,223.0,5,0.0,Full Service,Red,SUV,RWD,21.0,NY,500,261
Mercedes-Benz,C-Class,2016,Petrol,Automatic,2.1,140721,168.0,,2,0.0,Full Service,Black,Sedan,AWD,,PA,15913,129
Ford,Escape,2011,Petrol,Automatic,3.3,298198,256.0,242.0,4,0.0,,Blue,SUV,AWD,23.0,,500,189
Mercedes-Benz,E-Class,2009,Petrol,,2.3,169532,186.0,,3,0.0,,Black,Sedan,FWD,32.0,,7231,213
Audi,A6,2023,Petrol,,,36014,131.0,144.0,1,0.0,Full Service,Gray,Sedan,AWD,37.0,CA,49767,45
Hyundai,Elantra,2021,Petrol,Automatic,1.5,45290,127.0,103.0,1,,Partial Service,,Sedan,FWD,37.0,,14950,69
Mercedes-Benz,E-Class,2015,Petrol,Automatic,2.4,68007,177.0,177.0,2,0.0,,,Sedan,FWD,32.0,TX,22589,141
Nissan,Sentra,2022,Petrol,,,22869,,152.0,1,0.0,Partial Service,Brown,Sedan,FWD,,PA,15848,57
Mercedes-Benz,GLE,2010,Petrol,Automatic,3.2,99787,259.0,245.0,4,1.0,No Service,Gray,SUV,AWD,23.0,GA,10732,201
BMW,5 Series,2012,Petrol,Automatic,1.9,78588,,,2,,Full Service,,Sedan,FWD,,TX,14189,177
Mercedes-Benz,C-Class,2012,Petrol,Automatic,2.1,166868,163.0,153.0,4,1.0,Partial Service,White,Sedan,FWD,34.0,,5955,177
Mercedes-Benz,GLE,2015,Petrol,Automatic,3.2,136671,252.0,230.0,1,,Full Service,Black,SUV,AWD,30.0,GA,23482,141
Audi,Q7,2020,Hybrid,Automatic,2.2,55738,165.0,163.0,2,1.0,,Silver,SUV,FWD,54.0,OH,30712,81
Nissan,Sentra,2018,Diesel,Automatic,1.5,114682,141.0,143.0,1,0.0,No Service,White,Sedan,FWD,,CA,5639,105
Nissan,Pathfinder,2018,Petrol,Automatic,,119265,234.0,228.0,3,0.0,Full Service,Silver,SUV,AWD,,GA,14087,105
Chevrolet,Malibu,2018,Petrol,Automatic,,34139,175.0,174.0,3,0.0,Full Service,Brown,Sedan,FWD,37.0,NC,11135,105
Hyundai,Elantra,2022,Diesel,Automatic,1.9,100,141.0,131.0,1,0.0,Full Service,Blue,Sedan,FWD,33.0,GA,18160,57
Volkswagen,Passat,2015,Diesel,Automatic,2.4,54113,,174.0,3,0.0,No Service,Silver,Sedan,FWD,,CA,8614,141
BMW,X3,2020,Petrol,Automatic,2.0,80934,161.0,156.0,1,1.0,Full Service,,SUV,AWD,41.0,NC,25417,81
Volkswagen,Atlas,2017,Petrol,Automatic,3.2,69601,231.0,223.0,2,,Partial Service,Black,SUV,AWD,29.0,MI,12897,117
Volkswagen,Tiguan,2018,Diesel,Automatic,2.9,88817,239.0,218.0,2,0.0,Partial Service,Gray,SUV,AWD,28.0,CA,12787,105
Ford,Escape,2017,Petrol,Automatic,2.7,83375,197.0,197.0,1,0.0,Full Service,White,SUV,AWD,34.0,NY,11104,117
Volkswagen,Tiguan,2024,Petrol,Automatic,2.6,8367,215.0,208.0,1,0.0,Full Service,Black,SUV,RWD,34.0,GA,28782,33
Nissan,Sentra,2024,Hybrid,Automatic,1.9,100,159.0,151.0,1,,,Gray,Sedan,AWD,,,22822,33
Nissan,Rogue,2024,Hybrid,Automatic,2.2,1649,,154.0,1,0.0,No Service,Black,SUV,AWD,45.0,,23794,33
Audi,Q5,2018,Petrol,Automatic,3.3,78246,238.0,227.0,1,0.0,Partial Service,White,SUV,AWD,26.0,IL,23057,105
Hyundai,Tucson,2023,Petrol,Automatic,2.8,11496,,201.0,1,0.0,Partial Service,Gray,SUV,FWD,28.0,GA,23750,45
Toyota,Corolla,2005,Petrol,Automatic,1.8,226793,140.0,127.0,4,1.0,,White,Sedan,FWD,36.0,NY,500,261
Toyota,Camry,2008,Petrol,Automatic,1.7,159474,151.0,147.0,4,1.0,,White,Sedan,FWD,34.0,NY,500,225
Honda,CR-V,2021,Petrol,Automatic,,9861,227.0,223.0,1,0.0,Full Service,White,SUV,FWD,26.0,TX,22622,69
Honda,Civic,2023,Petrol,Automatic,2.2,8611,171.0,172.0,1,0.0,,Black,Sedan,FWD,34.0,OH,17489,45
Mercedes-Benz,E-Class,2022,Hybrid,Automatic,,27254,168.0,167.0,1,0.0,Partial Service,Black,Sedan,FWD,53.0,NY,25074,57
Ford,Mustang,2006,Petrol,Manual,3.2,264375,236.0,205.0,5,0.0,Full Service,Blue,Coupe,RWD,25.0,OH,500,249
Mercedes-Benz,GLE,2014,Petrol,Automatic,2.1,183669,157.0,154.0,1,0.0,,,SUV,AWD,31.0,,16951,153
Volkswagen,Golf,2006,Petrol,Manual,1.5,186977,,114.0,3,1.0,Full Service,,Hatchback,FWD,,CA,500,249
Chevrolet,Silverado,2021,Hybrid,Automatic,4.7,20492,344.0,,1,0.0,Partial Service,Black,Truck,4WD,,NC,27263,69
Volkswagen,Passat,2012,Petrol,Automatic,1.9,155356,,153.0,2,1.0,Full Service,Blue,Sedan,FWD,32.0,OH,1988,177
Ford,Escape,2015,Petrol,Automatic,2.7,94667,185.0,181.0,3,1.0,Partial Service,White,SUV,AWD,27.0,TX,5357,141
Volkswagen,Passat,2023,Petrol,Automatic,1.8,8139,136.0,137.0,1,0.0,No Service,Brown,Sedan,FWD,36.0,GA,21787,45
Chevrolet,Silverado,2023,Petrol,Automatic,5.2,18882,389.0,361.0,1,,Partial Service,Black,Truck,4WD,10.0,MI,30426,45
Volkswagen,Golf,2013,Diesel,Automatic,2.5,158156,187.0,172.0,3,0.0,Partial Service,Gray,Hatchback,FWD,22.0,FL,1281,165
Volkswagen,Tiguan,2005,Petrol,Automatic,2.3,243191,,194.0,5,0.0,Full Service,Brown,SUV,AWD,33.0,MI,500,261
Mercedes-Benz,E-Class,2008,Petrol,,2.2,324377,184.0,168.0,4,0.0,Partial Service,,Sedan,FWD,34.0,CA,500,225
Volkswagen,Atlas,2023,Diesel,,2.1,10025,171.0,173.0,1,0.0,,Brown,SUV,RWD,36.0,PA,28797,45
Nissan,Altima,2020,Petrol,Automatic,,50813,125.0,112.0,1,0.0,,Red,Sedan,FWD,42.0,FL,14979,81
Mercedes-Benz,E-Class,2020,Petrol,Automatic,2.3,77229,175.0,150.0,2,0.0,Partial Service,Black,Sedan,FWD,,OH,32761,81
Volkswagen,Tiguan,2007,Petrol,Manual,3.0,59706,212.0,197.0,2,1.0,Partial Service,,SUV,AWD,31.0,PA,3037,237
Toyota,Highlander,2006,Diesel,Automatic,3.0,277229,224.0,206.0,4,1.0,No Service,Black,SUV,FWD,28.0,PA,500,249
Audi,A6,2008,Petrol,Manual,2.0,100,165.0,150.0,5,0.0,Full Service,Blue,Sedan,FWD,35.0,,13498,225
Audi,A4,2013,Petrol,Automatic,2.0,159063,,148.0,2,0.0,No Service,Red,Sedan,AWD,35.0,CA,7469,165
Volkswagen,Golf,2009,Petrol,Automatic,2.0,76585,162.0,,3,1.0,Full Service,White,Hatchback,FWD,32.0,NC,2492,213
Nissan,Altima,2018,Diesel,,2.2,101927,185.0,169.0,3,0.0,,Brown,Sedan,AWD,32.0,PA,8465,105
Mercedes-Benz,E-Class,2005,Petrol,Automatic,2.1,246847,160.0,145.0,5,0.0,No Service,Blue,Sedan,AWD,29.0,,500,261
Chevrolet,Silverado,2017,Petrol,Automatic,3.3,17363,,,2,1.0,Partial Service,Brown,Truck,RWD,27.0,IL,15972,117
Honda,Civic,2010,Petrol,Manual,2.4,89534,176.0,,3,0.0,Partial Service,Green,Sedan,AWD,36.0,OH,2146,201
Volkswagen,Golf,2016,Petrol,Automatic,2.3,96652,185.0,163.0,4,0.0,Partial Service,Blue,Hatchback,FWD,33.0,NC,6750,129
Mercedes-Benz,C-Class,2020,Petrol,,,106471,139.0,125.0,3,1.0,Full Service,Brown,Sedan,FWD,37.0,,21598,81
Honda,CR-V,2007,Petrol,Manual,3.2,9504,239.0,231.0,3,1.0,No Service,White,SUV,AWD,28.0,,4615,237
Nissan,Pathfinder,2014,Petrol,Automatic,3.0,116400,241.0,231.0,3,0.0,Partial Service,Brown,SUV,FWD,26.0,NC,8480,153
Hyundai,Sonata,2006,Diesel,Automatic,1.7,192526,140.0,121.0,5,,Partial Service,Blue,Sedan,AWD,30.0,FL,500,249
Hyundai,Tucson,2013,Petrol,Automatic,3.4,108055,252.0,,2,1.0,,Green,SUV,RWD,27.0,GA,4404,165
Chevrolet,Equinox,2019,Petrol,Automatic,2.7,114629,204.0,188.0,2,0.0,Partial Service,Brown,SUV,AWD,33.0,TX,11738,93
Audi,A6,2010,Petrol,Automatic,2.0,296812,154.0,,4,1.0,No Service,Blue,Sedan,FWD,40.0,TX,1540,201
Volkswagen,Golf,2005,Petrol,Automatic,2.2,339945,174.0,,4,0.0,Partial Service,,Hatchback,AWD,33.0,FL,500,261
Toyota,Camry,2019,Petrol,Automatic,2.4,4528,167.0,167.0,1,1.0,,,Sedan,AWD,30.0,FL,15148,93
Ford,Escape,2014,Petrol,Automatic,2.8,73873,220.0,219.0,3,0.0,,Brown,SUV,FWD,30.0,IL,7730,153
Volkswagen,Golf,2019,Petrol,Automatic,1.5,67459,145.0,128.0,1,0.0,,Brown,Hatchback,FWD,36.0,TX,12237,93
Ford,Explorer,2018,Petrol,Automatic,3.3,70653,256.0,257.0,2,1.0,Partial Service,Green,SUV,FWD,21.0,NC,15252,105
Hyundai,Santa Fe,2006,Petrol,Automatic,3.1,263441,229.0,199.0,3,,Partial Service,White,SUV,FWD,,OH,500,249
Toyota,Camry,2010,Petrol,Manual,1.8,157485,158.0,151.0,3,0.0,Full Service,Black,Sedan,FWD,37.0,CA,500,201
Ford,F-150,2015,Petrol,Automatic,5.0,140732,,330.0,2,,Partial Service,,Truck,4WD,13.0,NY,6676,141
Ford,Explorer,2024,Petrol,,3.4,100,,215.0,1,0.0,Partial Service,Black,SUV,AWD,22.0,FL,35504,33
BMW,X3,2020,Petrol,Automatic,3.0,58146,235.0,230.0,2,0.0,Partial Service,Brown,SUV,AWD,,FL,30471,81
Hyundai,Tucson,2016,Petrol,Automatic,,102153,245.0,242.0,2,1.0,Full Service,Silver,SUV,AWD,29.0,MI,7234,129
Mercedes-Benz,GLE,2016,Hybrid,,2.0,59252,172.0,157.0,2,,Partial Service,Black,SUV,AWD,57.0,GA,22817,129
Nissan,Pathfinder,2017,Petrol,Automatic,2.4,95685,190.0,185.0,4,0.0,Full Service,White,SUV,AWD,30.0,PA,13284,117
Nissan,Altima,2012,Petrol,Automatic,2.0,118160,,136.0,3,0.0,Partial Service,Blue,Sedan,AWD,39.0,OH,2802,177
Chevrolet,Equinox,2010,Hybrid,Manual,,57315,262.0,250.0,2,,Partial Service,,SUV,FWD,,MI,4370,201
BMW,X3,2012,Petrol,,3.4,92305,250.0,225.0,3,0.0,Full Service,Black,SUV,AWD,30.0,PA,12204,177
Volkswagen,Atlas,2023,Petrol,Automatic,,18131,175.0,149.0,1,,,Green,SUV,AWD,32.0,OH,28773,45
Volkswagen,Golf,2007,Diesel,Automatic,1.5,166655,130.0,129.0,5,0.0,Partial Service,Brown,Hatchback,AWD,37.0,IL,500,237
Hyundai,Elantra,2017,Petrol,Automatic,1.7,120494,138.0,127.0,1,1.0,Full Service,Green,Sedan,FWD,35.0,MI,4909,117
Toyota,RAV4,2010,Petrol,,3.1,153805,248.0,227.0,2,0.0,,Brown,SUV,AWD,28.0,MI,978,201
Ford,Escape,2011,Petrol,Manual,2.7,243440,209.0,153.0,3,,No Service,Red,SUV,AWD,27.0,NC,500,189
Volkswagen,Atlas,2023,Electric,Automatic,0.0,100,239.0,262.0,1,0.0,Partial Service,Gray,SUV,AWD,,,30341,45
Ford,F-150,2020,Petrol,Automatic,5.7,100666,408.0,,1,0.0,,White,Truck,4WD,,MI,16678,81
Honda,Civic,2018,Petrol,,2.2,75654,164.0,159.0,1,0.0,No Service,Gray,Sedan,FWD,32.0,OH,7975,105
BMW,X5,2021,Hybrid,Automatic,3.3,100,254.0,225.0,1,1.0,,Green,SUV,AWD,47.0,NY,37824,69
Toyota,Camry,2020,Hybrid,Automatic,2.4,65645,179.0,,2,,Full Service,Silver,Sedan,FWD,43.0,CA,15153,81
BMW,3 Series,2018,Petrol,Automatic,2.0,80130,161.0,145.0,1,0.0,Partial Service,,Sedan,FWD,,CA,21548,105
Honda,Accord,2012,Petrol,Automatic,2.0,166989,167.0,137.0,5,1.0,Partial Service,Red,Sedan,AWD,29.0,NC,953,177
Mercedes-Benz,E-Class,2019,Petrol,Automatic,,66912,140.0,141.0,1,0.0,No Service,,Sedan,FWD,37.0,GA,30369,93
Hyundai,Santa Fe,2009,Petrol,Manual,3.3,176191,246.0,238.0,4,0.0,Partial Service,Red,SUV,AWD,27.0,FL,500,213
BMW,X3,2011,Petrol,,3.3,111112,,209.0,3,1.0,No Service,,SUV,AWD,21.0,TX,7416,189
Toyota,RAV4,2023,Petrol,Automatic,2.3,6161,189.0,174.0,1,0.0,Full Service,,SUV,AWD,38.0,GA,25732,45
Honda,Pilot,2016,Diesel,,,49579,203.0,192.0,3,,Full Service,Green,SUV,AWD,36.0,NC,16476,129
Volkswagen,Atlas,2014,Petrol,Automatic,3.3,210261,253.0,,3,,Full Service,Green,SUV,AWD,,NC,4164,153
Chevrolet,Silverado,2020,Petrol,Automatic,3.6,96935,272.0,253.0,1,0.0,Full Service,White,Truck,4WD,22.0,CA,19153,81
BMW,5 Series,2006,Petrol,Manual,1.5,218795,124.0,117.0,5,0.0,Full Service,Gray,Sedan,FWD,39.0,TX,1340,249
Volkswagen,Passat,2024,Petrol,Automatic,1.9,100,163.0,164.0,1,0.0,Full Service,Red,Sedan,AWD,34.0,,28225,33
Hyundai,Tucson,2010,Petrol,Manual,2.3,115061,156.0,136.0,3,0.0,,,SUV,AWD,32.0,,2019,201
Audi,Q5,2011,Petrol,,3.3,103513,253.0,246.0,3,1.0,Partial Service,,SUV,FWD,25.0,OH,8117,189
BMW,3 Series,2010,Hybrid,Automatic,1.4,69750,,109.0,2,,No Service,Blue,Sedan,FWD,40.0,NY,8554,201
Ford,Mustang,2008,Diesel,Manual,3.3,306980,246.0,,3,,Full Service,Brown,Coupe,RWD,25.0,NY,500,225
Audi,Q5,2016,Hybrid,,,126384,,167.0,1,0.0,No Service,,SUV,AWD,47.0,MI,14645,129
BMW,X5,2024,Petrol,,,6450,221.0,202.0,1,0.0,,Blue,SUV,AWD,27.0,,53992,33
Honda,CR-V,2024,Petrol,Automatic,3.3,3087,262.0,252.0,1,0.0,Full Service,Silver,SUV,FWD,21.0,PA,29578,33
Nissan,Pathfinder,2015,Petrol,Automatic,2.3,60404,181.0,154.0,2,1.0,,Red,SUV,AWD,34.0,TX,11656,141
Chevrolet,Tahoe,2022,Petrol,Automatic,,100,220.0,,1,0.0,No Service,,SUV,AWD,31.0,GA,38833,57
Honda,Pilot,2010,Petrol,Automatic,,139651,215.0,208.0,4,1.0,Partial Service,Brown,SUV,FWD,17.0,,3454,201
Nissan,Pathfinder,2024,Petrol,Automatic,3.5,3312,256.0,246.0,1,0.0,Full Service,Brown,SUV,AWD,23.0,FL,36230,33
Honda,Pilot,2014,Petrol,Automatic,2.2,68295,164.0,152.0,2,1.0,Full Service,,SUV,RWD,37.0,,10887,153
Audi,A4,2010,Petrol,Automatic,2.2,250287,193.0,181.0,3,,,White,Sedan,FWD,35.0,MI,500,201
Hyundai,Santa Fe,2010,Petrol,Automatic,3.3,283958,,229.0,5,0.0,Partial Service,Blue,SUV,FWD,33.0,FL,500,201
Mercedes-Benz,GLE,2016,Hybrid,Automatic,2.9,132732,199.0,173.0,2,1.0,Partial Service,Silver,SUV,FWD,45.0,,20832,129
Nissan,Altima,2018,Petrol,,1.5,87432,116.0,,3,,,Green,Sedan,AWD,34.0,IL,10389,105
Volkswagen,Golf,2016,Hybrid,,2.4,84334,189.0,180.0,3,1.0,Partial Service,Black,Hatchback,FWD,53.0,TX,5705,129
Audi,Q7,2008,Hybrid,Manual,3.4,134020,261.0,246.0,5,1.0,Partial Service,Gray,SUV,AWD,38.0,GA,6754,225
Mercedes-Benz,GLE,2011,Hybrid,Automatic,2.2,100,,180.0,2,0.0,No Service,Blue,SUV,FWD,49.0,GA,19678,189
Honda,Civic,2013,Petrol,Automatic,2.3,159818,181.0,162.0,3,0.0,Full Service,,Sedan,FWD,26.0,NY,500,165
Volkswagen,Passat,2006,Petrol,Automatic,2.3,325734,179.0,177.0,4,1.0,Partial Service,,Sedan,FWD,31.0,,500,249
Volkswagen,Tiguan,2009,Petrol,Automatic,2.8,179342,224.0,213.0,5,1.0,No Service,Blue,SUV,AWD,,,500,213
Honda,Civic,2023,Petrol,Automatic,2.2,13866,158.0,140.0,1,0.0,,Green,Sedan,FWD,33.0,OH,18554,45
Volkswagen,Passat,2009,Petrol,,2.4,167617,186.0,178.0,3,0.0,Full Service,Red,Sedan,FWD,,FL,500,213
Ford,Escape,2024,Petrol,,2.1,100,,143.0,1,0.0,Partial Service,Gray,SUV,AWD,35.0,,26311,33
Honda,CR-V,2021,Hybrid,Automatic,2.8,34443,217.0,197.0,1,0.0,Full Service,Silver,SUV,AWD,52.0,NY,21992,69
Nissan,Rogue,2012,Petrol,Automatic,2.3,212110,171.0,154.0,3,0.0,,Silver,SUV,RWD,35.0,MI,500,177
Honda,CR-V,2007,Petrol,Automatic,,198300,257.0,255.0,4,1.0,Partial Service,Silver,SUV,AWD,,OH,500,237
Volkswagen,Atlas,2020,Petrol,Automatic,2.0,48416,144.0,131.0,1,0.0,Partial Service,Blue,SUV,FWD,31.0,GA,22333,81
Toyota,Highlander,2017,Electric,Automatic,0.0,117937,403.0,443.0,3,1.0,Partial Service,,SUV,AWD,99.0,,11599,117
Nissan,Rogue,2005,Petrol,Automatic,,131327,,181.0,4,1.0,Full Service,Black,SUV,AWD,34.0,,500,261
Chevrolet,Silverado,2018,Petrol,,4.9,25884,369.0,355.0,2,0.0,Full Service,Blue,Truck,4WD,12.0,MI,19166,105
Toyota,RAV4,2024,Diesel,Automatic,3.4,1502,235.0,224.0,1,0.0,,Green,SUV,AWD,,OH,29203,33
Toyota,Camry,2019,Hybrid,Automatic,1.9,98079,158.0,137.0,1,0.0,Partial Service,Black,Sedan,FWD,48.0,,11280,93
Ford,Escape,2006,Hybrid,Manual,,168594,,154.0,5,0.0,Full Service,,SUV,FWD,39.0,OH,500,249
BMW,5 Series,2011,Petrol,Automatic,2.2,280918,180.0,183.0,3,0.0,,Red,Sedan,FWD,34.0,PA,4603,189
Volkswagen,Passat,2009,Petrol,Automatic,2.4,176264,210.0,194.0,5,1.0,No Service,Black,Sedan,FWD,34.0,NC,500,213
BMW,5 Series,2021,Petrol,Automatic,,58657,128.0,132.0,1,0.0,Full Service,White,Sedan,FWD,,NY,41723,69
Hyundai,Elantra,2014,Petrol,,1.9,109791,149.0,,1,,Full Service,Black,Sedan,AWD,41.0,GA,3389,153
Toyota,Highlander,2012,Petrol,,2.3,108337,197.0,193.0,4,0.0,,Silver,SUV,FWD,33.0,,7741,177
Honda,Civic,2014,Petrol,Automatic,1.6,158227,144.0,135.0,1,,Full Service,Silver,Sedan,FWD,39.0,GA,1153,153
Hyundai,Santa Fe,2014,Petrol,,,78008,232.0,215.0,3,0.0,,Blue,SUV,AWD,30.0,OH,8351,153
Hyundai,Santa Fe,2006,Petrol,Automatic,2.9,166513,225.0,220.0,3,0.0,,,SUV,AWD,23.0,OH,500,249
BMW,X3,2017,Petrol,Automatic,2.4,132326,182.0,,2,0.0,Full Service,Gray,SUV,AWD,,,18306,117
Toyota,RAV4,2015,Petrol,,3.3,91491,236.0,235.0,1,0.0,Full Service,Blue,SUV,AWD,24.0,,9100,141
Volkswagen,Passat,2006,Petrol,Automatic,2.4,381190,184.0,186.0,4,1.0,Partial Service,Silver,Sedan,FWD,33.0,CA,500,249
Ford,F-150,2011,Petrol,,3.3,201274,258.0,247.0,3,1.0,Full Service,,Truck,4WD,30.0,NC,631,189
Volkswagen,Tiguan,2011,Petrol,Automatic,2.3,138934,184.0,,3,0.0,No Service,,SUV,RWD,34.0,,2226,189
Volkswagen,Tiguan,2011,Petrol,Automatic,3.1,55084,245.0,235.0,5,,Full Service,Gray,SUV,AWD,24.0,NC,6499,189
Nissan,Sentra,2018,Diesel,Automatic,,63652,150.0,130.0,2,0.0,Partial Service,Brown,Sedan,FWD,32.0,FL,8499,105
Hyundai,Sonata,2011,Petrol,Automatic,1.5,133301,120.0,119.0,3,0.0,Partial Service,Red,Sedan,FWD,38.0,MI,1266,189
Toyota,Corolla,2010,Petrol,Automatic,2.0,58076,147.0,149.0,4,1.0,Partial Service,Gray,Sedan,FWD,34.0,TX,2799,201
Audi,A4,2015,Petrol,Automatic,2.3,100,184.0,161.0,1,,Full Service,,Sedan,FWD,30.0,GA,19150,141
Ford,Escape,2014,Petrol,Automatic,2.3,191324,,,2,1.0,Partial Service,Black,SUV,AWD,,GA,1490,153
Chevrolet,Silverado,2015,Petrol,Automatic,4.0,113705,301.0,277.0,3,0.0,Partial Service,,Truck,4WD,15.0,,10241,141
Mercedes-Benz,C-Class,2014,Diesel,Automatic,2.3,148758,183.0,,2,1.0,,White,Sedan,FWD,28.0,,9306,153
Audi,Q7,2017,Petrol,Automatic,2.3,93024,168.0,165.0,1,1.0,No Service,,SUV,AWD,33.0,TX,20727,117
Toyota,RAV4,2008,Petrol,Automatic,2.9,217317,,,4,0.0,Partial Service,Red,SUV,AWD,23.0,IL,500,225
Volkswagen,Golf,2010,Petrol,Automatic,2.2,147269,,171.0,3,1.0,,,Hatchback,FWD,32.0,,500,201
Ford,Escape,2019,Petrol,Automatic,2.2,56285,191.0,,1,1.0,Partial Service,White,SUV,AWD,33.0,IL,11593,93
Chevrolet,Silverado,2015,Hybrid,Automatic,,84196,367.0,,4,0.0,No Service,Black,Truck,4WD,,TX,9443,141
BMW,X5,2013,Petrol,Automatic,2.9,182154,231.0,210.0,2,1.0,No Service,White,SUV,AWD,27.0,IL,12359,165
Ford,Mustang,2013,Petrol,,2.9,68439,220.0,193.0,3,0.0,Full Service,Gray,Coupe,RWD,30.0,OH,7585,165
Toyota,Highlander,2007,Petrol,Automatic,3.4,33632,264.0,243.0,2,1.0,Full Service,Brown,SUV,AWD,19.0,,5799,237
Audi,Q5,2014,Petrol,Automatic,2.2,83853,172.0,171.0,3,0.0,No Service,Gray,SUV,AWD,33.0,NC,12786,153
Volkswagen,Passat,2018,Petrol,Automatic,1.6,77287,124.0,127.0,1,0.0,Full Service,Brown,Sedan,FWD,40.0,,13085,105
Audi,A4,2011,Petrol,Automatic,2.3,117674,178.0,187.0,2,0.0,Full Service,Red,Sedan,AWD,28.0,TX,7933,189
Nissan,Rogue,2016,Petrol,Automatic,3.4,121738,249.0,245.0,1,0.0,Full Service,Blue,SUV,AWD,,FL,8632,129
Honda,Pilot,2006,Petrol,Automatic,2.5,328633,206.0,193.0,5,1.0,No Service,White,SUV,RWD,30.0,PA,500,249
Volkswagen,Tiguan,2009,Petrol,Automatic,,209756,213.0,198.0,5,0.0,No Service,Green,SUV,AWD,31.0,,500,213
BMW,3 Series,2021,Petrol,Automatic,,36185,178.0,,1,0.0,Full Service,Red,Sedan,AWD,30.0,NC,31496,69
Nissan,Sentra,2015,Petrol,Automatic,2.3,68206,181.0,158.0,2,1.0,Partial Service,Green,Sedan,FWD,,CA,5342,141
Mercedes-Benz,E-Class,2019,Diesel,Automatic,2.3,100,169.0,161.0,1,,No Service,,Sedan,FWD,33.0,MI,31511,93
Toyota,RAV4,2019,Petrol,Automatic,2.6,64621,,,2,1.0,Partial Service,Black,SUV,AWD,30.0,NC,13719,93
Hyundai,Santa Fe,2017,Hybrid,Automatic,2.7,50031,224.0,217.0,2,0.0,Partial Service,Gray,SUV,AWD,47.0,MI,15045,117
BMW,5 Series,2006,Petrol,Automatic,1.8,67658,,150.0,4,1.0,Partial Service,Red,Sedan,FWD,34.0,NY,7191,249
Nissan,Altima,2010,Diesel,Manual,1.9,100,160.0,127.0,4,1.0,Full Service,Black,Sedan,FWD,32.0,NC,6669,201
Chevrolet,Malibu,2019,Petrol,Automatic,1.8,45029,150.0,,2,,No Service,Blue,Sedan,FWD,,NC,12051,93
Nissan,Rogue,2016,Petrol,Automatic,2.8,103693,217.0,203.0,2,1.0,Full Service,,SUV,AWD,24.0,PA,7505,129
Hyundai,Santa Fe,2023,Hybrid,Automatic,,8942,192.0,171.0,1,1.0,Full Service,White,SUV,AWD,47.0,OH,27871,45
Nissan,Sentra,2017,Electric,Automatic,0.0,73378,324.0,356.0,2,1.0,Full Service,Blue,Sedan,FWD,106.0,PA,6646,117
BMW,X5,2016,Petrol,Automatic,3.3,118712,246.0,,1,0.0,Partial Service,Brown,SUV,AWD,30.0,TX,25733,129
Audi,A4,2010,Petrol,Automatic,1.5,23590,123.0,118.0,4,,Full Service,,Sedan,FWD,39.0,OH,10877,201
Honda,Pilot,2021,Diesel,Automatic,3.3,33377,,,1,,,Blue,SUV,AWD,27.0,MI,24223,69
Volkswagen,Passat,2013,Petrol,,1.7,74410,148.0,,4,1.0,Full Service,Green,Sedan,FWD,39.0,PA,6130,165
Nissan,Rogue,2011,Petrol,Automatic,3.4,100,257.0,,2,0.0,Full Service,,SUV,AWD,23.0,CA,9484,189
Honda,Civic,2007,Petrol,Automatic,2.3,330282,,,4,1.0,Partial Service,Red,Sedan,FWD,31.0,CA,500,237
Hyundai,Tucson,2019,Petrol,Automatic,3.4,24960,257.0,240.0,1,1.0,,Red,SUV,AWD,25.0,NC,12964,93
Volkswagen,Atlas,2021,Hybrid,,3.3,49390,228.0,228.0,1,,Partial Service,Silver,SUV,AWD,34.0,PA,23824,69
Audi,A4,2013,Petrol,Automatic,1.8,82529,138.0,130.0,3,1.0,Full Service,,Sedan,FWD,33.0,NY,15590,165
Hyundai,Elantra,2011,Petrol,Manual,2.4,126115,177.0,179.0,4,0.0,No Service,Black,Sedan,FWD,35.0,NY,500,189
Chevrolet,Tahoe,2020,Petrol,Automatic,,23301,181.0,171.0,2,0.0,Partial Service,Silver,SUV,AWD,34.0,,33112,81
Audi,Q7,2012,Diesel,,3.0,132253,,232.0,1,,No Service,Blue,SUV,AWD,26.0,MI,12683,177
Honda,Accord,2006,Petrol,Automatic,,340036,138.0,141.0,4,1.0,Partial Service,Black,Sedan,FWD,31.0,,500,249
Honda,Civic,2011,Petrol,Automatic,2.1,104691,157.0,151.0,4,1.0,Partial Service,Red,Sedan,FWD,35.0,MI,1625,189
BMW,3 Series,2013,Petrol,Automatic,,155954,,156.0,3,1.0,Partial Service,Blue,Sedan,FWD,36.0,GA,7198,165
Chevrolet,Silverado,2008,Petrol,,4.1,362985,299.0,260.0,3,1.0,,Green,Truck,4WD,19.0,TX,500,225
BMW,5 Series,2011,Petrol,,2.1,228371,162.0,,3,1.0,Partial Service,Blue,Sedan,AWD,30.0,PA,6153,189
Ford,F-150,2021,Petrol,Automatic,,25802,307.0,268.0,1,1.0,Partial Service,Blue,Truck,4WD,,TX,19860,69
Hyundai,Elantra,2013,Petrol,,2.5,143705,195.0,188.0,3,1.0,,Red,Sedan,FWD,34.0,,580,165
Nissan,Altima,2022,Petrol,Automatic,2.5,3553,187.0,177.0,1,0.0,Full Service,Black,Sedan,FWD,23.0,OH,19546,57
Hyundai,Elantra,2014,Petrol,Automatic,1.8,169627,139.0,,4,0.0,No Service,Gray,Sedan,FWD,36.0,GA,500,153
Toyota,Corolla,2021,Petrol,,1.7,40684,132.0,133.0,1,0.0,No Service,Gray,Sedan,FWD,37.0,TX,12216,69
Honda,Civic,2010,Petrol,Automatic,2.0,213317,160.0,,3,0.0,,,Sedan,FWD,30.0,IL,500,201
Hyundai,Santa Fe,2024,Diesel,Automatic,2.4,868,172.0,166.0,1,0.0,No Service,Green,SUV,AWD,30.0,OH,27691,33
Hyundai,Sonata,2014,Petrol,,2.3,83755,183.0,178.0,3,1.0,,Brown,Sedan,FWD,36.0,,4608,153
Ford,F-150,2013,Petrol,Automatic,5.3,164001,393.0,381.0,2,0.0,Partial Service,Green,Truck,4WD,10.0,NY,4201,165
Ford,Escape,2007,Diesel,Automatic,2.7,171511,203.0,196.0,5,0.0,,Brown,SUV,AWD,29.0,,500,237
Mercedes-Benz,GLE,2015,Petrol,Automatic,3.3,73821,244.0,235.0,2,,Full Service,White,SUV,AWD,22.0,NC,22824,141
Volkswagen,Passat,2015,Hybrid,Automatic,,99860,,,1,0.0,No Service,Red,Sedan,FWD,54.0,GA,11104,141
Volkswagen,Golf,2014,Petrol,Automatic,,33915,182.0,171.0,2,0.0,Partial Service,Red,Hatchback,FWD,34.0,NY,8144,153
Chevrolet,Tahoe,2024,Diesel,Automatic,2.9,100,230.0,216.0,1,,Partial Service,White,SUV,AWD,24.0,MI,50681,33
Volkswagen,Tiguan,2016,Hybrid,Automatic,3.4,74150,238.0,225.0,1,0.0,No Service,Green,SUV,AWD,44.0,NC,9293,129
Chevrolet,Malibu,2015,Petrol,Automatic,1.7,86318,114.0,132.0,2,1.0,Partial Service,Red,Sedan,FWD,39.0,FL,5952,141
Toyota,Corolla,2012,Petrol,Automatic,1.6,106242,126.0,122.0,2,1.0,,Gray,Sedan,FWD,,NC,1652,177
Audi,Q7,2012,Petrol,Automatic,2.1,79322,176.0,163.0,2,0.0,Full Service,Blue,SUV,AWD,35.0,GA,16835,177
Honda,CR-V,2019,Petrol,Automatic,3.3,89749,249.0,231.0,1,0.0,Partial Service,Brown,SUV,AWD,28.0,FL,14220,93
Audi,A4,2015,Petrol,Automatic,1.5,70759,119.0,123.0,2,0.0,No Service,Blue,Sedan,FWD,38.0,OH,13930,141
Volkswagen,Tiguan,2022,Electric,Automatic,0.0,32645,316.0,,1,0.0,Partial Service,Silver,SUV,FWD,123.0,MI,22097,57
BMW,5 Series,2011,Petrol,Manual,1.4,137764,139.0,150.0,1,0.0,No Service,,Sedan,FWD,36.0,,9808,189
Honda,Accord,2023,Electric,Automatic,0.0,100,184.0,202.0,1,0.0,Full Service,Red,Sedan,AWD,112.0,OH,25510,45
Hyundai,Santa Fe,2019,Petrol,,2.2,44255,190.0,,1,0.0,No Service,Green,SUV,AWD,36.0,OH,16884,93
BMW,X3,2016,Petrol,,2.8,93051,217.0,195.0,1,,Partial Service,Black,SUV,AWD,,IL,15630,129
Hyundai,Elantra,2023,Petrol,Automatic,2.5,4062,199.0,,1,,Partial Service,Blue,Sedan,FWD,29.0,MI,20035,45
Nissan,Rogue,2016,Hybrid,Automatic,2.5,45381,178.0,183.0,1,1.0,,Silver,SUV,AWD,41.0,NY,10212,129
BMW,3 Series,2019,Petrol,,2.0,45327,162.0,158.0,1,1.0,No Service,Green,Sedan,FWD,31.0,PA,18864,93
Hyundai,Tucson,2017,Petrol,Automatic,3.4,94902,251.0,247.0,2,0.0,,Brown,SUV,AWD,25.0,,8391,117
Volkswagen,Atlas,2021,Petrol,Automatic,2.9,51182,214.0,202.0,1,0.0,,Green,SUV,AWD,23.0,PA,24152,69
Audi,Q7,2021,Petrol,Automatic,2.5,32989,179.0,183.0,1,0.0,Full Service,,SUV,AWD,33.0,CA,48077,69
BMW,3 Series,2016,Hybrid,Automatic,2.3,137848,,183.0,2,0.0,No Service,Brown,Sedan,AWD,51.0,IL,11978,129
Honda,Accord,2014,Petrol,Automatic,2.4,166551,199.0,196.0,3,,Partial Service,Blue,Sedan,AWD,31.0,MI,2269,153
BMW,3 Series,2005,Petrol,,,183829,129.0,121.0,5,0.0,No Service,Black,Sedan,FWD,40.0,NY,500,261
Audi,A6,2006,Petrol,,2.1,182463,167.0,164.0,5,0.0,Partial Service,Gray,Sedan,FWD,34.0,,3018,249
Nissan,Sentra,2010,Petrol,Automatic,1.7,129644,133.0,126.0,2,1.0,Full Service,Black,Sedan,AWD,36.0,MI,500,201
Chevrolet,Tahoe,2008,Petrol,Manual,3.3,187195,239.0,,4,,Full Service,Gray,SUV,AWD,19.0,MI,3171,225
BMW,X5,2008,Petrol,Manual,3.5,241550,,261.0,2,1.0,Partial Service,Brown,SUV,AWD,,,2935,225
BMW,5 Series,2013,Diesel,Automatic,2.1,116801,181.0,173.0,1,,Full Service,White,Sedan,FWD,,NC,15776,165
Nissan,Rogue,2009,Diesel,,2.4,65574,183.0,177.0,4,,,Red,SUV,AWD,28.0,NC,3837,213
BMW,3 Series,2024,Petrol,Automatic,1.5,992,114.0,106.0,1,,,,Sedan,FWD,38.0,OH,45335,33
Toyota,RAV4,2016,Petrol,,2.1,68937,167.0,151.0,4,1.0,,Red,SUV,RWD,37.0,NC,9077,129
Audi,A4,2023,Petrol,Automatic,1.5,29020,124.0,105.0,1,0.0,,Green,Sedan,AWD,40.0,MI,33806,45
Hyundai,Elantra,2014,Hybrid,Automatic,2.4,118909,,159.0,3,1.0,Full Service,Brown,Sedan,AWD,45.0,,2407,153
Toyota,Camry,2007,Petrol,,1.6,157072,138.0,154.0,3,1.0,Partial Service,Blue,Sedan,FWD,36.0,FL,500,237
Volkswagen,Golf,2007,Petrol,Automatic,2.5,170266,200.0,208.0,3,1.0,Full Service,,Hatchback,FWD,29.0,NY,500,237
Audi,Q5,2006,Petrol,,2.4,147282,194.0,185.0,4,0.0,Partial Service,Red,SUV,FWD,35.0,OH,2350,249
Honda,Accord,2005,Petrol,Automatic,1.9,239652,147.0,136.0,4,,No Service,Silver,Sedan,FWD,39.0,TX,500,261
Honda,Pilot,2021,Petrol,Automatic,2.9,30001,213.0,193.0,1,0.0,Full Service,Blue,SUV,AWD,23.0,IL,27589,69
Toyota,Highlander,2022,Petrol,Automatic,3.0,44967,243.0,223.0,1,0.0,Full Service,Black,SUV,FWD,21.0,MI,28369,57
Chevrolet,Malibu,2021,Petrol,Automatic,1.8,26424,149.0,128.0,1,1.0,Full Service,Red,Sedan,FWD,42.0,GA,15098,69
Nissan,Pathfinder,2012,Diesel,Automatic,2.0,127837,153.0,138.0,3,1.0,Partial Service,Red,SUV,AWD,42.0,NY,4630,177
Volkswagen,Passat,2009,Petrol,Automatic,1.8,234137,146.0,,4,0.0,Partial Service,Green,Sedan,AWD,34.0,,500,213
BMW,X5,2007,Petrol,Automatic,2.1,110689,171.0,158.0,4,1.0,,Gray,SUV,FWD,32.0,,7493,237
Ford,Escape,2021,Petrol,Automatic,,39530,235.0,,1,0.0,Partial Service,,SUV,AWD,32.0,NC,17508,69
Honda,Accord,2024,Petrol,Automatic,,1054,191.0,,1,0.0,Partial Service,Black,Sedan,FWD,32.0,PA,25606,33
Chevrolet,Malibu,2014,Petrol,,,244583,165.0,163.0,2,0.0,Full Service,Gray,Sedan,FWD,37.0,TX,500,153
Audi,Q7,2008,Petrol,Automatic,2.3,385842,180.0,169.0,3,0.0,Full Service,Red,SUV,AWD,31.0,TX,500,225
Ford,Explorer,2018,Diesel,Automatic,3.2,110900,245.0,219.0,2,0.0,Full Service,Red,SUV,FWD,26.0,MI,14873,105
Mercedes-Benz,E-Class,2011,Petrol,,1.4,102661,132.0,146.0,5,0.0,Full Service,Green,Sedan,FWD,28.0,,13690,189
Volkswagen,Passat,2009,Petrol,Automatic,1.7,89926,145.0,,4,1.0,,,Sedan,FWD,,GA,2521,213
Hyundai,Sonata,2015,Diesel,Automatic,,48807,,141.0,2,,Full Service,Green,Sedan,FWD,41.0,GA,9456,141
Nissan,Pathfinder,2017,Petrol,Automatic,,126339,165.0,160.0,1,,No Service,Green,SUV,FWD,30.0,TX,11908,117
BMW,X3,2010,Petrol,,2.8,212070,230.0,207.0,4,0.0,Partial Service,White,SUV,FWD,29.0,NY,3404,201
Nissan,Pathfinder,2023,Diesel,,3.4,8492,248.0,237.0,1,0.0,Full Service,Gray,SUV,AWD,25.0,FL,34584,45
Hyundai,Sonata,2016,Hybrid,Automatic,1.6,94894,140.0,120.0,2,1.0,Full Service,Gray,Sedan,FWD,53.0,TX,5656,129
Honda,Accord,2021,Petrol,Automatic,1.6,48698,155.0,149.0,1,0.0,Full Service,Red,Sedan,FWD,36.0,MI,17361,69
Ford,Escape,2023,Electric,Automatic,0.0,1338,303.0,333.0,1,0.0,Full Service,Blue,SUV,FWD,122.0,GA,25864,45
BMW,X5,2005,Petrol,Automatic,3.1,245797,232.0,,5,1.0,Partial Service,Black,SUV,AWD,24.0,,500,261
Honda,Accord,2012,Diesel,Automatic,,75568,141.0,128.0,3,1.0,Partial Service,Black,Sedan,FWD,39.0,NC,4569,177
Toyota,Camry,2020,Petrol,,2.3,84030,170.0,159.0,1,,Partial Service,Black,Sedan,AWD,35.0,IL,13890,81
Chevrolet,Malibu,2022,Petrol,Automatic,2.4,41484,183.0,171.0,1,,Partial Service,Blue,Sedan,FWD,30.0,NC,15502,57
BMW,X5,2011,Petrol,Automatic,,128350,160.0,168.0,5,0.0,Full Service,Brown,SUV,AWD,33.0,OH,12941,189
Volkswagen,Atlas,2010,Petrol,Manual,3.1,119324,225.0,197.0,4,1.0,No Service,Black,SUV,AWD,26.0,MI,3220,201
Chevrolet,Tahoe,2009,Petrol,Automatic,3.2,190460,211.0,221.0,3,0.0,Partial Service,Silver,SUV,AWD,27.0,NY,4407,213
Hyundai,Santa Fe,2021,Petrol,Automatic,2.0,23245,163.0,148.0,1,0.0,Full Service,Red,SUV,RWD,38.0,TX,23641,69
BMW,X3,2020,Petrol,Automatic,2.3,62820,180.0,189.0,3,,Partial Service,,SUV,RWD,34.0,CA,30446,81
Nissan,Pathfinder,2010,Petrol,,,181903,214.0,209.0,2,,Partial Service,Green,SUV,AWD,31.0,NY,1235,201
Ford,F-150,2006,Petrol,,,184644,301.0,277.0,4,0.0,Partial Service,Black,Truck,4WD,22.0,IL,500,249
Toyota,Camry,2018,Hybrid,Automatic,2.1,110950,,150.0,2,0.0,Partial Service,Red,Sedan,FWD,46.0,TX,9066,105
Hyundai,Santa Fe,2012,Petrol,Automatic,2.9,248138,242.0,220.0,2,0.0,Partial Service,Black,SUV,RWD,27.0,TX,500,177
Hyundai,Elantra,2019,Petrol,Automatic,2.1,46473,166.0,162.0,1,1.0,Partial Service,,Sedan,FWD,33.0,OH,9128,93
Mercedes-Benz,GLC,2022,Petrol,Automatic,3.2,15386,,226.0,1,0.0,No Service,White,SUV,AWD,30.0,GA,34412,57
Volkswagen,Atlas,2012,Petrol,Automatic,,111304,163.0,,4,1.0,Partial Service,Black,SUV,AWD,34.0,NC,5504,177
Honda,Civic,2008,Petrol,Automatic,2.0,363742,175.0,169.0,3,0.0,No Service,Blue,Sedan,FWD,34.0,CA,500,225
Ford,Escape,2024,Petrol,,2.0,100,157.0,131.0,1,0.0,Partial Service,Brown,SUV,AWD,36.0,IL,24483,33
Audi,A6,2023,Petrol,Automatic,1.7,11318,148.0,135.0,1,0.0,Partial Service,Green,Sedan,FWD,32.0,NY,45614,45
Chevrolet,Silverado,2017,Petrol,Automatic,,100,240.0,229.0,1,1.0,Partial Service,Blue,Truck,4WD,28.0,,16209,117
Mercedes-Benz,GLE,2022,Petrol,Automatic,2.5,27453,204.0,,1,0.0,Partial Service,Red,SUV,FWD,37.0,TX,52963,57
Hyundai,Sonata,2011,Petrol,Manual,1.5,154757,128.0,123.0,5,0.0,Full Service,,Sedan,FWD,35.0,OH,500,189
Chevrolet,Equinox,2011,Petrol,Automatic,2.3,121647,179.0,165.0,4,1.0,Full Service,White,SUV,AWD,37.0,CA,2376,189
Honda,Accord,2013,Petrol,Automatic,2.0,228581,,167.0,3,0.0,,Silver,Sedan,FWD,37.0,TX,500,165
Ford,Explorer,2017,Petrol,Automatic,3.3,79930,237.0,219.0,2,0.0,Partial Service,Blue,SUV,AWD,22.0,NC,15053,117
Toyota,Highlander,2013,Petrol,Automatic,2.8,69679,224.0,215.0,3,1.0,Partial Service,Red,SUV,FWD,32.0,NC,8654,165
BMW,X5,2005,Petrol,Automatic,2.9,109740,228.0,220.0,4,0.0,No Service,Gray,SUV,AWD,32.0,OH,6246,261
Nissan,Altima,2018,Petrol,Automatic,,42162,135.0,109.0,2,0.0,Full Service,Blue,Sedan,AWD,36.0,IL,13251,105
Honda,Accord,2013,Hybrid,,2.2,204641,176.0,156.0,4,1.0,,Green,Sedan,AWD,55.0,,500,165
Hyundai,Elantra,2005,Petrol,,,213396,118.0,118.0,5,0.0,Partial Service,,Sedan,FWD,36.0,TX,500,261
Nissan,Sentra,2021,Petrol,,,65417,,129.0,1,0.0,No Service,Blue,Sedan,AWD,,FL,11359,69
Volkswagen,Tiguan,2015,Petrol,Automatic,2.1,206856,,,3,0.0,Full Service,,SUV,AWD,34.0,MI,2726,141
Honda,Accord,2014,Petrol,Automatic,2.4,122454,182.0,172.0,2,0.0,Partial Service,White,Sedan,FWD,26.0,,5509,153
Toyota,Corolla,2023,Diesel,Automatic,1.6,17315,,106.0,1,0.0,Full Service,Black,Sedan,FWD,37.0,OH,20342,45
Mercedes-Benz,C-Class,2019,Diesel,Automatic,1.6,114106,125.0,107.0,1,1.0,Partial Service,Black,Sedan,FWD,31.0,OH,18417,93
Ford,Explorer,2010,Petrol,Automatic,3.2,221799,,240.0,5,,Partial Service,White,SUV,FWD,,OH,500,201
Ford,Explorer,2007,Petrol,Automatic,2.2,151630,172.0,158.0,5,0.0,Full Service,Brown,SUV,AWD,32.0,PA,610,237
Toyota,Corolla,2019,Petrol,Automatic,2.1,80801,166.0,173.0,2,1.0,No Service,Blue,Sedan,FWD,33.0,MI,6994,93
Nissan,Sentra,2015,Petrol,Automatic,1.6,107923,138.0,,2,1.0,No Service,,Sedan,FWD,41.0,TX,3080,141
Toyota,RAV4,2008,Petrol,Manual,2.7,237221,208.0,204.0,3,1.0,Full Service,Brown,SUV,FWD,26.0,MI,500,225
Toyota,Camry,2008,Petrol,,1.6,195517,133.0,120.0,5,0.0,,,Sedan,FWD,37.0,,500,225
Hyundai,Elantra,2017,Hybrid,,2.3,118503,191.0,199.0,2,,Full Service,White,Sedan,FWD,51.0,GA,5448,117
Honda,Civic,2007,Petrol,Automatic,,293909,171.0,172.0,3,0.0,Full Service,Brown,Sedan,FWD,32.0,NY,500,237
Ford,Escape,2006,Petrol,Automatic,2.5,81634,200.0,196.0,4,1.0,Full Service,Blue,SUV,AWD,39.0,GA,1508,249
Volkswagen,Passat,2014,Petrol,Automatic,,10594,159.0,138.0,1,0.0,Full Service,Black,Sedan,FWD,34.0,GA,11717,153
Nissan,Altima,2016,Petrol,Automatic,2.3,45083,175.0,181.0,1,0.0,Full Service,Blue,Sedan,FWD,34.0,NY,10699,129
Honda,Pilot,2010,Petrol,Manual,2.9,172521,220.0,195.0,4,0.0,Partial Service,Gray,SUV,AWD,26.0,PA,2520,201
Volkswagen,Atlas,2018,Diesel,Automatic,2.1,81761,154.0,136.0,2,0.0,Full Service,White,SUV,FWD,33.0,GA,17547,105
Chevrolet,Silverado,2021,Petrol,Automatic,3.2,18137,240.0,220.0,1,0.0,Partial Service,Black,Truck,4WD,,MI,28622,69
Mercedes-Benz,GLE,2020,Petrol,,2.4,77935,187.0,158.0,1,0.0,,Blue,SUV,FWD,33.0,NC,35092,81
Mercedes-Benz,C-Class,2021,Petrol,,2.4,100,149.0,152.0,1,0.0,Partial Service,Green,Sedan,FWD,27.0,TX,34464,69
Hyundai,Santa Fe,2023,Hybrid,Automatic,,100,223.0,,1,0.0,Partial Service,,SUV,AWD,33.0,,31604,45
BMW,X5,2019,Petrol,Automatic,2.3,47233,182.0,,3,0.0,,White,SUV,AWD,30.0,,37260,93
Toyota,RAV4,2015,Hybrid,,2.4,65689,178.0,182.0,2,0.0,Full Service,Blue,SUV,RWD,42.0,NC,10031,141
Mercedes-Benz,E-Class,2019,Petrol,Automatic,1.7,17438,141.0,141.0,2,0.0,Full Service,Brown,Sedan,FWD,,,36494,93
BMW,3 Series,2019,Petrol,,,47139,167.0,155.0,1,1.0,Partial Service,Silver,Sedan,FWD,,OH,19419,93
Volkswagen,Golf,2007,Petrol,Automatic,1.5,78207,111.0,100.0,3,1.0,,Blue,Hatchback,FWD,37.0,NY,1406,237
BMW,3 Series,2020,Petrol,Automatic,2.0,60096,,150.0,1,0.0,Full Service,Blue,Sedan,FWD,32.0,NC,26524,81
Hyundai,Tucson,2021,Petrol,Automatic,2.0,51837,158.0,146.0,1,0.0,Full Service,White,SUV,AWD,33.0,NC,18604,69
Nissan,Altima,2015,Diesel,Automatic,2.3,87745,181.0,166.0,2,0.0,,Green,Sedan,FWD,33.0,IL,6047,141
Volkswagen,Passat,2023,Petrol,,,100,130.0,108.0,1,0.0,,Brown,Sedan,FWD,38.0,GA,22813,45
Mercedes-Benz,E-Class,2021,Electric,Automatic,0.0,26582,,,1,0.0,No Service,White,Sedan,FWD,112.0,OH,39783,69
Hyundai,Tucson,2013,Diesel,Automatic,2.9,132322,224.0,,2,,,Gray,SUV,FWD,29.0,MI,2856,165
Nissan,Rogue,2012,Petrol,Automatic,,150333,154.0,158.0,2,1.0,Partial Service,Silver,SUV,AWD,34.0,FL,2032,177
Honda,Accord,2018,Hybrid,Automatic,2.0,50051,159.0,172.0,1,,Full Service,Green,Sedan,FWD,49.0,CA,11798,105
Ford,Explorer,2011,Petrol,Manual,2.0,145128,152.0,145.0,5,1.0,Partial Service,,SUV,AWD,35.0,IL,3472,189
Chevrolet,Malibu,2022,Petrol,Automatic,2.1,21070,,,1,0.0,,Blue,Sedan,FWD,34.0,IL,18683,57
Nissan,Rogue,2006,Petrol,Automatic,,276898,201.0,197.0,4,,Full Service,,SUV,AWD,29.0,TX,500,249
Volkswagen,Passat,2017,Petrol,Automatic,2.3,84428,178.0,185.0,4,0.0,Full Service,Green,Sedan,FWD,33.0,,10982,117
BMW,5 Series,2006,Petrol,Automatic,1.6,160791,137.0,,4,,No Service,Silver,Sedan,FWD,37.0,TX,2925,249
Volkswagen,Tiguan,2020,Petrol,Automatic,3.5,98226,256.0,236.0,3,0.0,Full Service,Green,SUV,AWD,24.0,FL,15519,81
Chevrolet,Silverado,2006,Hybrid,Automatic,4.5,111895,,326.0,4,0.0,Partial Service,Silver,Truck,4WD,,CA,1987,249
Hyundai,Elantra,2007,Petrol,Automatic,,94931,117.0,136.0,4,1.0,Partial Service,Silver,Sedan,FWD,38.0,TX,500,237
Toyota,Highlander,2006,Petrol,Manual,2.6,352984,196.0,174.0,4,0.0,Partial Service,,SUV,AWD,37.0,GA,500,249
Chevrolet,Malibu,2005,Petrol,Automatic,1.9,536731,157.0,,3,1.0,Partial Service,Black,Sedan,FWD,35.0,,500,261
Audi,Q5,2023,Hybrid,Automatic,3.3,11016,261.0,256.0,1,0.0,Partial Service,White,SUV,AWD,40.0,TX,40339,45
Mercedes-Benz,C-Class,2008,Diesel,Manual,2.3,157719,191.0,174.0,4,1.0,Partial Service,Brown,Sedan,FWD,29.0,OH,2605,225
Audi,Q7,2005,Petrol,Manual,,242555,242.0,229.0,3,1.0,Full Service,Black,SUV,FWD,,FL,500,261
Audi,Q5,2007,Petrol,Automatic,3.4,264001,254.0,232.0,3,1.0,Full Service,,SUV,AWD,24.0,NY,500,237
Toyota,Highlander,2009,Petrol,,3.2,185294,243.0,214.0,4,1.0,,Brown,SUV,AWD,30.0,CA,678,213
Ford,Mustang,2019,Petrol,Automatic,3.3,6563,255.0,228.0,1,1.0,Partial Service,Green,Coupe,AWD,21.0,FL,15546,93
Hyundai,Sonata,2020,Petrol,,1.9,48481,164.0,149.0,1,0.0,Full Service,White,Sedan,FWD,34.0,TX,15739,81
Volkswagen,Golf,2011,Petrol,Automatic,2.1,207039,,,3,,Partial Service,Blue,Hatchback,AWD,,PA,500,189
Chevrolet,Silverado,2007,Petrol,Automatic,3.8,343660,276.0,265.0,4,1.0,Full Service,Green,Truck,4WD,,TX,500,237
Ford,F-150,2006,Hybrid,Manual,5.0,172412,383.0,364.0,5,0.0,Partial Service,White,Truck,4WD,27.0,GA,500,249
Audi,Q5,2015,Diesel,Automatic,2.8,207163,207.0,185.0,4,1.0,Partial Service,Red,SUV,FWD,30.0,TX,8892,141
Hyundai,Santa Fe,2006,Petrol,Manual,2.6,372030,195.0,,3,0.0,No Service,Brown,SUV,AWD,29.0,,500,249
Chevrolet,Equinox,2022,Petrol,Automatic,3.2,36710,246.0,230.0,1,0.0,Partial Service,Brown,SUV,AWD,26.0,IL,20398,57
Ford,Mustang,2023,Petrol,Automatic,3.8,14917,285.0,265.0,1,0.0,Partial Service,White,Coupe,RWD,18.0,OH,24546,45
Toyota,RAV4,2021,Electric,Automatic,,21434,319.0,350.0,1,0.0,Full Service,Blue,SUV,AWD,110.0,GA,24462,69
Chevrolet,Silverado,2023,Petrol,Automatic,4.0,12497,298.0,263.0,1,0.0,No Service,Green,Truck,4WD,21.0,,27171,45
Volkswagen,Tiguan,2013,Petrol,Automatic,3.0,227611,236.0,222.0,3,1.0,Full Service,Black,SUV,AWD,23.0,NC,500,165
Toyota,Highlander,2014,Petrol,Automatic,2.7,213311,207.0,190.0,2,1.0,Partial Service,Red,SUV,AWD,,NY,4048,153
Chevrolet,Malibu,2021,Petrol,,1.6,41309,130.0,109.0,1,1.0,Partial Service,White,Sedan,AWD,33.0,PA,12559,69
Toyota,Camry,2005,Petrol,Manual,2.5,163908,195.0,177.0,5,1.0,Partial Service,Brown,Sedan,FWD,34.0,,500,261
Mercedes-Benz,C-Class,2020,Petrol,Automatic,,42434,133.0,139.0,1,0.0,Full Service,Silver,Sedan,FWD,37.0,NC,26374,81
Volkswagen,Tiguan,2023,Petrol,Automatic,,32674,214.0,,1,,Partial Service,White,SUV,AWD,24.0,,23744,45
Mercedes-Benz,GLC,2024,Petrol,,3.5,14308,275.0,263.0,1,0.0,Partial Service,Gray,SUV,AWD,22.0,PA,44308,33
Hyundai,Elantra,2018,Hybrid,,2.5,58431,208.0,,3,,,Brown,Sedan,AWD,40.0,CA,9381,105
Toyota,Corolla,2024,Petrol,Automatic,1.5,5598,,,1,,Full Service,,Sedan,FWD,42.0,IL,20718,33
Audi,Q7,2018,Hybrid,,2.6,83224,,229.0,3,,Partial Service,Red,SUV,AWD,37.0,TX,31050,105
Mercedes-Benz,GLC,2011,Petrol,Automatic,,153847,198.0,193.0,2,0.0,No Service,Gray,SUV,FWD,30.0,OH,7122,189
Nissan,Altima,2012,Diesel,Automatic,,59898,158.0,142.0,2,0.0,Partial Service,Brown,Sedan,AWD,32.0,OH,5935,177
BMW,5 Series,2018,Petrol,Automatic,2.3,121164,175.0,171.0,1,1.0,Partial Service,Black,Sedan,AWD,29.0,CA,22139,105
Nissan,Sentra,2020,Petrol,,1.8,52258,145.0,129.0,2,0.0,,Brown,Sedan,FWD,38.0,CA,11417,81
Toyota,RAV4,2017,Diesel,Automatic,2.8,65566,212.0,210.0,2,0.0,Full Service,White,SUV,FWD,28.0,MI,12091,117
Honda,CR-V,2022,Petrol,Automatic,,37814,174.0,169.0,1,0.0,Full Service,Blue,SUV,FWD,32.0,NY,24615,57
Ford,F-150,2009,Hybrid,,3.3,248463,231.0,228.0,5,1.0,,Blue,Truck,4WD,39.0,GA,500,213
Mercedes-Benz,C-Class,2019,Petrol,Automatic,1.9,41432,151.0,151.0,2,1.0,Partial Service,Blue,Sedan,AWD,37.0,FL,22761,93
Chevrolet,Tahoe,2022,Electric,Automatic,0.0,23064,270.0,297.0,1,,Full Service,Black,SUV,AWD,112.0,NY,46033,57
Honda,Civic,2022,Diesel,Automatic,1.8,13159,133.0,133.0,1,0.0,Full Service,,Sedan,FWD,,CA,18976,57
Audi,Q5,2014,Petrol,,3.0,75887,231.0,,3,1.0,,Red,SUV,AWD,20.0,PA,12539,153
BMW,5 Series,2011,Petrol,,2.3,189788,179.0,169.0,3,1.0,Full Service,Brown,Sedan,FWD,,OH,7579,189
Ford,Escape,2013,Petrol,Automatic,2.2,73481,177.0,180.0,4,1.0,Full Service,Brown,SUV,AWD,35.0,GA,5899,165
Mercedes-Benz,E-Class,2018,Petrol,Automatic,1.4,35616,114.0,101.0,4,0.0,Partial Service,Red,Sedan,FWD,39.0,GA,29119,105
Hyundai,Sonata,2020,Petrol,Automatic,1.5,18186,125.0,126.0,2,1.0,Partial Service,Black,Sedan,FWD,43.0,TX,13780,81
Toyota,Corolla,2012,Diesel,Automatic,2.3,98340,171.0,170.0,3,1.0,No Service,Blue,Sedan,AWD,32.0,IL,1724,177
Toyota,Corolla,2023,Petrol,Automatic,1.8,100,,133.0,1,0.0,Partial Service,,Sedan,FWD,35.0,OH,19414,45
Mercedes-Benz,E-Class,2021,Petrol,Automatic,2.3,24451,179.0,167.0,1,0.0,Full Service,White,Sedan,FWD,29.0,NC,43208,69
Chevrolet,Equinox,2021,Hybrid,Automatic,2.4,51528,182.0,182.0,1,0.0,Full Service,Black,SUV,AWD,43.0,PA,20628,69
Toyota,RAV4,2021,Petrol,Automatic,2.9,62768,215.0,205.0,1,0.0,Full Service,White,SUV,AWD,29.0,CA,19579,69
Chevrolet,Tahoe,2016,Petrol,Automatic,3.2,115880,239.0,219.0,3,1.0,Partial Service,Silver,SUV,FWD,25.0,CA,16807,129
Hyundai,Tucson,2009,Petrol,,2.8,211654,212.0,208.0,3,1.0,No Service,Silver,SUV,RWD,33.0,TX,500,213
Toyota,Highlander,2019,Hybrid,Automatic,2.3,68518,190.0,181.0,2,1.0,Partial Service,Gray,SUV,AWD,52.0,,15824,93
Hyundai,Tucson,2022,Petrol,Automatic,2.1,22641,160.0,143.0,1,0.0,Partial Service,Red,SUV,AWD,34.0,NY,20958,57
BMW,X3,2008,Petrol,Manual,3.0,143469,211.0,212.0,5,1.0,No Service,Gray,SUV,AWD,25.0,MI,3298,225
Hyundai,Elantra,2007,Petrol,Manual,2.4,278944,172.0,,5,1.0,Full Service,White,Sedan,FWD,28.0,,500,237
Nissan,Rogue,2021,Petrol,Automatic,2.2,41694,,195.0,1,0.0,Full Service,White,SUV,AWD,,TX,19718,69
Volkswagen,Passat,2017,Petrol,,1.9,100,154.0,163.0,2,1.0,Full Service,Black,Sedan,FWD,34.0,TX,13026,117
Mercedes-Benz,E-Class,2017,Petrol,Automatic,1.8,57734,,150.0,1,0.0,Partial Service,,Sedan,FWD,34.0,,29036,117
Hyundai,Elantra,2008,Petrol,Automatic,1.5,112768,115.0,108.0,4,0.0,Partial Service,Brown,Sedan,FWD,41.0,PA,500,225
Chevrolet,Tahoe,2023,Electric,Automatic,0.0,4016,224.0,246.0,1,0.0,Full Service,Blue,SUV,FWD,101.0,NC,47110,45
Chevrolet,Tahoe,2009,Diesel,Automatic,3.0,72677,215.0,213.0,4,0.0,Partial Service,,SUV,AWD,30.0,MI,9778,213
Ford,Escape,2014,Petrol,Automatic,,77867,239.0,,3,1.0,Full Service,,SUV,AWD,28.0,PA,6237,153
Hyundai,Elantra,2018,Petrol,Automatic,1.5,58348,136.0,115.0,2,1.0,Partial Service,White,Sedan,AWD,33.0,OH,7221,105
Honda,CR-V,2021,Diesel,Automatic,3.4,9634,264.0,260.0,1,0.0,Partial Service,Brown,SUV,AWD,26.0,NY,19947,69
Hyundai,Tucson,2007,Petrol,Automatic,2.1,285545,156.0,140.0,3,1.0,Full Service,Green,SUV,RWD,28.0,,500,237
Mercedes-Benz,C-Class,2021,Petrol,,1.4,12889,133.0,113.0,1,,Partial Service,Red,Sedan,FWD,,NY,31126,69
Chevrolet,Equinox,2016,Petrol,Automatic,,117017,152.0,,3,1.0,Full Service,,SUV,AWD,32.0,NC,6126,129
Hyundai,Santa Fe,2013,Diesel,Automatic,2.9,154466,232.0,217.0,3,1.0,,Blue,SUV,AWD,25.0,MI,4407,165
Hyundai,Elantra,2021,Petrol,Automatic,2.2,77204,177.0,,1,0.0,,Red,Sedan,FWD,32.0,NY,12940,69
Nissan,Altima,2016,Petrol,,1.6,178651,142.0,142.0,2,1.0,Full Service,Green,Sedan,AWD,41.0,,3057,129
Hyundai,Santa Fe,2017,Diesel,Automatic,2.6,113003,207.0,,3,0.0,,Silver,SUV,AWD,32.0,GA,11653,117
Volkswagen,Atlas,2017,Diesel,Automatic,3.1,103974,233.0,218.0,2,,Partial Service,Brown,SUV,FWD,,NY,12759,117
Ford,Mustang,2007,Petrol,Manual,,224729,204.0,192.0,3,,,Silver,Coupe,RWD,27.0,NC,500,237
Hyundai,Tucson,2019,Petrol,,3.0,23239,233.0,,3,1.0,Partial Service,Black,SUV,AWD,24.0,FL,13432,93
Hyundai,Elantra,2011,Petrol,Automatic,2.0,235565,151.0,,3,1.0,No Service,Red,Sedan,AWD,39.0,FL,500,189
BMW,5 Series,2024,Petrol,Automatic,,551,136.0,133.0,1,0.0,,Brown,Sedan,FWD,32.0,OH,51942,33
Nissan,Sentra,2016,Petrol,Automatic,2.0,85099,167.0,141.0,2,0.0,Full Service,White,Sedan,FWD,29.0,TX,6125,129
Audi,A4,2005,Hybrid,,1.8,215687,138.0,152.0,5,1.0,Partial Service,Silver,Sedan,FWD,54.0,TX,500,261
Ford,Explorer,2012,Petrol,Automatic,2.5,162807,193.0,194.0,3,0.0,No Service,Brown,SUV,AWD,33.0,TX,3920,177
Mercedes-Benz,GLC,2023,Petrol,Automatic,2.4,18289,182.0,166.0,1,0.0,No Service,Brown,SUV,AWD,32.0,FL,34541,45
Ford,F-150,2024,Petrol,Automatic,4.0,100,291.0,267.0,1,,Full Service,,Truck,4WD,18.0,NC,32060,33
Hyundai,Santa Fe,2016,Petrol,Automatic,3.3,201126,254.0,241.0,4,0.0,Full Service,Silver,SUV,RWD,28.0,IL,6139,129
Chevrolet,Tahoe,2024,Petrol,Automatic,2.3,383,178.0,,1,0.0,Full Service,White,SUV,AWD,32.0,IL,52568,33
Audi,Q7,2009,Petrol,Automatic,3.4,189111,,238.0,2,0.0,Full Service,Green,SUV,RWD,24.0,,6808,213
Honda,Civic,2015,Petrol,Automatic,,103736,136.0,,3,1.0,Full Service,Brown,Sedan,FWD,35.0,CA,4044,141
Hyundai,Sonata,2009,Petrol,Automatic,1.6,312660,154.0,,4,1.0,,Black,Sedan,FWD,33.0,GA,500,213
Ford,Escape,2021,Petrol,Automatic,,51117,169.0,154.0,1,,Full Service,Green,SUV,AWD,35.0,,20860,69
Toyota,RAV4,2006,Petrol,Automatic,3.3,281189,241.0,222.0,5,,,Gray,SUV,AWD,23.0,OH,500,249
Audi,Q5,2022,Petrol,Automatic,,4649,207.0,,1,0.0,Full Service,White,SUV,AWD,29.0,TX,41401,57
Honda,Civic,2017,Petrol,,2.1,66228,180.0,169.0,2,0.0,Full Service,Blue,Sedan,FWD,31.0,TX,8362,117
BMW,5 Series,2024,Petrol,Automatic,2.4,100,178.0,153.0,1,,Partial Service,Green,Sedan,AWD,,MI,54013,33
BMW,X5,2012,Hybrid,Automatic,2.0,60088,155.0,164.0,2,0.0,Partial Service,Blue,SUV,FWD,41.0,,19707,177
Chevrolet,Tahoe,2018,Petrol,Automatic,2.5,100692,183.0,,2,0.0,,Green,SUV,AWD,31.0,PA,27395,105
Hyundai,Santa Fe,2007,Petrol,Automatic,3.3,253904,,241.0,4,1.0,Partial Service,Blue,SUV,AWD,18.0,NY,500,237
BMW,X5,2013,Petrol,Automatic,2.7,84890,208.0,188.0,2,0.0,,Silver,SUV,RWD,30.0,NC,18609,165
Hyundai,Tucson,2014,Petrol,Automatic,3.2,106192,,231.0,3,0.0,Partial Service,Brown,SUV,AWD,25.0,PA,5715,153
Toyota,Corolla,2005,Diesel,Automatic,2.4,273267,183.0,182.0,5,,Partial Service,Gray,Sedan,AWD,32.0,CA,500,261
Hyundai,Santa Fe,2021,Petrol,Automatic,3.2,58001,230.0,209.0,1,0.0,Full Service,Green,SUV,AWD,27.0,PA,22271,69
Toyota,Corolla,2015,Diesel,Automatic,1.9,53079,148.0,143.0,2,1.0,Full Service,Silver,Sedan,FWD,36.0,IL,6054,141
Audi,Q7,2020,Petrol,Automatic,2.7,4352,204.0,180.0,2,0.0,No Service,Green,SUV,FWD,27.0,PA,37624,81
BMW,3 Series,2013,Petrol,Automatic,2.5,148403,204.0,204.0,3,0.0,No Service,,Sedan,FWD,36.0,PA,8407,165
Ford,Escape,2005,Petrol,Automatic,,188559,210.0,214.0,4,0.0,Full Service,Black,SUV,AWD,26.0,IL,500,261
Toyota,Corolla,2024,Diesel,,1.4,100,105.0,104.0,1,0.0,Partial Service,Gray,Sedan,AWD,,MI,18295,33
BMW,3 Series,2006,Petrol,Automatic,1.8,270105,150.0,137.0,5,1.0,Full Service,Brown,Sedan,FWD,34.0,,500,249
BMW,X5,2014,Petrol,Automatic,3.5,183502,262.0,256.0,2,0.0,No Service,Green,SUV,AWD,19.0,PA,14883,153
Toyota,Camry,2005,Petrol,Automatic,1.5,196014,123.0,127.0,4,0.0,Partial Service,Gray,Sedan,FWD,35.0,GA,500,261
Chevrolet,Tahoe,2005,Petrol,Manual,2.4,160897,172.0,,4,0.0,Partial Service,Blue,SUV,FWD,33.0,,2089,261
Chevrolet,Silverado,2016,Petrol,Automatic,5.2,105148,395.0,365.0,1,,No Service,Black,Truck,4WD,10.0,FL,9407,129
Mercedes-Benz,GLE,2021,Petrol,Automatic,,62109,211.0,212.0,1,0.0,Partial Service,,SUV,AWD,30.0,GA,43612,69
Nissan,Pathfinder,2014,Petrol,Automatic,2.7,60477,215.0,224.0,2,,Partial Service,Blue,SUV,FWD,26.0,NC,9959,153
Ford,F-150,2019,Petrol,Automatic,4.7,71252,359.0,343.0,2,0.0,Partial Service,White,Truck,4WD,15.0,TX,17569,93
Chevrolet,Malibu,2013,Petrol,Automatic,1.8,28735,143.0,,2,1.0,,White,Sedan,FWD,36.0,GA,6688,165
Volkswagen,Golf,2006,Diesel,Manual,2.5,180105,210.0,200.0,4,0.0,Partial Service,Blue,Hatchback,AWD,29.0,IL,500,249
Ford,Escape,2009,Petrol,Automatic,3.0,182438,221.0,214.0,3,1.0,No Service,Black,SUV,AWD,26.0,GA,500,213
Hyundai,Elantra,2008,Hybrid,Manual,2.2,215876,,,4,1.0,Partial Service,White,Sedan,FWD,48.0,GA,500,225
Hyundai,Tucson,2010,Petrol,Automatic,2.9,15140,231.0,214.0,5,1.0,,White,SUV,FWD,26.0,,5222,201
Nissan,Sentra,2012,Petrol,Automatic,2.1,138137,,164.0,4,0.0,Full Service,Blue,Sedan,FWD,33.0,MI,500,177
Honda,CR-V,2006,Petrol,Automatic,,190175,176.0,171.0,5,1.0,Partial Service,Black,SUV,AWD,30.0,,500,249
Volkswagen,Atlas,2018,Petrol,Automatic,,90065,161.0,166.0,2,,Full Service,,SUV,RWD,24.0,CA,16164,105
BMW,3 Series,2013,Petrol,Automatic,1.5,154469,121.0,111.0,1,1.0,,Red,Sedan,FWD,,OH,7254,165
Honda,Accord,2012,Petrol,Automatic,1.4,82508,103.0,107.0,4,0.0,Full Service,Gray,Sedan,FWD,35.0,NC,5524,177
Chevrolet,Equinox,2011,Petrol,Automatic,2.6,259452,196.0,184.0,4,1.0,No Service,Silver,SUV,AWD,29.0,,500,189
Audi,A6,2011,Diesel,Manual,2.2,218217,163.0,159.0,3,1.0,No Service,Blue,Sedan,FWD,34.0,GA,5475,189
Ford,Explorer,2019,Diesel,Automatic,,102733,192.0,191.0,2,0.0,Full Service,Black,SUV,FWD,32.0,PA,18361,93
Nissan,Sentra,2023,Petrol,,1.4,16752,,87.0,1,,,Brown,Sedan,FWD,,PA,18276,45
Volkswagen,Tiguan,2022,Hybrid,Automatic,3.2,20171,253.0,224.0,1,,Partial Service,White,SUV,AWD,44.0,,24737,57
Volkswagen,Golf,2009,Petrol,Automatic,2.4,129615,182.0,159.0,3,0.0,Full Service,Silver,Hatchback,AWD,34.0,NY,500,213
Mercedes-Benz,GLC,2020,Diesel,Automatic,,80266,212.0,193.0,1,0.0,Full Service,,SUV,AWD,29.0,OH,32726,81
Nissan,Altima,2017,Petrol,Automatic,1.6,43296,,122.0,3,0.0,Full Service,,Sedan,FWD,37.0,TX,11978,117
Mercedes-Benz,C-Class,2017,Hybrid,Automatic,1.4,123300,124.0,136.0,2,,Full Service,,Sedan,FWD,66.0,,14949,117
Nissan,Rogue,2019,Diesel,Automatic,3.2,49190,242.0,,2,0.0,No Service,Gray,SUV,AWD,25.0,MI,13143,93
Chevrolet,Equinox,2012,Petrol,Automatic,3.1,127271,246.0,239.0,2,1.0,Full Service,Gray,SUV,FWD,25.0,GA,2617,177
Nissan,Altima,2023,Petrol,Automatic,1.7,22152,,,1,,Full Service,Brown,Sedan,FWD,36.0,NY,23229,45
Mercedes-Benz,GLE,2013,Petrol,Automatic,,26694,160.0,,4,1.0,Full Service,Black,SUV,RWD,33.0,NY,19185,165
Volkswagen,Golf,2009,Petrol,Manual,,89091,163.0,154.0,4,1.0,Partial Service,,Hatchback,AWD,40.0,CA,1878,213
Hyundai,Elantra,2008,Petrol,Automatic,1.8,230292,,129.0,2,0.0,,Black,Sedan,AWD,36.0,GA,500,225
Nissan,Pathfinder,2007,Diesel,Manual,2.7,451565,214.0,203.0,4,0.0,,White,SUV,AWD,35.0,TX,500,237
Mercedes-Benz,C-Class,2019,Petrol,Automatic,1.7,63503,141.0,121.0,3,0.0,,Red,Sedan,FWD,38.0,,22056,93
BMW,5 Series,2011,Petrol,Automatic,1.7,55196,147.0,118.0,5,1.0,Partial Service,Brown,Sedan,FWD,40.0,NY,12415,189
Audi,A4,2020,Diesel,,2.1,76482,157.0,147.0,2,0.0,Partial Service,Brown,Sedan,FWD,36.0,FL,26306,81
BMW,X5,2015,Petrol,Automatic,2.9,167307,236.0,209.0,2,1.0,Full Service,Red,SUV,RWD,27.0,MI,17470,141
Hyundai,Sonata,2008,Diesel,Automatic,2.1,351835,168.0,157.0,3,1.0,Partial Service,,Sedan,FWD,35.0,MI,500,225
BMW,3 Series,2015,Petrol,Automatic,1.5,234404,127.0,139.0,2,0.0,Full Service,Red,Sedan,AWD,34.0,IL,8551,141
Honda,CR-V,2012,Diesel,Automatic,,128224,157.0,140.0,2,1.0,No Service,Blue,SUV,RWD,35.0,FL,3198,177
Toyota,Highlander,2021,Petrol,,2.8,23736,229.0,223.0,1,0.0,Full Service,Gray,SUV,AWD,28.0,,27504,69
Ford,Escape,2013,Petrol,Automatic,2.1,140454,,158.0,3,,Full Service,White,SUV,AWD,,,3012,165
Audi,Q7,2022,Petrol,Automatic,,4486,199.0,192.0,1,0.0,Partial Service,White,SUV,AWD,25.0,MI,48706,57
Honda,Pilot,2015,Diesel,Automatic,2.6,61818,201.0,177.0,1,1.0,Full Service,Red,SUV,AWD,28.0,OH,11138,141
Ford,Mustang,2005,Petrol,Manual,,239953,384.0,358.0,5,0.0,Partial Service,Brown,Coupe,RWD,17.0,OH,500,261
Toyota,RAV4,2022,Electric,Automatic,0.0,5455,315.0,346.0,1,0.0,Partial Service,Red,SUV,FWD,109.0,FL,24337,57
Nissan,Rogue,2017,Petrol,Automatic,2.3,95364,191.0,188.0,3,0.0,,Brown,SUV,FWD,34.0,NY,8656,117
Honda,Civic,2020,Petrol,,1.6,49056,127.0,149.0,2,0.0,Partial Service,Red,Sedan,FWD,38.0,,11382,81
Mercedes-Benz,C-Class,2014,Petrol,Automatic,,103777,134.0,129.0,3,0.0,No Service,White,Sedan,FWD,39.0,TX,10231,153
Chevrolet,Malibu,2016,Petrol,Automatic,2.0,83580,153.0,145.0,3,0.0,Partial Service,Green,Sedan,FWD,38.0,FL,8132,129
Nissan,Rogue,2007,Petrol,,2.8,138089,221.0,,5,0.0,Partial Service,Red,SUV,AWD,,,500,237
Nissan,Pathfinder,2023,Petrol,,3.5,20647,269.0,266.0,1,0.0,Full Service,Green,SUV,AWD,28.0,GA,30148,45
Honda,Civic,2009,Petrol,,1.9,241368,163.0,146.0,4,,Partial Service,,Sedan,FWD,39.0,,500,213
Chevrolet,Silverado,2006,Petrol,Manual,4.4,379384,,311.0,3,,Full Service,White,Truck,4WD,19.0,NY,500,249
Honda,Civic,2015,Petrol,Automatic,1.9,74073,153.0,140.0,2,0.0,Partial Service,Gray,Sedan,FWD,,CA,6096,141
Volkswagen,Passat,2022,Petrol,Automatic,,34994,,135.0,1,0.0,Partial Service,Brown,Sedan,AWD,43.0,PA,20319,57
BMW,3 Series,2020,Petrol,Automatic,1.7,64132,138.0,130.0,1,0.0,Partial Service,Brown,Sedan,AWD,43.0,GA,25086,81
Toyota,Camry,2023,Petrol,Automatic,2.4,22842,184.0,,1,0.0,Full Service,Silver,Sedan,FWD,31.0,TX,23471,45
Mercedes-Benz,GLC,2008,Petrol,Automatic,3.2,265971,239.0,212.0,5,0.0,Partial Service,Red,SUV,RWD,22.0,TX,500,225
Honda,Accord,2012,Petrol,,,60818,176.0,186.0,2,1.0,Partial Service,Red,Sedan,FWD,34.0,MI,5708,177
Toyota,Corolla,2014,Petrol,Automatic,,80119,156.0,140.0,2,1.0,Partial Service,Gray,Sedan,AWD,,IL,3751,153
Toyota,RAV4,2008,Petrol,Manual,2.1,251564,193.0,192.0,4,1.0,Full Service,Green,SUV,FWD,33.0,,500,225
Honda,Accord,2017,Petrol,Automatic,1.6,85122,120.0,123.0,1,0.0,Partial Service,White,Sedan,FWD,38.0,PA,11004,117
Honda,CR-V,2007,Petrol,,3.2,263185,258.0,249.0,5,1.0,Partial Service,,SUV,AWD,28.0,NY,500,237
Toyota,Corolla,2012,Diesel,,2.4,147175,186.0,183.0,2,1.0,No Service,Gray,Sedan,FWD,28.0,NY,500,177
Chevrolet,Tahoe,2009,Petrol,Automatic,3.0,244963,235.0,227.0,2,1.0,Full Service,Brown,SUV,AWD,27.0,NC,1835,213
Nissan,Pathfinder,2013,Petrol,Automatic,3.0,117703,217.0,210.0,1,,,Gray,SUV,AWD,31.0,NY,7662,165
Audi,Q5,2015,Electric,Automatic,0.0,107968,230.0,253.0,3,,Full Service,Gray,SUV,FWD,117.0,GA,13431,141
Nissan,Sentra,2009,Petrol,Automatic,1.6,107658,126.0,125.0,4,1.0,,Silver,Sedan,FWD,37.0,PA,500,213
Mercedes-Benz,GLC,2015,Petrol,Automatic,2.7,176130,,,2,0.0,Partial Service,Black,SUV,AWD,26.0,,12656,141
Ford,Explorer,2012,Petrol,Automatic,2.1,206669,203.0,194.0,2,1.0,Partial Service,Red,SUV,FWD,33.0,OH,1725,177
Toyota,Highlander,2010,Petrol,Automatic,3.3,128144,241.0,228.0,4,0.0,Partial Service,Black,SUV,AWD,22.0,CA,4163,201
Chevrolet,Malibu,2007,Petrol,Automatic,1.9,259604,152.0,152.0,3,1.0,Full Service,Red,Sedan,FWD,36.0,OH,500,237
Hyundai,Santa Fe,2005,Petrol,Automatic,,316586,178.0,175.0,3,1.0,Full Service,Green,SUV,AWD,38.0,,500,261
Mercedes-Benz,GLE,2005,Petrol,Automatic,2.6,190119,176.0,155.0,3,0.0,Partial Service,Blue,SUV,AWD,,NY,2796,261
Audi,A6,2024,Petrol,Automatic,2.4,100,190.0,182.0,1,0.0,,Brown,Sedan,AWD,29.0,TX,62840,33
Volkswagen,Passat,2021,Petrol,Automatic,2.3,100,173.0,159.0,1,,Full Service,Blue,Sedan,AWD,30.0,TX,21425,69
Toyota,RAV4,2018,Petrol,,2.3,80471,187.0,,1,0.0,Full Service,Gray,SUV,AWD,32.0,FL,12964,105
Audi,A6,2020,Petrol,Automatic,1.9,38805,147.0,141.0,2,0.0,Partial Service,White,Sedan,FWD,,PA,34672,81
Ford,F-150,2017,Hybrid,,3.6,105415,270.0,,2,1.0,Partial Service,,Truck,4WD,38.0,GA,10186,117
Ford,Mustang,2007,Petrol,Automatic,3.9,58464,276.0,,4,1.0,Full Service,Blue,Coupe,RWD,21.0,NC,2958,237
Chevrolet,Silverado,2023,Petrol,Automatic,4.1,10829,308.0,291.0,1,0.0,No Service,Green,Truck,RWD,20.0,FL,27758,45
Chevrolet,Silverado,2006,Petrol,,,62092,425.0,403.0,3,0.0,Full Service,Brown,Truck,4WD,10.0,GA,4682,249
Chevrolet,Silverado,2022,Petrol,Automatic,5.5,54131,402.0,377.0,1,0.0,Full Service,Green,Truck,4WD,12.0,CA,28158,57
Hyundai,Tucson,2012,Hybrid,,,59862,270.0,261.0,4,0.0,Partial Service,Red,SUV,AWD,30.0,NC,6248,177
Volkswagen,Passat,2008,Petrol,Automatic,2.0,179084,151.0,140.0,3,1.0,Full Service,,Sedan,FWD,40.0,FL,500,225
Hyundai,Elantra,2005,Petrol,Automatic,1.6,214639,124.0,105.0,5,1.0,Full Service,White,Sedan,FWD,41.0,PA,500,261
BMW,3 Series,2021,Petrol,Automatic,1.7,41162,133.0,116.0,1,,,,Sedan,AWD,,,31786,69
Chevrolet,Malibu,2010,Petrol,,2.5,250491,194.0,203.0,4,0.0,,Gray,Sedan,FWD,31.0,NY,500,201
Volkswagen,Atlas,2005,Petrol,Manual,3.1,218444,242.0,211.0,5,1.0,Partial Service,Black,SUV,AWD,21.0,CA,500,261
Mercedes-Benz,C-Class,2016,Diesel,Automatic,1.7,56119,143.0,124.0,3,0.0,No Service,Black,Sedan,FWD,40.0,FL,16554,129
Ford,Escape,2024,Petrol,Automatic,2.3,1041,176.0,,1,0.0,Partial Service,Green,SUV,FWD,29.0,GA,25935,33
Audi,A6,2013,Petrol,Automatic,1.8,157149,147.0,139.0,2,1.0,Full Service,Brown,Sedan,FWD,36.0,IL,11797,165
Chevrolet,Equinox,2016,Petrol,Automatic,2.4,65028,189.0,177.0,3,0.0,Full Service,Blue,SUV,AWD,34.0,NY,10526,129
Nissan,Rogue,2018,Hybrid,,2.2,138355,166.0,164.0,2,0.0,Partial Service,,SUV,AWD,43.0,IL,9945,105
Ford,Escape,2009,Diesel,,,53282,213.0,,4,1.0,Partial Service,Red,SUV,FWD,30.0,GA,3941,213
Chevrolet,Tahoe,2021,Diesel,Automatic,2.6,46413,191.0,170.0,1,0.0,Full Service,Red,SUV,AWD,34.0,PA,40733,69
Toyota,Corolla,2017,Petrol,Automatic,1.6,121563,120.0,138.0,2,0.0,Partial Service,,Sedan,FWD,41.0,PA,4942,117
Hyundai,Santa Fe,2020,Petrol,Automatic,,55688,225.0,,2,0.0,Full Service,Silver,SUV,FWD,27.0,NC,20480,81
Chevrolet,Tahoe,2017,Petrol,Automatic,2.8,54156,225.0,238.0,3,,No Service,Silver,SUV,AWD,28.0,OH,16502,117
Mercedes-Benz,E-Class,2021,Hybrid,Automatic,1.6,13564,150.0,,1,0.0,Full Service,Black,Sedan,FWD,55.0,FL,44470,69
Ford,F-150,2014,Petrol,Automatic,3.9,191637,,271.0,2,1.0,Partial Service,Brown,Truck,4WD,18.0,,3555,153
Hyundai,Elantra,2022,Petrol,,1.6,15279,120.0,106.0,1,0.0,No Service,White,Sedan,FWD,37.0,,14422,57
BMW,3 Series,2006,Diesel,Manual,1.9,167809,147.0,138.0,4,,Full Service,Red,Sedan,AWD,,PA,963,249
Audi,Q5,2009,Petrol,Manual,3.3,176457,255.0,,4,1.0,Partial Service,,SUV,AWD,22.0,TX,3142,213
Honda,Accord,2019,Petrol,Automatic,,24685,127.0,126.0,1,0.0,Full Service,Brown,Sedan,AWD,37.0,CA,17193,93
Audi,A4,2017,Petrol,Automatic,2.4,61953,200.0,185.0,2,1.0,No Service,,Sedan,FWD,29.0,PA,14209,117
Toyota,Camry,2014,Petrol,,1.8,82765,148.0,165.0,2,,Full Service,Green,Sedan,FWD,35.0,PA,6568,153
Toyota,Highlander,2009,Petrol,Automatic,3.4,131787,246.0,239.0,4,0.0,Partial Service,Green,SUV,RWD,18.0,TX,3221,213
Toyota,Highlander,2005,Hybrid,Automatic,3.5,261093,,265.0,4,0.0,No Service,Blue,SUV,FWD,32.0,GA,500,261
Ford,F-150,2011,Petrol,Automatic,5.2,111204,385.0,360.0,2,0.0,Partial Service,,Truck,RWD,10.0,PA,5403,189
Chevrolet,Silverado,2016,Petrol,Automatic,4.0,98052,303.0,,2,0.0,Full Service,Blue,Truck,4WD,20.0,MI,13050,129
Toyota,Corolla,2005,Petrol,Automatic,1.5,406535,124.0,129.0,5,1.0,Full Service,Brown,Sedan,FWD,,OH,500,261
Volkswagen,Tiguan,2024,Petrol,Automatic,2.5,100,183.0,178.0,1,0.0,Partial Service,Silver,SUV,AWD,30.0,NC,27587,33
Honda,Civic,2013,Petrol,Automatic,2.1,165448,154.0,151.0,2,0.0,Full Service,Gray,Sedan,FWD,34.0,OH,500,165
Chevrolet,Silverado,2018,Petrol,Automatic,3.3,111717,251.0,235.0,1,0.0,No Service,Silver,Truck,RWD,28.0,TX,11730,105
Hyundai,Elantra,2024,Petrol,,1.9,100,156.0,128.0,1,0.0,Partial Service,Brown,Sedan,FWD,39.0,CA,20330,33
Chevrolet,Silverado,2023,Petrol,Automatic,4.3,15974,334.0,297.0,1,0.0,Full Service,Gray,Truck,4WD,,,32254,45
Volkswagen,Tiguan,2022,Hybrid,Automatic,2.1,22123,161.0,154.0,1,0.0,No Service,Silver,SUV,AWD,,IL,20540,57
Volkswagen,Atlas,2023,Hybrid,Automatic,,11467,187.0,190.0,1,,No Service,Silver,SUV,FWD,43.0,OH,43460,45
Nissan,Sentra,2009,Petrol,,2.2,126789,185.0,177.0,4,0.0,Partial Service,Blue,Sedan,FWD,35.0,NC,500,213
BMW,3 Series,2021,Petrol,Automatic,1.7,28899,131.0,131.0,1,0.0,,Green,Sedan,FWD,34.0,NY,33069,69
Mercedes-Benz,E-Class,2008,Petrol,Automatic,,304959,170.0,172.0,5,0.0,No Service,Gray,Sedan,FWD,40.0,NC,500,225
Chevrolet,Equinox,2022,Petrol,Automatic,3.5,36888,268.0,,1,,Full Service,Silver,SUV,AWD,20.0,GA,20564,57
Mercedes-Benz,C-Class,2022,Hybrid,Automatic,1.7,100,143.0,,1,0.0,Full Service,Blue,Sedan,FWD,54.0,NY,41295,57
BMW,X3,2011,Petrol,Automatic,3.3,237353,260.0,244.0,2,0.0,Full Service,Gray,SUV,FWD,23.0,NY,3318,189
Nissan,Pathfinder,2017,Petrol,,3.1,53428,226.0,236.0,3,0.0,Partial Service,Gray,SUV,AWD,,,14474,117
Toyota,Camry,2012,Hybrid,Automatic,2.0,113619,162.0,,3,0.0,Partial Service,Green,Sedan,FWD,54.0,PA,3399,177
Nissan,Rogue,2010,Petrol,Manual,2.8,169530,,206.0,3,,Partial Service,Red,SUV,AWD,24.0,OH,500,201
Volkswagen,Golf,2011,Petrol,Automatic,2.1,262833,155.0,131.0,3,0.0,,Silver,Hatchback,FWD,32.0,TX,500,189
Toyota,Camry,2007,Diesel,Automatic,1.6,383324,129.0,,5,0.0,No Service,Red,Sedan,FWD,41.0,OH,500,237
Volkswagen,Atlas,2008,Petrol,Automatic,2.7,200347,208.0,210.0,5,0.0,Full Service,Silver,SUV,FWD,31.0,IL,500,225
Honda,Civic,2020,Electric,Automatic,,44163,357.0,392.0,1,0.0,No Service,Brown,Sedan,FWD,116.0,OH,11795,81
Chevrolet,Tahoe,2015,Diesel,Automatic,2.2,80789,162.0,164.0,2,1.0,Full Service,Gray,SUV,AWD,35.0,NY,17159,141
Mercedes-Benz,GLE,2020,Petrol,Automatic,,27065,219.0,219.0,3,,Full Service,Blue,SUV,AWD,26.0,GA,41056,81
Hyundai,Tucson,2006,Petrol,Automatic,2.9,179512,232.0,223.0,4,,No Service,White,SUV,AWD,29.0,,500,249
Volkswagen,Atlas,2011,Petrol,,2.7,137340,,221.0,2,1.0,Partial Service,Black,SUV,AWD,29.0,,4055,189
Mercedes-Benz,C-Class,2018,Petrol,Automatic,1.7,65456,,139.0,3,0.0,Full Service,Red,Sedan,FWD,33.0,PA,25642,105
Mercedes-Benz,GLE,2007,Petrol,Automatic,2.2,293043,186.0,173.0,5,1.0,Full Service,,SUV,FWD,35.0,CA,500,237
BMW,X5,2016,Petrol,Automatic,3.4,87288,250.0,234.0,2,0.0,Full Service,Silver,SUV,AWD,17.0,TX,25407,129
Audi,Q7,2007,Petrol,Automatic,3.0,243420,252.0,250.0,3,1.0,Partial Service,Silver,SUV,AWD,24.0,,1538,237
Honda,Pilot,2017,Petrol,Automatic,3.2,84106,236.0,233.0,2,0.0,Full Service,Silver,SUV,RWD,,FL,15082,117
Ford,Explorer,2011,Petrol,Automatic,,278693,241.0,226.0,3,1.0,,,SUV,FWD,28.0,GA,500,189
Mercedes-Benz,E-Class,2006,Petrol,Manual,1.8,302356,144.0,149.0,5,,Partial Service,,Sedan,FWD,34.0,OH,500,249
Volkswagen,Passat,2022,Electric,Automatic,0.0,5020,332.0,365.0,1,0.0,Full Service,Gray,Sedan,FWD,117.0,OH,22137,57
Nissan,Sentra,2017,Hybrid,Automatic,,54497,202.0,192.0,3,0.0,Full Service,Blue,Sedan,FWD,,MI,8303,117
Ford,Mustang,2015,Hybrid,Automatic,,118698,298.0,280.0,2,1.0,Full Service,Brown,Coupe,RWD,39.0,NY,5787,141
BMW,3 Series,2018,Diesel,Automatic,1.5,101348,118.0,126.0,1,1.0,No Service,White,Sedan,FWD,38.0,PA,14767,105
Nissan,Pathfinder,2013,Petrol,Automatic,3.3,161704,,208.0,2,1.0,Partial Service,Red,SUV,AWD,21.0,NY,4690,165
Hyundai,Sonata,2024,Petrol,,1.5,100,125.0,120.0,1,0.0,Full Service,,Sedan,AWD,42.0,,23342,33
Audi,A4,2012,Petrol,Automatic,2.2,105212,185.0,187.0,4,1.0,Partial Service,White,Sedan,FWD,39.0,CA,7230,177
Nissan,Rogue,2014,Petrol,Automatic,3.3,104857,258.0,237.0,2,1.0,Partial Service,Black,SUV,AWD,27.0,GA,5739,153
Nissan,Sentra,2014,Petrol,Automatic,2.0,95396,155.0,142.0,3,1.0,Full Service,Black,Sedan,FWD,34.0,NC,3232,153
Mercedes-Benz,C-Class,2023,Petrol,Automatic,2.0,3245,157.0,167.0,1,,Full Service,Blue,Sedan,FWD,36.0,PA,40736,45
Toyota,Corolla,2019,Petrol,Automatic,,87638,150.0,138.0,2,,No Service,Red,Sedan,AWD,33.0,IL,6250,93
Nissan,Pathfinder,2011,Petrol,Automatic,2.4,229610,196.0,196.0,3,0.0,,Black,SUV,AWD,,OH,500,189
Honda,Civic,2023,Petrol,Automatic,2.0,3288,148.0,141.0,1,,No Service,Silver,Sedan,FWD,35.0,NC,8310,45
Audi,A4,2017,Hybrid,Automatic,1.5,69481,103.0,89.0,2,0.0,No Service,Red,Sedan,FWD,56.0,CA,16760,117
Mercedes-Benz,GLC,2024,Petrol,Automatic,2.3,100,,165.0,1,,Partial Service,Blue,SUV,FWD,38.0,OH,50059,33
Toyota,RAV4,2022,Petrol,,3.2,19746,263.0,262.0,1,0.0,Full Service,Brown,SUV,FWD,26.0,IL,23495,57
Volkswagen,Passat,2006,Petrol,Automatic,1.6,182498,132.0,126.0,4,1.0,Full Service,Green,Sedan,FWD,37.0,GA,500,249
Ford,F-150,2013,Petrol,Automatic,3.9,84038,,262.0,2,,No Service,Blue,Truck,RWD,25.0,OH,7345,165
Audi,Q7,2020,Hybrid,Automatic,3.0,5713,,197.0,3,,Full Service,Red,SUV,AWD,44.0,NY,39601,81
Hyundai,Santa Fe,2018,Petrol,Automatic,,22065,209.0,212.0,2,0.0,Partial Service,Black,SUV,FWD,,CA,18367,105
Hyundai,Santa Fe,2009,Petrol,Automatic,3.4,276625,246.0,225.0,5,0.0,Full Service,Red,SUV,FWD,25.0,MI,500,213
Nissan,Altima,2006,Petrol,,1.6,97646,116.0,100.0,4,1.0,No Service,Red,Sedan,AWD,42.0,,500,249
Audi,Q5,2020,Hybrid,Automatic,2.6,62916,209.0,189.0,2,0.0,Full Service,Green,SUV,AWD,44.0,PA,30306,81
Mercedes-Benz,GLE,2011,Diesel,,3.1,144017,236.0,,3,1.0,Full Service,Black,SUV,RWD,23.0,,11433,189
Chevrolet,Silverado,2024,Petrol,Automatic,,4366,314.0,309.0,1,0.0,Partial Service,Brown,Truck,4WD,21.0,NY,34862,33
Mercedes-Benz,GLE,2011,Diesel,,3.2,392225,244.0,214.0,3,1.0,Partial Service,Blue,SUV,AWD,26.0,NC,917,189
Volkswagen,Golf,2015,Petrol,Automatic,2.5,156970,202.0,,2,0.0,Full Service,Green,Hatchback,FWD,31.0,,3069,141
Toyota,Corolla,2022,Petrol,,1.6,439,134.0,115.0,1,0.0,Partial Service,,Sedan,FWD,38.0,TX,18030,57
BMW,X3,2019,Petrol,Automatic,2.9,27080,212.0,187.0,1,0.0,No Service,,SUV,AWD,23.0,NC,25563,93
Honda,Civic,2019,Petrol,Automatic,1.8,23122,141.0,,2,0.0,,Gray,Sedan,FWD,36.0,PA,13502,93
Toyota,Highlander,2019,Petrol,Automatic,,104070,255.0,247.0,1,1.0,,White,SUV,AWD,21.0,CA,14274,93
Audi,A4,2006,Petrol,Manual,2.1,252572,156.0,147.0,4,0.0,Partial Service,Green,Sedan,AWD,27.0,OH,500,249
Chevrolet,Tahoe,2005,Petrol,,3.4,100,251.0,229.0,4,0.0,,Green,SUV,AWD,28.0,MI,9923,261
Chevrolet,Tahoe,2018,Petrol,Automatic,2.3,32808,192.0,181.0,1,,,Red,SUV,AWD,34.0,,29396,105
Hyundai,Santa Fe,2023,Petrol,Automatic,,2514,175.0,154.0,1,,Full Service,Blue,SUV,RWD,28.0,MI,30353,45
Nissan,Sentra,2017,Petrol,Automatic,2.5,107935,204.0,205.0,2,0.0,,,Sedan,FWD,22.0,,5758,117
Nissan,Pathfinder,2005,Diesel,Automatic,3.3,181341,251.0,234.0,5,,No Service,Blue,SUV,AWD,29.0,PA,500,261
Hyundai,Santa Fe,2015,Diesel,,2.6,110403,218.0,,3,0.0,Partial Service,Silver,SUV,AWD,32.0,PA,9077,141
Toyota,Corolla,2019,Petrol,Automatic,1.6,56820,123.0,98.0,2,,Partial Service,Red,Sedan,FWD,38.0,,10197,93
Ford,Explorer,2006,Petrol,,3.3,519539,246.0,230.0,3,0.0,No Service,,SUV,AWD,,GA,500,249
Hyundai,Tucson,2015,Petrol,,3.4,181014,,,3,0.0,Partial Service,Brown,SUV,FWD,,IL,2928,141
Audi,A6,2018,Petrol,Automatic,2.3,78348,180.0,183.0,2,1.0,No Service,Black,Sedan,FWD,31.0,TX,23209,105
Chevrolet,Equinox,2021,Petrol,Automatic,2.7,43547,206.0,211.0,1,0.0,Partial Service,Red,SUV,FWD,32.0,IL,17256,69
Ford,Mustang,2014,Petrol,Automatic,4.5,157821,,300.0,3,1.0,,White,Coupe,RWD,15.0,NC,3021,153
Nissan,Pathfinder,2024,Petrol,Automatic,,100,272.0,259.0,1,0.0,Full Service,Blue,SUV,RWD,24.0,GA,36421,33
Audi,Q5,2005,Petrol,Automatic,3.2,358298,248.0,231.0,5,1.0,Partial Service,Green,SUV,RWD,30.0,NY,500,261
BMW,X5,2016,Petrol,Automatic,,103215,194.0,198.0,4,1.0,,Blue,SUV,AWD,32.0,,18703,129
Volkswagen,Atlas,2014,Diesel,,2.9,132064,227.0,209.0,1,1.0,Partial Service,Brown,SUV,FWD,,PA,6711,153
Hyundai,Sonata,2011,Petrol,Manual,2.2,120710,175.0,160.0,3,1.0,Full Service,Silver,Sedan,FWD,33.0,IL,1758,189
Chevrolet,Equinox,2013,Petrol,Automatic,2.0,163600,159.0,128.0,2,0.0,Full Service,White,SUV,AWD,33.0,TX,2287,165
Volkswagen,Golf,2009,Diesel,Manual,,190519,168.0,176.0,2,,Full Service,,Hatchback,FWD,31.0,,500,213
Hyundai,Elantra,2007,Petrol,Automatic,2.2,240956,173.0,,5,0.0,Partial Service,Green,Sedan,AWD,31.0,IL,500,237
Nissan,Rogue,2015,Hybrid,Automatic,2.7,113271,214.0,212.0,2,1.0,Partial Service,Blue,SUV,AWD,57.0,,6039,141
BMW,3 Series,2011,Diesel,,2.4,225899,168.0,143.0,3,1.0,Full Service,White,Sedan,FWD,,NC,1288,189
Ford,Explorer,2009,Petrol,Automatic,2.8,114042,212.0,200.0,4,0.0,,,SUV,AWD,32.0,MI,3650,213
Ford,Escape,2024,Petrol,Automatic,2.0,9561,170.0,,1,0.0,,Gray,SUV,FWD,30.0,IL,26505,33
Hyundai,Tucson,2012,Petrol,Automatic,,259004,,229.0,3,0.0,No Service,Gray,SUV,AWD,26.0,TX,500,177
Honda,Civic,2023,Petrol,Automatic,2.4,27499,197.0,186.0,1,1.0,Partial Service,Blue,Sedan,FWD,34.0,NY,15589,45
Chevrolet,Malibu,2015,Petrol,Automatic,2.1,179938,162.0,166.0,2,1.0,Partial Service,Silver,Sedan,FWD,40.0,PA,1435,141
Audi,Q7,2024,Diesel,Automatic,2.8,5718,222.0,233.0,1,0.0,Full Service,,SUV,AWD,29.0,PA,61351,33
BMW,X3,2011,Diesel,Manual,2.9,134925,215.0,195.0,3,1.0,Partial Service,Silver,SUV,AWD,33.0,,6644,189
BMW,5 Series,2022,Petrol,,2.3,27846,189.0,175.0,1,0.0,,,Sedan,FWD,34.0,,45890,57
Ford,Explorer,2007,Hybrid,Automatic,,71354,,159.0,4,1.0,No Service,White,SUV,RWD,,FL,3242,237
Volkswagen,Atlas,2009,Petrol,Automatic,,316457,239.0,223.0,3,1.0,Partial Service,Brown,SUV,AWD,,MI,500,213
Volkswagen,Golf,2015,Petrol,,2.2,108799,,161.0,4,1.0,Full Service,Green,Hatchback,FWD,,CA,4444,141
Mercedes-Benz,GLE,2013,Petrol,Automatic,,125570,231.0,215.0,3,0.0,Partial Service,Red,SUV,AWD,22.0,NC,17887,165
Honda,Civic,2021,Petrol,Automatic,2.3,47038,184.0,,1,0.0,,Silver,Sedan,FWD,25.0,FL,14975,69
Hyundai,Elantra,2011,Petrol,Automatic,1.5,265971,132.0,110.0,4,1.0,Full Service,Green,Sedan,FWD,37.0,MI,500,189
Chevrolet,Malibu,2014,Petrol,,2.0,182531,144.0,157.0,3,1.0,Partial Service,Red,Sedan,FWD,33.0,IL,669,153
Nissan,Pathfinder,2010,Petrol,Automatic,3.3,227398,,,4,0.0,No Service,Green,SUV,AWD,,PA,500,201
Chevrolet,Silverado,2006,Petrol,Manual,4.6,105890,,336.0,5,0.0,Full Service,Red,Truck,4WD,,,2038,249
Hyundai,Elantra,2019,Petrol,Automatic,,55481,180.0,180.0,1,1.0,No Service,Silver,Sedan,FWD,,NC,7725,93
Honda,CR-V,2016,Petrol,Automatic,2.8,81165,221.0,211.0,1,1.0,Full Service,Red,SUV,FWD,20.0,FL,9357,129
BMW,5 Series,2014,Petrol,Automatic,2.4,100,184.0,169.0,3,1.0,Partial Service,,Sedan,FWD,29.0,OH,20826,153
Hyundai,Sonata,2007,Petrol,Automatic,2.4,206209,190.0,177.0,3,1.0,Partial Service,Gray,Sedan,AWD,32.0,NY,500,237
Nissan,Pathfinder,2022,Petrol,Automatic,3.5,7896,240.0,,1,0.0,Full Service,,SUV,AWD,25.0,OH,29724,57
Toyota,Corolla,2020,Diesel,Automatic,2.2,45312,163.0,163.0,1,0.0,Full Service,Green,Sedan,FWD,27.0,OH,12367,81
Mercedes-Benz,E-Class,2009,Petrol,Automatic,2.3,99006,176.0,,3,,Full Service,Brown,Sedan,AWD,34.0,GA,9785,213
Mercedes-Benz,E-Class,2015,Petrol,Automatic,1.7,176637,143.0,144.0,4,0.0,Partial Service,Brown,Sedan,AWD,,NY,16829,141
Volkswagen,Passat,2008,Petrol,Automatic,1.7,336373,125.0,,4,1.0,,Brown,Sedan,FWD,40.0,OH,500,225
Chevrolet,Silverado,2013,Petrol,Automatic,3.3,176701,261.0,258.0,3,1.0,Full Service,,Truck,4WD,19.0,PA,4102,165
BMW,X5,2020,Petrol,,3.3,35327,238.0,234.0,1,0.0,Partial Service,Blue,SUV,AWD,24.0,NY,36473,81
Audi,A4,2014,Petrol,Automatic,1.5,129887,134.0,134.0,1,1.0,Partial Service,Red,Sedan,FWD,37.0,NY,9849,153
BMW,X5,2017,Petrol,Automatic,,67755,198.0,185.0,3,0.0,Partial Service,Silver,SUV,FWD,31.0,FL,29963,117
BMW,X3,2006,Petrol,Automatic,2.3,103352,167.0,161.0,5,1.0,Partial Service,Silver,SUV,AWD,33.0,PA,3791,249
BMW,X3,2015,Petrol,Automatic,2.5,107086,,187.0,3,0.0,,,SUV,FWD,28.0,NC,14420,141
Ford,Escape,2021,Petrol,Automatic,2.4,22954,196.0,,1,,Partial Service,,SUV,AWD,36.0,NY,19910,69
BMW,5 Series,2010,Petrol,Manual,,229349,,145.0,2,1.0,,Red,Sedan,FWD,32.0,,4613,201
Audi,Q7,2018,Hybrid,Automatic,,122662,252.0,234.0,3,1.0,No Service,,SUV,AWD,,GA,21377,105
Audi,Q7,2008,Petrol,Automatic,3.4,147142,257.0,250.0,3,0.0,Full Service,Green,SUV,AWD,28.0,OH,8330,225
Nissan,Altima,2018,Petrol,Automatic,1.7,71010,143.0,,1,1.0,No Service,Gray,Sedan,FWD,,PA,8177,105
Nissan,Rogue,2019,Petrol,Automatic,,86362,161.0,155.0,1,1.0,Full Service,Red,SUV,AWD,,GA,12427,93
Audi,Q5,2012,Petrol,Automatic,3.1,205964,227.0,218.0,3,1.0,No Service,Black,SUV,FWD,31.0,FL,4707,177
Audi,Q5,2010,Petrol,Manual,2.5,67617,206.0,195.0,3,0.0,Full Service,Blue,SUV,AWD,31.0,TX,9585,201
Hyundai,Tucson,2016,Petrol,Automatic,3.0,90916,240.0,,3,0.0,Partial Service,Silver,SUV,RWD,30.0,GA,8123,129
Honda,Civic,2010,Diesel,Automatic,2.5,137211,,173.0,3,1.0,Partial Service,,Sedan,FWD,27.0,CA,500,201
Hyundai,Tucson,2020,Petrol,Automatic,3.1,48650,240.0,235.0,1,0.0,Full Service,Brown,SUV,FWD,27.0,OH,16346,81
Mercedes-Benz,C-Class,2018,Electric,Automatic,0.0,46270,233.0,256.0,2,0.0,Partial Service,Silver,Sedan,AWD,128.0,NY,24696,105
Hyundai,Santa Fe,2009,Petrol,,,139010,209.0,187.0,3,0.0,Partial Service,Brown,SUV,AWD,28.0,,2190,213
Volkswagen,Tiguan,2019,Electric,Automatic,0.0,128106,197.0,216.0,1,1.0,Partial Service,Red,SUV,AWD,115.0,NC,10067,93
Ford,Explorer,2019,Petrol,Automatic,2.2,34818,,,1,0.0,Full Service,Green,SUV,AWD,28.0,CA,20780,93
Chevrolet,Malibu,2006,Petrol,Manual,2.2,288354,174.0,172.0,3,0.0,,Green,Sedan,FWD,,OH,500,249
Honda,Accord,2016,Petrol,Automatic,1.6,131771,123.0,131.0,3,,Full Service,White,Sedan,FWD,36.0,IL,6789,129
Chevrolet,Equinox,2021,Petrol,,2.6,51939,208.0,181.0,1,0.0,Full Service,Brown,SUV,FWD,30.0,GA,18469,69
Toyota,Corolla,2024,Petrol,Automatic,1.9,100,166.0,158.0,1,0.0,Full Service,Green,Sedan,FWD,31.0,OH,22071,33
Hyundai,Tucson,2006,Petrol,,2.2,198288,,162.0,4,1.0,Full Service,Black,SUV,AWD,29.0,TX,500,249
Audi,A6,2013,Diesel,Automatic,1.5,113035,128.0,123.0,2,,Full Service,Green,Sedan,AWD,44.0,FL,17815,165
Volkswagen,Passat,2021,Petrol,Automatic,2.2,36447,178.0,186.0,1,0.0,Full Service,Gray,Sedan,FWD,35.0,FL,20809,69
Ford,F-150,2008,Petrol,Automatic,3.9,220315,295.0,294.0,5,0.0,Full Service,White,Truck,4WD,20.0,NC,500,225
BMW,3 Series,2013,Petrol,Automatic,1.6,40522,132.0,110.0,3,0.0,Full Service,Red,Sedan,FWD,,NC,15364,165
Audi,A4,2023,Petrol,Automatic,1.6,20561,142.0,141.0,1,,Full Service,Blue,Sedan,FWD,,PA,39248,45
Volkswagen,Passat,2011,Diesel,,2.2,186054,183.0,168.0,4,1.0,Partial Service,Brown,Sedan,FWD,29.0,IL,500,189
Mercedes-Benz,C-Class,2007,Diesel,,2.0,172792,147.0,140.0,4,0.0,Partial Service,Black,Sedan,AWD,35.0,MI,1596,237
Honda,Pilot,2015,Diesel,Automatic,3.5,136302,273.0,254.0,1,1.0,Partial Service,Silver,SUV,AWD,20.0,,8681,141
Honda,Accord,2007,Petrol,Automatic,1.9,423497,161.0,144.0,3,0.0,,Gray,Sedan,FWD,33.0,NY,500,237
Hyundai,Santa Fe,2023,Petrol,Automatic,3.3,100,243.0,221.0,1,0.0,No Service,Brown,SUV,AWD,21.0,TX,26206,45
Audi,Q5,2014,Petrol,Automatic,2.8,19066,225.0,221.0,2,0.0,No Service,Red,SUV,AWD,24.0,OH,16175,153
Audi,A6,2009,Diesel,Automatic,1.7,303762,157.0,141.0,4,1.0,Full Service,Black,Sedan,FWD,41.0,NC,500,213
Nissan,Altima,2016,Hybrid,Automatic,2.1,76263,178.0,171.0,3,,Full Service,Silver,Sedan,FWD,45.0,GA,6853,129
Nissan,Rogue,2011,Petrol,Automatic,3.1,79430,240.0,,2,,No Service,Green,SUV,AWD,,,3596,189
Nissan,Pathfinder,2008,Petrol,Automatic,,102831,,181.0,4,0.0,Partial Service,White,SUV,FWD,31.0,IL,3573,225
Ford,Mustang,2013,Petrol,Manual,,179769,301.0,280.0,2,0.0,Full Service,,Coupe,RWD,20.0,CA,1939,165
Volkswagen,Golf,2017,Hybrid,Automatic,1.9,77357,153.0,,1,,Partial Service,,Hatchback,FWD,43.0,FL,9142,117
Ford,Mustang,2016,Diesel,Manual,3.9,54307,302.0,300.0,2,1.0,Partial Service,Gray,Coupe,RWD,18.0,NC,9083,129
BMW,X3,2023,Electric,,,26409,277.0,304.0,1,0.0,Full Service,Red,SUV,AWD,98.0,PA,37752,45
Hyundai,Santa Fe,2014,Petrol,Automatic,3.2,179322,239.0,229.0,3,1.0,No Service,Red,SUV,FWD,24.0,FL,1892,153
Audi,A4,2016,Petrol,Automatic,,161069,126.0,116.0,2,1.0,Partial Service,,Sedan,FWD,37.0,FL,10127,129
Toyota,Corolla,2006,Petrol,Automatic,2.1,116935,,166.0,4,1.0,No Service,Silver,Sedan,FWD,31.0,OH,500,249
BMW,X5,2017,Hybrid,Automatic,,146450,159.0,145.0,2,0.0,Partial Service,White,SUV,FWD,62.0,TX,24749,117
Mercedes-Benz,C-Class,2005,Petrol,Automatic,1.8,142977,147.0,144.0,4,1.0,Partial Service,Blue,Sedan,FWD,36.0,,1343,261
Honda,Accord,2015,Hybrid,,,98840,145.0,133.0,2,0.0,Full Service,Gray,Sedan,FWD,51.0,NY,7586,141
Toyota,Camry,2016,Petrol,Automatic,,59245,187.0,176.0,1,0.0,Partial Service,Red,Sedan,FWD,33.0,FL,10210,129
BMW,X3,2008,Petrol,,3.4,5516,247.0,242.0,3,0.0,No Service,Black,SUV,RWD,22.0,TX,10141,225
Nissan,Pathfinder,2018,Petrol,Automatic,,21150,229.0,225.0,1,,Partial Service,Blue,SUV,AWD,28.0,IL,19884,105
BMW,3 Series,2014,Petrol,Automatic,2.3,10795,179.0,,2,1.0,Full Service,,Sedan,FWD,34.0,FL,15091,153
Mercedes-Benz,E-Class,2020,Petrol,Automatic,2.4,48494,193.0,186.0,2,,Partial Service,Silver,Sedan,AWD,28.0,MI,38226,81
Nissan,Rogue,2020,Petrol,,2.6,49277,206.0,209.0,2,0.0,Partial Service,White,SUV,AWD,39.0,,17596,81
Chevrolet,Silverado,2017,Petrol,Automatic,4.3,134634,,,2,0.0,Full Service,Silver,Truck,4WD,18.0,NY,12937,117
Chevrolet,Tahoe,2016,Hybrid,Automatic,,165806,,249.0,3,,No Service,Green,SUV,AWD,29.0,GA,15918,129
Chevrolet,Silverado,2017,Petrol,Automatic,3.3,80014,,214.0,2,1.0,Partial Service,Green,Truck,4WD,,TX,12005,117
BMW,X3,2016,Petrol,Automatic,2.5,119385,194.0,191.0,2,1.0,Full Service,,SUV,AWD,31.0,NY,15675,129
Mercedes-Benz,GLC,2021,Petrol,Automatic,2.3,52850,177.0,176.0,1,0.0,,,SUV,AWD,33.0,,28570,69
Hyundai,Santa Fe,2020,Petrol,Automatic,2.9,48939,226.0,,1,1.0,Full Service,Black,SUV,FWD,24.0,MI,16645,81
Volkswagen,Tiguan,2011,Petrol,Manual,3.5,86098,256.0,257.0,2,,Full Service,Red,SUV,RWD,24.0,MI,4149,189
Mercedes-Benz,E-Class,2014,Petrol,Automatic,1.5,183054,,93.0,2,1.0,Full Service,,Sedan,FWD,40.0,MI,11908,153
Mercedes-Benz,E-Class,2006,Petrol,Manual,1.6,197710,138.0,,5,0.0,Partial Service,Green,Sedan,AWD,38.0,TX,2576,249
Volkswagen,Passat,2023,Petrol,,,23965,135.0,124.0,1,0.0,Full Service,Black,Sedan,AWD,34.0,IL,22781,45
Honda,Civic,2014,Hybrid,Automatic,1.9,120265,153.0,144.0,1,0.0,,Green,Sedan,AWD,,,3373,153
Nissan,Pathfinder,2024,Petrol,Automatic,2.7,1977,,193.0,1,0.0,Partial Service,Red,SUV,AWD,32.0,GA,32964,33
Toyota,Highlander,2010,Petrol,Automatic,2.1,28618,170.0,135.0,2,1.0,,Blue,SUV,AWD,34.0,,8239,201
Volkswagen,Passat,2011,Petrol,Manual,1.4,267066,115.0,100.0,2,1.0,Partial Service,White,Sedan,FWD,35.0,,500,189
Honda,Pilot,2016,Petrol,Automatic,3.2,121102,,,1,1.0,Partial Service,,SUV,FWD,21.0,,11345,129
Chevrolet,Malibu,2006,Hybrid,Automatic,1.8,176985,135.0,120.0,3,1.0,Full Service,Brown,Sedan,FWD,47.0,TX,500,249
Honda,CR-V,2020,Petrol,Automatic,2.9,58591,237.0,,1,1.0,No Service,Brown,SUV,FWD,28.0,IL,12954,81
Chevrolet,Silverado,2005,Petrol,,5.1,127242,,353.0,5,1.0,No Service,Silver,Truck,4WD,10.0,NC,500,261
Volkswagen,Tiguan,2019,Diesel,Automatic,3.5,77396,275.0,279.0,3,1.0,Partial Service,,SUV,AWD,21.0,FL,12230,93
Nissan,Sentra,2007,Petrol,Automatic,,264597,123.0,116.0,5,,Partial Service,Black,Sedan,FWD,43.0,PA,500,237
Chevrolet,Malibu,2014,Petrol,Automatic,2.3,100308,179.0,,2,1.0,,,Sedan,FWD,28.0,OH,4106,153
Nissan,Pathfinder,2019,Petrol,Automatic,2.9,56730,233.0,,2,0.0,Partial Service,,SUV,AWD,30.0,NC,18720,93
Ford,Explorer,2018,Petrol,Automatic,2.3,87938,,194.0,1,1.0,No Service,Red,SUV,AWD,31.0,IL,12324,105
Volkswagen,Passat,2015,Petrol,Automatic,2.0,215615,157.0,146.0,2,1.0,Full Service,White,Sedan,FWD,32.0,,1840,141
Volkswagen,Golf,2018,Petrol,,,130237,115.0,117.0,2,0.0,Partial Service,Green,Hatchback,AWD,40.0,CA,9973,105
Chevrolet,Malibu,2018,Hybrid,Automatic,2.2,92630,181.0,175.0,2,0.0,No Service,Blue,Sedan,FWD,,FL,8569,105
Volkswagen,Golf,2012,Petrol,Automatic,2.2,208386,159.0,154.0,3,1.0,No Service,Green,Hatchback,FWD,37.0,MI,500,177
Ford,Escape,2018,Petrol,Automatic,2.6,100,198.0,189.0,2,,Partial Service,Brown,SUV,AWD,34.0,PA,13547,105
Chevrolet,Tahoe,2023,Petrol,Automatic,2.2,6484,172.0,153.0,1,0.0,Partial Service,Green,SUV,AWD,34.0,OH,45533,45
Ford,F-150,2022,Petrol,Automatic,4.5,46506,347.0,,1,0.0,Partial Service,Blue,Truck,4WD,11.0,NY,25230,57
Hyundai,Santa Fe,2014,Petrol,Automatic,2.5,137091,188.0,182.0,2,,Full Service,White,SUV,AWD,29.0,CA,6288,153
Honda,Accord,2014,Petrol,Automatic,,140573,,168.0,2,0.0,Partial Service,Green,Sedan,FWD,35.0,MI,4366,153
Nissan,Rogue,2010,Petrol,Automatic,2.8,100,215.0,199.0,3,,Partial Service,Gray,SUV,AWD,23.0,TX,7428,201
Nissan,Sentra,2013,Petrol,Automatic,2.4,75018,196.0,205.0,3,1.0,Partial Service,Brown,Sedan,FWD,30.0,TX,3431,165
Audi,A6,2014,Petrol,Automatic,2.2,267691,,170.0,1,1.0,Full Service,Black,Sedan,AWD,35.0,CA,9878,153
Nissan,Sentra,2014,Petrol,Automatic,2.1,150294,164.0,160.0,2,1.0,No Service,Silver,Sedan,FWD,,NY,908,153
Toyota,RAV4,2005,Petrol,Manual,3.5,358532,,248.0,4,0.0,,,SUV,AWD,22.0,PA,500,261
Audi,A4,2024,Petrol,Automatic,2.1,4119,167.0,166.0,1,0.0,No Service,,Sedan,FWD,39.0,IL,36319,33
Chevrolet,Equinox,2005,Petrol,Automatic,2.3,254541,178.0,176.0,5,1.0,Partial Service,,SUV,AWD,35.0,OH,500,261
Mercedes-Benz,E-Class,2016,Petrol,Automatic,1.5,127035,123.0,114.0,2,0.0,Partial Service,Green,Sedan,AWD,39.0,GA,20591,129
Toyota,Camry,2010,Petrol,Automatic,1.5,123573,126.0,131.0,4,0.0,Full Service,Brown,Sedan,AWD,41.0,PA,1567,201
Chevrolet,Tahoe,2006,Petrol,Automatic,,300560,,,3,,Full Service,Green,SUV,RWD,26.0,GA,500,249
Toyota,Highlander,2011,Petrol,Manual,2.6,225308,195.0,,3,1.0,,Brown,SUV,AWD,33.0,CA,500,189
Ford,Mustang,2014,Petrol,Automatic,2.7,132342,214.0,214.0,3,0.0,Full Service,Red,Coupe,RWD,24.0,OH,5081,153
Hyundai,Sonata,2023,Petrol,Automatic,1.5,27514,,122.0,1,,Full Service,Green,Sedan,FWD,,,22215,45
Honda,Accord,2017,Petrol,Automatic,2.1,77220,157.0,129.0,1,0.0,Full Service,,Sedan,AWD,,OH,11106,117
Volkswagen,Atlas,2019,Diesel,,2.1,63154,,174.0,1,0.0,No Service,Silver,SUV,AWD,31.0,MI,16975,93
Nissan,Sentra,2021,Electric,Automatic,0.0,40952,363.0,399.0,1,0.0,Full Service,Red,Sedan,FWD,117.0,,13539,69
Nissan,Rogue,2012,Petrol,Automatic,2.8,43033,212.0,198.0,3,1.0,Partial Service,Gray,SUV,FWD,,CA,6594,177
Mercedes-Benz,GLE,2012,Petrol,,,196734,234.0,236.0,2,0.0,,Red,SUV,AWD,,IL,11355,177
Audi,Q7,2024,Diesel,,3.0,100,246.0,229.0,1,0.0,Full Service,Black,SUV,AWD,23.0,NC,65083,33
Honda,Pilot,2020,Petrol,,,15148,169.0,,1,0.0,,Blue,SUV,AWD,37.0,FL,25445,81
Nissan,Altima,2024,Petrol,Automatic,2.4,2823,180.0,159.0,1,0.0,No Service,Red,Sedan,FWD,30.0,FL,21417,33
Hyundai,Elantra,2010,Petrol,Automatic,1.7,178447,,113.0,4,1.0,Partial Service,Silver,Sedan,FWD,30.0,,500,201
Chevrolet,Malibu,2006,Petrol,,2.5,285461,195.0,194.0,4,1.0,Full Service,White,Sedan,FWD,25.0,CA,500,249
Honda,Pilot,2021,Diesel,Automatic,2.2,45477,164.0,162.0,1,,Partial Service,Blue,SUV,AWD,36.0,CA,24973,69
Volkswagen,Atlas,2018,Petrol,Automatic,3.3,60063,264.0,243.0,1,0.0,Full Service,Green,SUV,AWD,23.0,,20281,105
Mercedes-Benz,GLC,2024,Petrol,Automatic,2.1,100,161.0,,1,0.0,Partial Service,White,SUV,AWD,31.0,OH,46475,33
BMW,5 Series,2008,Petrol,Automatic,2.1,212390,180.0,,2,1.0,Partial Service,Gray,Sedan,AWD,,PA,3154,225
Audi,A6,2022,Diesel,Automatic,1.6,3416,,129.0,1,0.0,,Red,Sedan,AWD,,NY,41754,57
Chevrolet,Tahoe,2023,Petrol,Automatic,,4044,227.0,219.0,1,0.0,No Service,,SUV,AWD,33.0,,43514,45
Chevrolet,Malibu,2020,Diesel,Automatic,2.3,44377,,,1,0.0,Full Service,White,Sedan,AWD,,PA,15005,81
Nissan,Rogue,2007,Petrol,Manual,3.2,178612,,,5,1.0,,Green,SUV,RWD,,OH,500,237
Ford,Mustang,2024,Hybrid,Automatic,4.7,100,355.0,340.0,1,0.0,Partial Service,Brown,Coupe,RWD,35.0,,27930,33
BMW,5 Series,2007,Petrol,Automatic,2.5,224206,198.0,206.0,4,1.0,Full Service,Blue,Sedan,AWD,,IL,1823,237
Hyundai,Santa Fe,2023,Petrol,Automatic,,24463,248.0,235.0,1,0.0,Full Service,Black,SUV,AWD,27.0,CA,28095,45
Hyundai,Elantra,2005,Petrol,Automatic,2.0,289564,138.0,133.0,5,1.0,Partial Service,White,Sedan,FWD,,GA,500,261
Chevrolet,Silverado,2010,Petrol,Manual,4.0,54901,300.0,280.0,4,1.0,Full Service,,Truck,4WD,24.0,NY,6455,201
Honda,CR-V,2013,Petrol,Automatic,3.2,156652,241.0,216.0,3,1.0,,Red,SUV,AWD,26.0,,2842,165
Toyota,Corolla,2022,Petrol,Automatic,1.6,2401,,147.0,1,,,Black,Sedan,FWD,38.0,MI,17252,57
Volkswagen,Passat,2010,Petrol,Automatic,2.1,84211,166.0,169.0,3,1.0,Partial Service,Blue,Sedan,FWD,28.0,FL,3381,201
Hyundai,Tucson,2023,Diesel,Automatic,,100,245.0,223.0,1,0.0,No Service,,SUV,FWD,24.0,,22851,45
Audi,A4,2017,Petrol,Automatic,2.0,64829,,140.0,2,0.0,Partial Service,Brown,Sedan,FWD,34.0,OH,19207,117
Chevrolet,Equinox,2023,Petrol,Automatic,,19034,,156.0,1,0.0,Full Service,Green,SUV,FWD,33.0,MI,22929,45
Honda,CR-V,2012,Petrol,Automatic,,67872,234.0,,4,,Full Service,,SUV,AWD,25.0,FL,5831,177
BMW,3 Series,2018,Hybrid,Automatic,,10510,178.0,172.0,1,,Partial Service,Brown,Sedan,FWD,44.0,GA,22583,105
Nissan,Rogue,2024,Petrol,Automatic,2.7,2961,205.0,170.0,1,0.0,No Service,,SUV,AWD,,FL,25781,33
Toyota,Highlander,2017,Hybrid,Automatic,2.6,97960,,203.0,1,,Full Service,,SUV,AWD,41.0,MI,14538,117
Ford,Explorer,2011,Petrol,Automatic,2.2,100,,157.0,1,1.0,Full Service,Green,SUV,AWD,30.0,FL,10029,189
Mercedes-Benz,GLC,2020,Electric,,,99517,368.0,404.0,1,0.0,Full Service,White,SUV,AWD,97.0,GA,30288,81
Volkswagen,Passat,2009,Petrol,Automatic,2.2,179023,,,3,0.0,Full Service,,Sedan,FWD,35.0,CA,500,213
Nissan,Sentra,2007,Petrol,Automatic,1.5,190641,117.0,121.0,4,1.0,Partial Service,Silver,Sedan,FWD,38.0,MI,500,237
Honda,Civic,2020,Hybrid,Automatic,2.3,63064,,186.0,1,0.0,No Service,White,Sedan,FWD,43.0,PA,11103,81
Nissan,Pathfinder,2006,Diesel,Manual,2.0,68889,175.0,161.0,4,1.0,Full Service,,SUV,AWD,39.0,PA,3603,249
BMW,5 Series,2009,Petrol,Automatic,2.5,263467,194.0,168.0,3,,No Service,Silver,Sedan,FWD,32.0,,2365,213
Volkswagen,Atlas,2006,Diesel,,2.9,272253,232.0,225.0,4,1.0,Partial Service,Brown,SUV,FWD,31.0,TX,500,249
BMW,3 Series,2012,Petrol,,,211217,,,4,0.0,Partial Service,Brown,Sedan,FWD,41.0,TX,4421,177
Ford,F-150,2015,Petrol,Automatic,3.5,216169,275.0,,2,0.0,Partial Service,White,Truck,4WD,27.0,MI,4452,141
Volkswagen,Passat,2023,Hybrid,Automatic,,32523,151.0,145.0,1,0.0,,,Sedan,FWD,43.0,NC,24495,45
Volkswagen,Atlas,2005,Petrol,Manual,,269851,211.0,206.0,4,,Full Service,Red,SUV,FWD,25.0,FL,500,261
Hyundai,Elantra,2011,Petrol,Manual,2.0,117926,168.0,,2,1.0,Partial Service,,Sedan,FWD,31.0,PA,683,189
Audi,Q7,2013,Petrol,Automatic,2.6,218930,195.0,167.0,2,,Full Service,Blue,SUV,AWD,,,13210,165
BMW,5 Series,2014,Petrol,Automatic,1.4,104277,97.0,98.0,3,0.0,Full Service,Green,Sedan,FWD,44.0,PA,18138,153
Volkswagen,Atlas,2016,Petrol,,3.3,114119,267.0,262.0,3,1.0,,Silver,SUV,RWD,23.0,GA,10195,129
Nissan,Altima,2017,Petrol,Automatic,,52375,185.0,164.0,2,0.0,,Green,Sedan,FWD,28.0,IL,11083,117
Mercedes-Benz,GLC,2023,Diesel,,3.1,19403,228.0,223.0,1,0.0,Full Service,Blue,SUV,AWD,26.0,CA,43801,45
Audi,Q7,2019,Petrol,Automatic,2.1,39194,163.0,146.0,1,0.0,Full Service,Gray,SUV,AWD,,NC,38638,93
Ford,Escape,2014,Diesel,Automatic,3.5,61104,250.0,242.0,1,0.0,,Black,SUV,AWD,,CA,7477,153
Hyundai,Elantra,2008,Petrol,Automatic,2.4,159081,194.0,160.0,4,1.0,Partial Service,Blue,Sedan,FWD,28.0,GA,500,225
BMW,X5,2007,Petrol,Automatic,3.3,221019,272.0,250.0,4,1.0,No Service,Gray,SUV,FWD,,,2356,237
Chevrolet,Tahoe,2024,Petrol,Automatic,,100,223.0,210.0,1,0.0,,,SUV,AWD,,,50100,33
Hyundai,Tucson,2014,Petrol,,3.4,37160,264.0,252.0,2,1.0,No Service,,SUV,AWD,21.0,MI,7258,153
Ford,Mustang,2009,Petrol,,4.4,90396,329.0,295.0,4,,Partial Service,,Coupe,RWD,16.0,NY,2840,213
Audi,A4,2023,Hybrid,Automatic,2.3,100,,184.0,1,0.0,No Service,Red,Sedan,FWD,39.0,GA,33102,45
Volkswagen,Passat,2010,Petrol,Automatic,1.7,74977,,147.0,4,0.0,Full Service,,Sedan,AWD,37.0,CA,4715,201
Chevrolet,Silverado,2011,Petrol,Automatic,5.2,169678,373.0,348.0,4,0.0,Full Service,White,Truck,4WD,13.0,IL,3115,189
Hyundai,Elantra,2015,Petrol,Automatic,1.5,127493,134.0,128.0,2,1.0,Full Service,Brown,Sedan,FWD,38.0,NY,2562,141
Nissan,Altima,2016,Petrol,Automatic,2.3,187316,175.0,171.0,1,,Full Service,Blue,Sedan,FWD,,PA,2611,129
Hyundai,Elantra,2023,Hybrid,Automatic,1.6,15718,133.0,117.0,1,0.0,,Blue,Sedan,FWD,55.0,CA,16477,45
Honda,Civic,2018,Petrol,Automatic,2.0,103199,150.0,151.0,3,1.0,,Gray,Sedan,FWD,32.0,FL,5392,105
Chevrolet,Silverado,2023,Petrol,Automatic,4.9,7998,363.0,,1,0.0,Partial Service,Silver,Truck,RWD,19.0,MI,29335,45
Honda,Civic,2023,Petrol,Automatic,,10531,131.0,135.0,1,,,Silver,Sedan,FWD,,,17868,45
Chevrolet,Silverado,2021,Petrol,Automatic,4.3,32801,342.0,320.0,1,0.0,Full Service,White,Truck,4WD,20.0,IL,26935,69
Mercedes-Benz,GLC,2011,Petrol,Automatic,2.8,250642,236.0,219.0,4,0.0,Partial Service,Black,SUV,FWD,28.0,TX,2957,189
Mercedes-Benz,GLC,2014,Petrol,Automatic,2.2,65475,176.0,174.0,3,1.0,,Blue,SUV,AWD,35.0,PA,13334,153
Chevrolet,Silverado,2020,Diesel,Automatic,3.7,37211,,256.0,2,0.0,Partial Service,White,Truck,4WD,18.0,GA,21369,81
BMW,5 Series,2006,Petrol,Automatic,1.9,76958,146.0,122.0,4,1.0,,Green,Sedan,AWD,38.0,OH,6189,249
Audi,A4,2022,Petrol,Automatic,2.1,12331,165.0,,1,0.0,,Blue,Sedan,FWD,34.0,OH,30713,57
BMW,5 Series,2005,Petrol,Automatic,2.5,292027,182.0,,5,0.0,Partial Service,Red,Sedan,AWD,,,500,261
Nissan,Altima,2005,Petrol,Automatic,2.3,150260,187.0,192.0,4,0.0,Partial Service,Blue,Sedan,AWD,,OH,500,261
Mercedes-Benz,C-Class,2022,Hybrid,Automatic,,100,168.0,140.0,1,0.0,No Service,Red,Sedan,FWD,50.0,MI,31702,57
Hyundai,Santa Fe,2012,Petrol,Automatic,2.5,134195,196.0,,3,1.0,Partial Service,Gray,SUV,AWD,26.0,GA,4133,177
Nissan,Altima,2018,Electric,Automatic,0.0,44448,310.0,341.0,2,,Partial Service,Silver,Sedan,FWD,119.0,OH,11342,105
Chevrolet,Silverado,2022,Petrol,Automatic,,35403,,,1,0.0,Partial Service,White,Truck,4WD,14.0,CA,26451,57
Mercedes-Benz,GLE,2014,Petrol,Automatic,2.7,128733,208.0,196.0,4,,Full Service,Brown,SUV,AWD,,CA,20343,153
Ford,Mustang,2019,Petrol,Automatic,,117951,275.0,246.0,1,1.0,,Brown,Coupe,RWD,23.0,CA,10791,93
Audi,Q7,2021,Petrol,Automatic,3.3,3459,248.0,231.0,1,0.0,Partial Service,Green,SUV,AWD,23.0,OH,48809,69
Audi,A4,2010,Petrol,Automatic,1.5,197498,138.0,126.0,4,0.0,Full Service,White,Sedan,FWD,44.0,PA,2326,201
Audi,Q5,2012,Petrol,,2.7,134250,226.0,234.0,3,0.0,Full Service,Black,SUV,RWD,,,9162,177
Ford,Mustang,2014,Petrol,Automatic,,188793,,275.0,3,,Partial Service,Black,Coupe,RWD,,NC,1857,153
Toyota,Corolla,2014,Petrol,Automatic,1.5,77970,122.0,,2,0.0,No Service,White,Sedan,FWD,33.0,,4316,153
Honda,Pilot,2021,Petrol,,2.7,34606,204.0,192.0,1,0.0,Full Service,Brown,SUV,AWD,27.0,TX,30143,69
Hyundai,Santa Fe,2005,Petrol,Manual,3.0,204319,233.0,223.0,4,0.0,Full Service,Silver,SUV,AWD,26.0,PA,500,261
Audi,Q7,2014,Petrol,Automatic,2.5,102678,199.0,190.0,1,1.0,No Service,,SUV,FWD,30.0,,21838,153
Chevrolet,Silverado,2012,Petrol,Automatic,5.5,52567,407.0,390.0,3,0.0,Full Service,Black,Truck,4WD,10.0,CA,9078,177
Toyota,Corolla,2009,Petrol,Automatic,2.3,272045,174.0,164.0,3,0.0,Full Service,,Sedan,FWD,,MI,500,213
Nissan,Rogue,2024,Petrol,,3.5,1386,,,1,0.0,No Service,,SUV,FWD,25.0,IL,24024,33
Audi,A4,2009,Diesel,Automatic,1.9,378005,158.0,167.0,4,1.0,Partial Service,,Sedan,FWD,33.0,FL,500,213
Hyundai,Elantra,2021,Petrol,Automatic,2.0,39524,161.0,,1,0.0,Partial Service,Black,Sedan,FWD,40.0,GA,12627,69
Toyota,Highlander,2007,Petrol,Automatic,3.1,163474,225.0,213.0,4,,Full Service,White,SUV,FWD,25.0,TX,500,237
Volkswagen,Golf,2024,Petrol,Automatic,,1722,171.0,165.0,1,0.0,Full Service,Green,Hatchback,FWD,36.0,FL,27103,33
Ford,Escape,2021,Diesel,Automatic,2.2,70378,163.0,162.0,1,0.0,Full Service,Red,SUV,AWD,36.0,,18000,69
Hyundai,Santa Fe,2009,Petrol,Automatic,,114411,262.0,245.0,2,,No Service,Brown,SUV,FWD,,TX,2561,213
Hyundai,Santa Fe,2018,Petrol,Automatic,2.3,114764,,165.0,2,1.0,Partial Service,Green,SUV,AWD,,TX,11490,105
Chevrolet,Silverado,2019,Petrol,Automatic,3.4,34191,287.0,274.0,1,0.0,Full Service,Green,Truck,4WD,24.0,,21083,93
Honda,Accord,2006,Petrol,Manual,2.0,346338,165.0,178.0,2,1.0,Partial Service,Red,Sedan,FWD,35.0,OH,500,249
Nissan,Sentra,2024,Petrol,Automatic,2.2,100,170.0,161.0,1,0.0,,Red,Sedan,FWD,40.0,TX,18654,33
Hyundai,Sonata,2015,Petrol,Automatic,1.9,78896,155.0,154.0,2,0.0,Full Service,Green,Sedan,FWD,37.0,TX,7903,141
Toyota,Corolla,2018,Hybrid,,,79159,194.0,172.0,2,0.0,No Service,White,Sedan,FWD,41.0,CA,7471,105
Nissan,Altima,2020,Petrol,Automatic,,90030,,140.0,1,0.0,Partial Service,,Sedan,FWD,37.0,,13685,81
Chevrolet,Tahoe,2008,Diesel,,2.9,120711,224.0,220.0,2,1.0,,White,SUV,AWD,29.0,NY,6074,225
Audi,A6,2009,Petrol,Manual,2.2,186965,179.0,165.0,4,1.0,Full Service,,Sedan,AWD,34.0,GA,8102,213
Toyota,RAV4,2012,Petrol,Automatic,2.5,72364,200.0,189.0,2,0.0,No Service,Gray,SUV,FWD,25.0,OH,5224,177
Audi,Q7,2012,Petrol,Automatic,2.7,184688,205.0,194.0,3,,Partial Service,Green,SUV,AWD,28.0,,9673,177
Hyundai,Santa Fe,2016,Petrol,,3.1,164020,224.0,,1,1.0,Full Service,Black,SUV,RWD,29.0,OH,6907,129
Hyundai,Elantra,2012,Petrol,Automatic,,60137,160.0,177.0,3,1.0,Full Service,Green,Sedan,FWD,32.0,,3514,177
Audi,A4,2011,Petrol,Automatic,2.4,199367,187.0,171.0,3,1.0,Partial Service,Blue,Sedan,FWD,30.0,,2655,189
Mercedes-Benz,GLC,2019,Petrol,Automatic,3.2,60908,231.0,228.0,1,1.0,Full Service,Gray,SUV,FWD,27.0,MI,27071,93
Chevrolet,Malibu,2020,Electric,Automatic,,44591,353.0,388.0,3,,Full Service,Red,Sedan,FWD,101.0,FL,10818,81
Nissan,Altima,2015,Electric,Automatic,0.0,139030,325.0,357.0,2,1.0,Full Service,Silver,Sedan,AWD,94.0,PA,3928,141
Mercedes-Benz,GLC,2016,Petrol,Automatic,3.3,103467,254.0,236.0,2,1.0,No Service,White,SUV,FWD,22.0,GA,13961,129
Toyota,Camry,2023,Petrol,Automatic,2.2,100,183.0,160.0,1,0.0,Full Service,Gray,Sedan,FWD,37.0,CA,25144,45
Chevrolet,Silverado,2018,Petrol,Automatic,,67917,,,3,0.0,Full Service,Gray,Truck,RWD,21.0,,16093,105
Audi,A6,2014,Petrol,Automatic,,145008,173.0,151.0,3,1.0,Full Service,Gray,Sedan,FWD,34.0,IL,14723,153
Toyota,RAV4,2020,Petrol,Automatic,2.4,53168,202.0,,1,0.0,Full Service,Red,SUV,AWD,29.0,PA,18024,81
Nissan,Sentra,2017,Petrol,Automatic,2.2,98542,174.0,178.0,2,0.0,Partial Service,Blue,Sedan,AWD,36.0,FL,6308,117
BMW,5 Series,2014,Petrol,Automatic,,168696,160.0,178.0,2,1.0,Full Service,Red,Sedan,FWD,37.0,OH,11947,153
Toyota,Corolla,2018,Diesel,Automatic,1.8,97791,163.0,153.0,2,1.0,Full Service,Red,Sedan,FWD,39.0,IL,6366,105
Honda,Civic,2005,Petrol,,2.4,247278,203.0,184.0,5,0.0,Partial Service,Silver,Sedan,FWD,34.0,CA,500,261
Audi,A6,2011,Petrol,Automatic,,104841,184.0,171.0,3,0.0,No Service,,Sedan,FWD,34.0,OH,11934,189
Hyundai,Santa Fe,2009,Hybrid,Automatic,2.3,17577,185.0,186.0,5,0.0,No Service,Red,SUV,FWD,,GA,7434,213
Audi,Q7,2023,Hybrid,Automatic,2.6,10624,190.0,,1,,Full Service,Green,SUV,FWD,36.0,OH,56102,45
Chevrolet,Tahoe,2008,Petrol,Automatic,2.1,220631,156.0,141.0,4,0.0,Full Service,,SUV,AWD,36.0,IL,2018,225
Audi,Q7,2011,Petrol,Automatic,2.0,45652,166.0,164.0,3,1.0,,White,SUV,AWD,35.0,OH,13763,189
Toyota,Highlander,2012,Diesel,,3.4,236021,257.0,236.0,3,1.0,,Blue,SUV,AWD,27.0,NY,818,177
Toyota,RAV4,2015,Petrol,Automatic,2.2,174322,173.0,168.0,2,0.0,Partial Service,Blue,SUV,FWD,37.0,MI,4467,141
BMW,5 Series,2024,Hybrid,Automatic,1.8,10755,153.0,135.0,1,0.0,Full Service,Red,Sedan,FWD,49.0,CA,61491,33
Mercedes-Benz,E-Class,2012,Diesel,,1.5,221303,138.0,140.0,3,0.0,Full Service,Blue,Sedan,FWD,40.0,IL,9913,177
Honda,Accord,2008,Hybrid,,,217524,165.0,167.0,4,,Full Service,Blue,Sedan,AWD,,PA,500,225
Audi,Q7,2007,Petrol,Automatic,,394889,239.0,234.0,4,1.0,Full Service,Gray,SUV,AWD,26.0,PA,500,237
Nissan,Altima,2007,Petrol,Manual,,252580,175.0,185.0,4,1.0,,Blue,Sedan,FWD,35.0,MI,500,237
Volkswagen,Golf,2014,Petrol,Automatic,,204505,149.0,160.0,4,0.0,Partial Service,Red,Hatchback,FWD,35.0,TX,500,153
Volkswagen,Golf,2019,Petrol,Automatic,1.5,34509,127.0,127.0,2,0.0,Full Service,,Hatchback,AWD,33.0,FL,14480,93
Mercedes-Benz,C-Class,2024,Petrol,Automatic,1.9,5240,133.0,135.0,1,0.0,No Service,,Sedan,FWD,35.0,TX,39477,33
Chevrolet,Silverado,2024,Hybrid,Automatic,,100,352.0,319.0,1,0.0,Partial Service,Green,Truck,4WD,24.0,PA,32635,33
Chevrolet,Tahoe,2005,Petrol,Automatic,2.5,173757,202.0,200.0,5,0.0,No Service,,SUV,AWD,33.0,IL,1352,261
Hyundai,Elantra,2013,Petrol,Automatic,1.7,126637,134.0,117.0,2,1.0,Partial Service,White,Sedan,FWD,39.0,IL,1383,165
Hyundai,Sonata,2010,Diesel,Automatic,2.2,216786,180.0,178.0,3,1.0,Partial Service,Silver,Sedan,FWD,32.0,,500,201
Audi,A6,2007,Petrol,Manual,2.0,333210,148.0,152.0,4,1.0,Full Service,Black,Sedan,FWD,29.0,OH,500,237
Volkswagen,Tiguan,2011,Petrol,Automatic,2.2,97121,191.0,192.0,3,0.0,,Brown,SUV,AWD,31.0,,4749,189
Toyota,Highlander,2008,Petrol,Manual,2.6,133662,186.0,182.0,5,1.0,Partial Service,Brown,SUV,AWD,,,1992,225
Honda,Civic,2016,Petrol,,2.4,122417,190.0,177.0,2,,Full Service,Green,Sedan,FWD,27.0,FL,4258,129
Chevrolet,Tahoe,2017,Petrol,Automatic,2.7,101615,227.0,206.0,2,1.0,Partial Service,Black,SUV,AWD,23.0,PA,17076,117
Nissan,Sentra,2010,Diesel,Manual,2.3,188923,187.0,162.0,4,1.0,Partial Service,White,Sedan,FWD,29.0,,500,201
Nissan,Sentra,2018,Hybrid,Automatic,1.4,51669,108.0,98.0,1,1.0,Partial Service,Black,Sedan,FWD,60.0,NY,8281,105
Audi,A6,2023,Petrol,Automatic,1.7,29061,144.0,125.0,1,0.0,Partial Service,White,Sedan,FWD,34.0,CA,51146,45
Nissan,Pathfinder,2018,Electric,Automatic,0.0,43474,323.0,355.0,2,0.0,No Service,White,SUV,AWD,92.0,,17420,105
Audi,A4,2015,Petrol,Automatic,2.3,101011,191.0,168.0,2,1.0,Full Service,White,Sedan,FWD,37.0,GA,11952,141
Honda,Civic,2011,Petrol,Automatic,1.9,218454,,159.0,4,1.0,,,Sedan,FWD,34.0,NC,500,189
Audi,A4,2022,Petrol,Automatic,1.8,40175,143.0,121.0,1,0.0,Partial Service,Brown,Sedan,FWD,30.0,,33096,57
Hyundai,Tucson,2007,Petrol,Automatic,3.3,133566,,,3,0.0,No Service,Red,SUV,FWD,27.0,NC,500,237
Honda,Accord,2006,Petrol,Automatic,1.9,316569,154.0,149.0,3,1.0,,,Sedan,FWD,,FL,500,249
Chevrolet,Malibu,2005,Petrol,,1.9,287555,140.0,,4,0.0,Full Service,Red,Sedan,FWD,38.0,MI,500,261
BMW,X3,2021,Hybrid,Automatic,2.5,46477,202.0,182.0,1,1.0,Full Service,Brown,SUV,AWD,,,27725,69
Volkswagen,Passat,2014,Petrol,Automatic,1.4,1508,109.0,114.0,3,0.0,Full Service,Silver,Sedan,AWD,38.0,IL,11728,153
Mercedes-Benz,C-Class,2021,Petrol,Automatic,1.7,33493,151.0,135.0,1,0.0,Full Service,Gray,Sedan,FWD,38.0,MI,34168,69
Honda,Pilot,2013,Petrol,Automatic,2.2,245276,171.0,161.0,3,,No Service,Brown,SUV,AWD,,NC,1600,165
Toyota,Highlander,2015,Hybrid,Automatic,3.2,100,240.0,232.0,3,0.0,No Service,Brown,SUV,AWD,28.0,PA,15702,141
Honda,Accord,2023,Hybrid,Automatic,1.7,26707,146.0,134.0,1,0.0,No Service,Red,Sedan,FWD,53.0,CA,20661,45
Mercedes-Benz,C-Class,2020,Petrol,Automatic,,36834,172.0,173.0,3,1.0,No Service,Brown,Sedan,FWD,32.0,FL,20381,81
Volkswagen,Passat,2006,Petrol,,1.7,270733,131.0,,3,0.0,No Service,Blue,Sedan,FWD,37.0,NC,500,249
Honda,CR-V,2024,Petrol,Automatic,3.2,116,,227.0,1,0.0,Full Service,,SUV,AWD,26.0,,30341,33
Ford,F-150,2015,Electric,Automatic,0.0,116347,322.0,354.0,3,0.0,Partial Service,Blue,Truck,RWD,97.0,OH,8831,141
Toyota,RAV4,2006,Petrol,Automatic,2.2,192022,154.0,,4,,No Service,Green,SUV,FWD,30.0,,500,249
Nissan,Pathfinder,2013,Petrol,Automatic,,84661,247.0,227.0,2,1.0,No Service,Blue,SUV,AWD,24.0,NC,7021,165
BMW,X3,2009,Petrol,,3.0,149113,239.0,227.0,2,0.0,Full Service,Black,SUV,AWD,20.0,OH,5378,213
BMW,5 Series,2024,Petrol,Automatic,1.9,100,,141.0,1,0.0,Full Service,Black,Sedan,AWD,37.0,NY,51990,33
BMW,5 Series,2017,Petrol,Automatic,2.4,64814,175.0,164.0,1,,Full Service,Brown,Sedan,FWD,35.0,OH,24550,117
Volkswagen,Atlas,2006,Petrol,Manual,,281724,248.0,,4,0.0,Partial Service,White,SUV,AWD,23.0,FL,500,249
Honda,Accord,2012,Diesel,Automatic,2.3,194577,189.0,179.0,3,0.0,Full Service,Gray,Sedan,FWD,29.0,FL,500,177
Ford,Escape,2007,Petrol,Manual,2.5,307799,200.0,205.0,4,0.0,Partial Service,White,SUV,FWD,29.0,PA,500,237
Audi,A6,2008,Petrol,Manual,1.7,339010,139.0,117.0,3,1.0,Partial Service,,Sedan,FWD,36.0,NC,500,225
Hyundai,Sonata,2016,Hybrid,Automatic,2.3,123724,189.0,184.0,2,1.0,No Service,Blue,Sedan,FWD,40.0,CA,5065,129
Chevrolet,Equinox,2018,Petrol,Automatic,2.2,130453,197.0,187.0,1,,,Blue,SUV,AWD,34.0,MI,8184,105
Ford,Escape,2010,Petrol,Automatic,3.1,232552,236.0,220.0,2,,Full Service,Blue,SUV,FWD,27.0,CA,500,201
Toyota,Corolla,2012,Diesel,Automatic,1.6,204186,142.0,127.0,3,0.0,Full Service,Gray,Sedan,AWD,36.0,OH,500,177
Audi,Q5,2015,Petrol,Automatic,2.1,113486,188.0,174.0,2,1.0,Partial Service,Green,SUV,FWD,32.0,MI,13371,141
Volkswagen,Tiguan,2022,Petrol,Automatic,,38923,175.0,163.0,1,0.0,Partial Service,Gray,SUV,AWD,32.0,FL,21698,57
Hyundai,Sonata,2023,Petrol,Automatic,1.5,100,,115.0,1,0.0,Partial Service,,Sedan,FWD,38.0,,22407,45
Hyundai,Santa Fe,2008,Petrol,Automatic,2.6,63763,,201.0,5,1.0,Partial Service,Black,SUV,FWD,34.0,IL,4417,225
Toyota,Highlander,2008,Petrol,Automatic,3.1,198311,233.0,237.0,3,0.0,Full Service,Gray,SUV,FWD,23.0,CA,500,225
Ford,F-150,2010,Petrol,,5.0,197288,366.0,356.0,4,0.0,No Service,Red,Truck,4WD,16.0,TX,500,201
Hyundai,Elantra,2017,Petrol,Automatic,1.8,127401,,136.0,3,0.0,Full Service,Silver,Sedan,FWD,37.0,PA,4683,117
Toyota,RAV4,2012,Petrol,Automatic,3.1,97887,255.0,234.0,3,1.0,No Service,,SUV,FWD,28.0,NY,3773,177
BMW,X3,2010,Diesel,Automatic,3.3,205389,246.0,226.0,4,1.0,Full Service,Black,SUV,FWD,19.0,OH,2996,201
BMW,3 Series,2013,Petrol,,2.2,144198,171.0,,3,1.0,Partial Service,,Sedan,FWD,32.0,CA,8047,165
BMW,5 Series,2015,Electric,Automatic,,72829,277.0,304.0,2,0.0,Full Service,White,Sedan,FWD,120.0,NC,23118,141
Hyundai,Elantra,2017,Petrol,Automatic,1.4,91039,102.0,103.0,2,0.0,Partial Service,Blue,Sedan,FWD,35.0,FL,6704,117
Hyundai,Elantra,2013,Petrol,Automatic,2.0,70650,,158.0,3,1.0,Full Service,White,Sedan,FWD,30.0,TX,3837,165
BMW,5 Series,2015,Hybrid,Automatic,1.8,99938,,159.0,2,0.0,No Service,White,Sedan,FWD,43.0,GA,20057,141
Volkswagen,Tiguan,2020,Petrol,Automatic,3.2,72713,257.0,251.0,1,0.0,,Black,SUV,FWD,21.0,PA,17576,81
Hyundai,Tucson,2011,Petrol,Manual,2.5,256867,169.0,165.0,2,1.0,No Service,White,SUV,AWD,29.0,GA,500,189
Volkswagen,Golf,2020,Petrol,Automatic,2.5,19323,192.0,,1,0.0,Partial Service,,Hatchback,FWD,31.0,CA,15827,81
BMW,X5,2009,Petrol,Automatic,3.0,355174,240.0,241.0,3,0.0,No Service,Brown,SUV,AWD,24.0,,500,213
Nissan,Sentra,2020,Petrol,Automatic,2.5,78707,201.0,192.0,1,,,Gray,Sedan,AWD,31.0,OH,10959,81
Audi,A6,2010,Petrol,Manual,2.1,155818,169.0,176.0,3,0.0,Full Service,Red,Sedan,FWD,41.0,FL,9714,201
Honda,Accord,2023,Petrol,Automatic,2.4,100,199.0,192.0,1,0.0,Partial Service,Green,Sedan,FWD,33.0,GA,23937,45
Honda,Civic,2018,Petrol,,1.5,104145,135.0,149.0,2,,Full Service,Blue,Sedan,FWD,37.0,MI,8043,105
Hyundai,Elantra,2019,Petrol,Automatic,2.1,69473,170.0,179.0,3,,Full Service,Silver,Sedan,AWD,35.0,GA,10226,93
Mercedes-Benz,GLC,2014,Diesel,Automatic,2.0,215782,177.0,180.0,2,1.0,Full Service,Red,SUV,AWD,,TX,7325,153
Hyundai,Santa Fe,2013,Petrol,Automatic,3.1,88507,266.0,261.0,5,0.0,No Service,Green,SUV,AWD,,,7076,165
Mercedes-Benz,E-Class,2010,Petrol,Automatic,,130651,146.0,134.0,3,1.0,,Brown,Sedan,AWD,30.0,TX,8581,201
Toyota,Corolla,2022,Petrol,Automatic,2.1,26919,,,1,0.0,No Service,White,Sedan,FWD,32.0,NY,13538,57
Chevrolet,Silverado,2015,Petrol,Automatic,4.4,114030,327.0,,2,,No Service,Green,Truck,4WD,23.0,NY,7553,141
Hyundai,Sonata,2005,Petrol,Manual,2.3,291782,187.0,174.0,4,,Partial Service,,Sedan,FWD,29.0,CA,500,261
Toyota,Corolla,2021,Petrol,Automatic,1.4,294,111.0,103.0,1,0.0,Partial Service,,Sedan,FWD,,PA,15727,69
Volkswagen,Golf,2017,Petrol,Automatic,,43812,187.0,,1,0.0,Full Service,,Hatchback,FWD,30.0,PA,11031,117
Chevrolet,Malibu,2014,Petrol,Automatic,2.2,126988,,182.0,3,1.0,No Service,Green,Sedan,AWD,34.0,TX,2529,153
Nissan,Pathfinder,2020,Petrol,Automatic,2.7,79498,212.0,204.0,1,0.0,Partial Service,Gray,SUV,AWD,24.0,OH,18345,81
BMW,5 Series,2021,Petrol,Automatic,,100,180.0,199.0,1,0.0,No Service,Black,Sedan,FWD,32.0,,40358,69
Toyota,Camry,2024,Petrol,Automatic,2.2,100,181.0,169.0,1,0.0,No Service,Gray,Sedan,FWD,30.0,,21931,33
Nissan,Pathfinder,2018,Petrol,Automatic,2.9,100,239.0,,3,1.0,,Black,SUV,AWD,27.0,IL,16431,105
Volkswagen,Tiguan,2022,Petrol,Automatic,,29506,161.0,,1,0.0,Partial Service,Black,SUV,AWD,33.0,GA,20333,57
Nissan,Pathfinder,2006,Petrol,Automatic,3.1,287332,243.0,227.0,5,1.0,No Service,Gray,SUV,AWD,,NY,500,249
BMW,X3,2013,Petrol,Automatic,2.2,95961,171.0,152.0,2,1.0,No Service,Blue,SUV,AWD,32.0,MI,9882,165
Volkswagen,Golf,2020,Hybrid,Automatic,1.5,56643,135.0,125.0,2,1.0,No Service,White,Hatchback,FWD,57.0,NY,10474,81
Chevrolet,Tahoe,2011,Petrol,Automatic,2.1,169929,168.0,158.0,3,1.0,,Gray,SUV,AWD,,MI,6193,189
